dataset,subject_id,session,run,acquisition,scan_id,branch,preprocessing_level,chronological_age_years,path,source_archive,notes,source_image,source_label,input,status,error,image_shape,label_shape,image_zooms_mm,label_zooms_mm,mask_nonzero_voxels,mask_fraction,masked_nonzero_voxels,image_sha256,label_sha256,masked_input_sha256,preprocessing_detail,source_scan_id,perturbation,perturbation_value,base_input,base_input_sha256,stability_branch,input_sha256,method,source_repo,source_commit,variant,neurofm_input,predicted_brain_age_years,predicted_sex_binary,predicted_ventricle_volume_mm3,predicted_brain_volume_mm3,claim_level,interpretation_guard,brain_age_delta_years
SIMON,SIMON,001,run-1,,ses-001_run-1_T1w,midi_simon_fastsurfer_orig,existing_fastsurfer_orig_mgz_conformed,29.69,/mnt/d/YandexDisk/kondratevakate/01_insidekatesbrain/01_my_brain_years/reprocessed_2026/foundation_models/neurofm_simon_fastsurfer_mask/masked_inputs/ses-001_run-1_T1w_neurofm_skullstripped.nii.gz,,Existing FastSurfer orig.mgz derivative; not raw SIMON BIDS/NIfTI.,/mnt/d/data/fastserfer_simon/ses-001_run-1_T1w_orig.mgz,/mnt/d/data/fastserfer_simon/ses-001_run-1_T1w_aparcDKT+aseg.mgz,/mnt/d/YandexDisk/kondratevakate/01_insidekatesbrain/01_my_brain_years/reprocessed_2026/foundation_models/neurofm_simon_fastsurfer_mask/masked_inputs/ses-001_run-1_T1w_neurofm_skullstripped.nii.gz,ok,,256x256x256,256x256x256,1x1x1,1x1x1,1237842,0.073781133,1237842,37500fbd47e275bab2a3655cab2bc45de5c0fd54cc60398818422ab46cd08120,6eab986f14563f194c26910f994cb2d59ac6235d578a2afa60a8cdcfcdcbacd5,9dd097896254e279c6e1745ad760f0169c68b75a81ad0aa301c6b5fbc6a7f0f7,stability_qc_perturbation_on_existing_masked_neurofm_input,ses-001_run-1_T1w,baseline,0,/mnt/d/YandexDisk/kondratevakate/01_insidekatesbrain/01_my_brain_years/reprocessed_2026/foundation_models/neurofm_simon_fastsurfer_mask/masked_inputs/ses-001_run-1_T1w_neurofm_skullstripped.nii.gz,9dd097896254e279c6e1745ad760f0169c68b75a81ad0aa301c6b5fbc6a7f0f7,simon_neurofm_masked_subset_perturbations,9dd097896254e279c6e1745ad760f0169c68b75a81ad0aa301c6b5fbc6a7f0f7,NeuroFM,https://github.com/rockNroll87q/NeuroFM.git,d4e3c463910d939a681d24ebdeb26d44dea6878f,neurofm-s,/mnt/d/YandexDisk/kondratevakate/01_insidekatesbrain/01_my_brain_years/reprocessed_2026/foundation_models/neurofm_simon_fastsurfer_mask/masked_inputs/ses-001_run-1_T1w_neurofm_skullstripped.nii.gz,83.9292984008789,0.0,36549.61328125,1342884.0,application_branch_not_validation_claim,"NeuroFM output is a model estimate on this preprocessing branch; it is not a segmentation, morphometry, clinical, or validation claim.",54.2393
SIMON,SIMON,001,run-1,,ses-001_run-1_T1w,midi_simon_fastsurfer_orig,existing_fastsurfer_orig_mgz_conformed,29.69,/mnt/d/YandexDisk/kondratevakate/01_insidekatesbrain/01_my_brain_years/reprocessed_2026/foundation_models/simon_model_stability/perturbed_inputs/ses-001_run-1_T1w_brain_size_scale_0p98.nii.gz,,Existing FastSurfer orig.mgz derivative; not raw SIMON BIDS/NIfTI.,/mnt/d/data/fastserfer_simon/ses-001_run-1_T1w_orig.mgz,/mnt/d/data/fastserfer_simon/ses-001_run-1_T1w_aparcDKT+aseg.mgz,/mnt/d/YandexDisk/kondratevakate/01_insidekatesbrain/01_my_brain_years/reprocessed_2026/foundation_models/simon_model_stability/perturbed_inputs/ses-001_run-1_T1w_brain_size_scale_0p98.nii.gz,ok,,256x256x256,256x256x256,1x1x1,1x1x1,1237842,0.073781133,1237842,37500fbd47e275bab2a3655cab2bc45de5c0fd54cc60398818422ab46cd08120,6eab986f14563f194c26910f994cb2d59ac6235d578a2afa60a8cdcfcdcbacd5,9dd097896254e279c6e1745ad760f0169c68b75a81ad0aa301c6b5fbc6a7f0f7,stability_qc_perturbation_on_existing_masked_neurofm_input,ses-001_run-1_T1w,brain_size_scale_0p98,0.98,/mnt/d/YandexDisk/kondratevakate/01_insidekatesbrain/01_my_brain_years/reprocessed_2026/foundation_models/neurofm_simon_fastsurfer_mask/masked_inputs/ses-001_run-1_T1w_neurofm_skullstripped.nii.gz,9dd097896254e279c6e1745ad760f0169c68b75a81ad0aa301c6b5fbc6a7f0f7,simon_neurofm_masked_subset_perturbations,492030e09f0a9d7a7d6a9de07aab4f228fb6063a7adf3597f9db4a76b8f75419,NeuroFM,https://github.com/rockNroll87q/NeuroFM.git,d4e3c463910d939a681d24ebdeb26d44dea6878f,neurofm-s,/mnt/d/YandexDisk/kondratevakate/01_insidekatesbrain/01_my_brain_years/reprocessed_2026/foundation_models/simon_model_stability/perturbed_inputs/ses-001_run-1_T1w_brain_size_scale_0p98.nii.gz,80.01950073242188,0.0,36274.22265625,1359494.125,application_branch_not_validation_claim,"NeuroFM output is a model estimate on this preprocessing branch; it is not a segmentation, morphometry, clinical, or validation claim.",50.3295
SIMON,SIMON,001,run-1,,ses-001_run-1_T1w,midi_simon_fastsurfer_orig,existing_fastsurfer_orig_mgz_conformed,29.69,/mnt/d/YandexDisk/kondratevakate/01_insidekatesbrain/01_my_brain_years/reprocessed_2026/foundation_models/simon_model_stability/perturbed_inputs/ses-001_run-1_T1w_brain_size_scale_1p02.nii.gz,,Existing FastSurfer orig.mgz derivative; not raw SIMON BIDS/NIfTI.,/mnt/d/data/fastserfer_simon/ses-001_run-1_T1w_orig.mgz,/mnt/d/data/fastserfer_simon/ses-001_run-1_T1w_aparcDKT+aseg.mgz,/mnt/d/YandexDisk/kondratevakate/01_insidekatesbrain/01_my_brain_years/reprocessed_2026/foundation_models/simon_model_stability/perturbed_inputs/ses-001_run-1_T1w_brain_size_scale_1p02.nii.gz,ok,,256x256x256,256x256x256,1x1x1,1x1x1,1237842,0.073781133,1237842,37500fbd47e275bab2a3655cab2bc45de5c0fd54cc60398818422ab46cd08120,6eab986f14563f194c26910f994cb2d59ac6235d578a2afa60a8cdcfcdcbacd5,9dd097896254e279c6e1745ad760f0169c68b75a81ad0aa301c6b5fbc6a7f0f7,stability_qc_perturbation_on_existing_masked_neurofm_input,ses-001_run-1_T1w,brain_size_scale_1p02,1.02,/mnt/d/YandexDisk/kondratevakate/01_insidekatesbrain/01_my_brain_years/reprocessed_2026/foundation_models/neurofm_simon_fastsurfer_mask/masked_inputs/ses-001_run-1_T1w_neurofm_skullstripped.nii.gz,9dd097896254e279c6e1745ad760f0169c68b75a81ad0aa301c6b5fbc6a7f0f7,simon_neurofm_masked_subset_perturbations,8929b2c75d1ac167bf7c708ed8afa386263d51d5bb8361cf002e2e9c208a0e79,NeuroFM,https://github.com/rockNroll87q/NeuroFM.git,d4e3c463910d939a681d24ebdeb26d44dea6878f,neurofm-s,/mnt/d/YandexDisk/kondratevakate/01_insidekatesbrain/01_my_brain_years/reprocessed_2026/foundation_models/simon_model_stability/perturbed_inputs/ses-001_run-1_T1w_brain_size_scale_1p02.nii.gz,84.28187561035156,0.0,30962.529296875,1368125.25,application_branch_not_validation_claim,"NeuroFM output is a model estimate on this preprocessing branch; it is not a segmentation, morphometry, clinical, or validation claim.",54.5919
SIMON,SIMON,001,run-1,,ses-001_run-1_T1w,midi_simon_fastsurfer_orig,existing_fastsurfer_orig_mgz_conformed,29.69,/mnt/d/YandexDisk/kondratevakate/01_insidekatesbrain/01_my_brain_years/reprocessed_2026/foundation_models/simon_model_stability/perturbed_inputs/ses-001_run-1_T1w_resample_roundtrip_0p98.nii.gz,,Existing FastSurfer orig.mgz derivative; not raw SIMON BIDS/NIfTI.,/mnt/d/data/fastserfer_simon/ses-001_run-1_T1w_orig.mgz,/mnt/d/data/fastserfer_simon/ses-001_run-1_T1w_aparcDKT+aseg.mgz,/mnt/d/YandexDisk/kondratevakate/01_insidekatesbrain/01_my_brain_years/reprocessed_2026/foundation_models/simon_model_stability/perturbed_inputs/ses-001_run-1_T1w_resample_roundtrip_0p98.nii.gz,ok,,256x256x256,256x256x256,1x1x1,1x1x1,1237842,0.073781133,1237842,37500fbd47e275bab2a3655cab2bc45de5c0fd54cc60398818422ab46cd08120,6eab986f14563f194c26910f994cb2d59ac6235d578a2afa60a8cdcfcdcbacd5,9dd097896254e279c6e1745ad760f0169c68b75a81ad0aa301c6b5fbc6a7f0f7,stability_qc_perturbation_on_existing_masked_neurofm_input,ses-001_run-1_T1w,resample_roundtrip_0p98,0.98,/mnt/d/YandexDisk/kondratevakate/01_insidekatesbrain/01_my_brain_years/reprocessed_2026/foundation_models/neurofm_simon_fastsurfer_mask/masked_inputs/ses-001_run-1_T1w_neurofm_skullstripped.nii.gz,9dd097896254e279c6e1745ad760f0169c68b75a81ad0aa301c6b5fbc6a7f0f7,simon_neurofm_masked_subset_perturbations,f14d46f39148e922e65e2f6d3a565b1c74e5709d86e0fca183e3e3b88f1414cb,NeuroFM,https://github.com/rockNroll87q/NeuroFM.git,d4e3c463910d939a681d24ebdeb26d44dea6878f,neurofm-s,/mnt/d/YandexDisk/kondratevakate/01_insidekatesbrain/01_my_brain_years/reprocessed_2026/foundation_models/simon_model_stability/perturbed_inputs/ses-001_run-1_T1w_resample_roundtrip_0p98.nii.gz,82.80785369873047,0.0,35800.9140625,1368080.5,application_branch_not_validation_claim,"NeuroFM output is a model estimate on this preprocessing branch; it is not a segmentation, morphometry, clinical, or validation claim.",53.1179
SIMON,SIMON,001,run-1,,ses-001_run-1_T1w,midi_simon_fastsurfer_orig,existing_fastsurfer_orig_mgz_conformed,29.69,/mnt/d/YandexDisk/kondratevakate/01_insidekatesbrain/01_my_brain_years/reprocessed_2026/foundation_models/simon_model_stability/perturbed_inputs/ses-001_run-1_T1w_resample_roundtrip_1p02.nii.gz,,Existing FastSurfer orig.mgz derivative; not raw SIMON BIDS/NIfTI.,/mnt/d/data/fastserfer_simon/ses-001_run-1_T1w_orig.mgz,/mnt/d/data/fastserfer_simon/ses-001_run-1_T1w_aparcDKT+aseg.mgz,/mnt/d/YandexDisk/kondratevakate/01_insidekatesbrain/01_my_brain_years/reprocessed_2026/foundation_models/simon_model_stability/perturbed_inputs/ses-001_run-1_T1w_resample_roundtrip_1p02.nii.gz,ok,,256x256x256,256x256x256,1x1x1,1x1x1,1237842,0.073781133,1237842,37500fbd47e275bab2a3655cab2bc45de5c0fd54cc60398818422ab46cd08120,6eab986f14563f194c26910f994cb2d59ac6235d578a2afa60a8cdcfcdcbacd5,9dd097896254e279c6e1745ad760f0169c68b75a81ad0aa301c6b5fbc6a7f0f7,stability_qc_perturbation_on_existing_masked_neurofm_input,ses-001_run-1_T1w,resample_roundtrip_1p02,1.02,/mnt/d/YandexDisk/kondratevakate/01_insidekatesbrain/01_my_brain_years/reprocessed_2026/foundation_models/neurofm_simon_fastsurfer_mask/masked_inputs/ses-001_run-1_T1w_neurofm_skullstripped.nii.gz,9dd097896254e279c6e1745ad760f0169c68b75a81ad0aa301c6b5fbc6a7f0f7,simon_neurofm_masked_subset_perturbations,b55dd5964931611d5bea244433c5815b976a916eb8c379f98f985c4d7b7a1c58,NeuroFM,https://github.com/rockNroll87q/NeuroFM.git,d4e3c463910d939a681d24ebdeb26d44dea6878f,neurofm-s,/mnt/d/YandexDisk/kondratevakate/01_insidekatesbrain/01_my_brain_years/reprocessed_2026/foundation_models/simon_model_stability/perturbed_inputs/ses-001_run-1_T1w_resample_roundtrip_1p02.nii.gz,82.64167785644531,0.0,35506.6328125,1371099.625,application_branch_not_validation_claim,"NeuroFM output is a model estimate on this preprocessing branch; it is not a segmentation, morphometry, clinical, or validation claim.",52.9517
SIMON,SIMON,001,run-1,,ses-001_run-1_T1w,midi_simon_fastsurfer_orig,existing_fastsurfer_orig_mgz_conformed,29.69,/mnt/d/YandexDisk/kondratevakate/01_insidekatesbrain/01_my_brain_years/reprocessed_2026/foundation_models/simon_model_stability/perturbed_inputs/ses-001_run-1_T1w_rotate_z_minus2deg.nii.gz,,Existing FastSurfer orig.mgz derivative; not raw SIMON BIDS/NIfTI.,/mnt/d/data/fastserfer_simon/ses-001_run-1_T1w_orig.mgz,/mnt/d/data/fastserfer_simon/ses-001_run-1_T1w_aparcDKT+aseg.mgz,/mnt/d/YandexDisk/kondratevakate/01_insidekatesbrain/01_my_brain_years/reprocessed_2026/foundation_models/simon_model_stability/perturbed_inputs/ses-001_run-1_T1w_rotate_z_minus2deg.nii.gz,ok,,256x256x256,256x256x256,1x1x1,1x1x1,1237842,0.073781133,1237842,37500fbd47e275bab2a3655cab2bc45de5c0fd54cc60398818422ab46cd08120,6eab986f14563f194c26910f994cb2d59ac6235d578a2afa60a8cdcfcdcbacd5,9dd097896254e279c6e1745ad760f0169c68b75a81ad0aa301c6b5fbc6a7f0f7,stability_qc_perturbation_on_existing_masked_neurofm_input,ses-001_run-1_T1w,rotate_z_minus2deg,-2,/mnt/d/YandexDisk/kondratevakate/01_insidekatesbrain/01_my_brain_years/reprocessed_2026/foundation_models/neurofm_simon_fastsurfer_mask/masked_inputs/ses-001_run-1_T1w_neurofm_skullstripped.nii.gz,9dd097896254e279c6e1745ad760f0169c68b75a81ad0aa301c6b5fbc6a7f0f7,simon_neurofm_masked_subset_perturbations,f582121b5d920092e3005a9ee74f49b54edc573de950e1780d57bf0318c69977,NeuroFM,https://github.com/rockNroll87q/NeuroFM.git,d4e3c463910d939a681d24ebdeb26d44dea6878f,neurofm-s,/mnt/d/YandexDisk/kondratevakate/01_insidekatesbrain/01_my_brain_years/reprocessed_2026/foundation_models/simon_model_stability/perturbed_inputs/ses-001_run-1_T1w_rotate_z_minus2deg.nii.gz,82.01449584960938,0.0,34606.41015625,1359942.125,application_branch_not_validation_claim,"NeuroFM output is a model estimate on this preprocessing branch; it is not a segmentation, morphometry, clinical, or validation claim.",52.3245
SIMON,SIMON,001,run-1,,ses-001_run-1_T1w,midi_simon_fastsurfer_orig,existing_fastsurfer_orig_mgz_conformed,29.69,/mnt/d/YandexDisk/kondratevakate/01_insidekatesbrain/01_my_brain_years/reprocessed_2026/foundation_models/simon_model_stability/perturbed_inputs/ses-001_run-1_T1w_rotate_z_plus2deg.nii.gz,,Existing FastSurfer orig.mgz derivative; not raw SIMON BIDS/NIfTI.,/mnt/d/data/fastserfer_simon/ses-001_run-1_T1w_orig.mgz,/mnt/d/data/fastserfer_simon/ses-001_run-1_T1w_aparcDKT+aseg.mgz,/mnt/d/YandexDisk/kondratevakate/01_insidekatesbrain/01_my_brain_years/reprocessed_2026/foundation_models/simon_model_stability/perturbed_inputs/ses-001_run-1_T1w_rotate_z_plus2deg.nii.gz,ok,,256x256x256,256x256x256,1x1x1,1x1x1,1237842,0.073781133,1237842,37500fbd47e275bab2a3655cab2bc45de5c0fd54cc60398818422ab46cd08120,6eab986f14563f194c26910f994cb2d59ac6235d578a2afa60a8cdcfcdcbacd5,9dd097896254e279c6e1745ad760f0169c68b75a81ad0aa301c6b5fbc6a7f0f7,stability_qc_perturbation_on_existing_masked_neurofm_input,ses-001_run-1_T1w,rotate_z_plus2deg,2,/mnt/d/YandexDisk/kondratevakate/01_insidekatesbrain/01_my_brain_years/reprocessed_2026/foundation_models/neurofm_simon_fastsurfer_mask/masked_inputs/ses-001_run-1_T1w_neurofm_skullstripped.nii.gz,9dd097896254e279c6e1745ad760f0169c68b75a81ad0aa301c6b5fbc6a7f0f7,simon_neurofm_masked_subset_perturbations,89b97528e367d954ce0ed31bc17563b49fcb3eab35d92106b05ada37f7896d11,NeuroFM,https://github.com/rockNroll87q/NeuroFM.git,d4e3c463910d939a681d24ebdeb26d44dea6878f,neurofm-s,/mnt/d/YandexDisk/kondratevakate/01_insidekatesbrain/01_my_brain_years/reprocessed_2026/foundation_models/simon_model_stability/perturbed_inputs/ses-001_run-1_T1w_rotate_z_plus2deg.nii.gz,82.8875732421875,0.0,42310.0078125,1362960.75,application_branch_not_validation_claim,"NeuroFM output is a model estimate on this preprocessing branch; it is not a segmentation, morphometry, clinical, or validation claim.",53.1976
SIMON,SIMON,014,run-1,,ses-014_run-1_T1w,midi_simon_fastsurfer_orig,existing_fastsurfer_orig_mgz_conformed,42.35,/mnt/d/YandexDisk/kondratevakate/01_insidekatesbrain/01_my_brain_years/reprocessed_2026/foundation_models/neurofm_simon_fastsurfer_mask/masked_inputs/ses-014_run-1_T1w_neurofm_skullstripped.nii.gz,,Existing FastSurfer orig.mgz derivative; not raw SIMON BIDS/NIfTI.,/mnt/d/data/fastserfer_simon/ses-014_run-1_T1w_orig.mgz,/mnt/d/data/fastserfer_simon/ses-014_run-1_T1w_aparcDKT+aseg.mgz,/mnt/d/YandexDisk/kondratevakate/01_insidekatesbrain/01_my_brain_years/reprocessed_2026/foundation_models/neurofm_simon_fastsurfer_mask/masked_inputs/ses-014_run-1_T1w_neurofm_skullstripped.nii.gz,ok,,256x256x256,256x256x256,1x1x1,1x1x1,1205619,0.071860492,1205619,76571d7d1884f9651fe1efe2615b5211d94f727b52d9e54307ffb7e172a05bfb,c1090cc840d965afd9e8b7c5f430c9cbda4b760c246139131d886eaf5ce43c33,4b7688335d1f0d2720d5dd5bc30998b973d9bc8ba5dbf49a597800509436f867,stability_qc_perturbation_on_existing_masked_neurofm_input,ses-014_run-1_T1w,baseline,0,/mnt/d/YandexDisk/kondratevakate/01_insidekatesbrain/01_my_brain_years/reprocessed_2026/foundation_models/neurofm_simon_fastsurfer_mask/masked_inputs/ses-014_run-1_T1w_neurofm_skullstripped.nii.gz,4b7688335d1f0d2720d5dd5bc30998b973d9bc8ba5dbf49a597800509436f867,simon_neurofm_masked_subset_perturbations,4b7688335d1f0d2720d5dd5bc30998b973d9bc8ba5dbf49a597800509436f867,NeuroFM,https://github.com/rockNroll87q/NeuroFM.git,d4e3c463910d939a681d24ebdeb26d44dea6878f,neurofm-s,/mnt/d/YandexDisk/kondratevakate/01_insidekatesbrain/01_my_brain_years/reprocessed_2026/foundation_models/neurofm_simon_fastsurfer_mask/masked_inputs/ses-014_run-1_T1w_neurofm_skullstripped.nii.gz,80.44324493408203,0.0,26874.271484375,1319519.875,application_branch_not_validation_claim,"NeuroFM output is a model estimate on this preprocessing branch; it is not a segmentation, morphometry, clinical, or validation claim.",38.0932
SIMON,SIMON,014,run-1,,ses-014_run-1_T1w,midi_simon_fastsurfer_orig,existing_fastsurfer_orig_mgz_conformed,42.35,/mnt/d/YandexDisk/kondratevakate/01_insidekatesbrain/01_my_brain_years/reprocessed_2026/foundation_models/simon_model_stability/perturbed_inputs/ses-014_run-1_T1w_brain_size_scale_0p98.nii.gz,,Existing FastSurfer orig.mgz derivative; not raw SIMON BIDS/NIfTI.,/mnt/d/data/fastserfer_simon/ses-014_run-1_T1w_orig.mgz,/mnt/d/data/fastserfer_simon/ses-014_run-1_T1w_aparcDKT+aseg.mgz,/mnt/d/YandexDisk/kondratevakate/01_insidekatesbrain/01_my_brain_years/reprocessed_2026/foundation_models/simon_model_stability/perturbed_inputs/ses-014_run-1_T1w_brain_size_scale_0p98.nii.gz,ok,,256x256x256,256x256x256,1x1x1,1x1x1,1205619,0.071860492,1205619,76571d7d1884f9651fe1efe2615b5211d94f727b52d9e54307ffb7e172a05bfb,c1090cc840d965afd9e8b7c5f430c9cbda4b760c246139131d886eaf5ce43c33,4b7688335d1f0d2720d5dd5bc30998b973d9bc8ba5dbf49a597800509436f867,stability_qc_perturbation_on_existing_masked_neurofm_input,ses-014_run-1_T1w,brain_size_scale_0p98,0.98,/mnt/d/YandexDisk/kondratevakate/01_insidekatesbrain/01_my_brain_years/reprocessed_2026/foundation_models/neurofm_simon_fastsurfer_mask/masked_inputs/ses-014_run-1_T1w_neurofm_skullstripped.nii.gz,4b7688335d1f0d2720d5dd5bc30998b973d9bc8ba5dbf49a597800509436f867,simon_neurofm_masked_subset_perturbations,ad8b57ea85a807f4a204a03459fb819e8d76a1705251a0ffdd7236bb40d29663,NeuroFM,https://github.com/rockNroll87q/NeuroFM.git,d4e3c463910d939a681d24ebdeb26d44dea6878f,neurofm-s,/mnt/d/YandexDisk/kondratevakate/01_insidekatesbrain/01_my_brain_years/reprocessed_2026/foundation_models/simon_model_stability/perturbed_inputs/ses-014_run-1_T1w_brain_size_scale_0p98.nii.gz,77.28215789794922,1.0,24635.0625,1284596.625,application_branch_not_validation_claim,"NeuroFM output is a model estimate on this preprocessing branch; it is not a segmentation, morphometry, clinical, or validation claim.",34.9322
SIMON,SIMON,014,run-1,,ses-014_run-1_T1w,midi_simon_fastsurfer_orig,existing_fastsurfer_orig_mgz_conformed,42.35,/mnt/d/YandexDisk/kondratevakate/01_insidekatesbrain/01_my_brain_years/reprocessed_2026/foundation_models/simon_model_stability/perturbed_inputs/ses-014_run-1_T1w_brain_size_scale_1p02.nii.gz,,Existing FastSurfer orig.mgz derivative; not raw SIMON BIDS/NIfTI.,/mnt/d/data/fastserfer_simon/ses-014_run-1_T1w_orig.mgz,/mnt/d/data/fastserfer_simon/ses-014_run-1_T1w_aparcDKT+aseg.mgz,/mnt/d/YandexDisk/kondratevakate/01_insidekatesbrain/01_my_brain_years/reprocessed_2026/foundation_models/simon_model_stability/perturbed_inputs/ses-014_run-1_T1w_brain_size_scale_1p02.nii.gz,ok,,256x256x256,256x256x256,1x1x1,1x1x1,1205619,0.071860492,1205619,76571d7d1884f9651fe1efe2615b5211d94f727b52d9e54307ffb7e172a05bfb,c1090cc840d965afd9e8b7c5f430c9cbda4b760c246139131d886eaf5ce43c33,4b7688335d1f0d2720d5dd5bc30998b973d9bc8ba5dbf49a597800509436f867,stability_qc_perturbation_on_existing_masked_neurofm_input,ses-014_run-1_T1w,brain_size_scale_1p02,1.02,/mnt/d/YandexDisk/kondratevakate/01_insidekatesbrain/01_my_brain_years/reprocessed_2026/foundation_models/neurofm_simon_fastsurfer_mask/masked_inputs/ses-014_run-1_T1w_neurofm_skullstripped.nii.gz,4b7688335d1f0d2720d5dd5bc30998b973d9bc8ba5dbf49a597800509436f867,simon_neurofm_masked_subset_perturbations,11bf80d31f64a4cd064951ade245d396beb938b24b075511abe1e34c4a6ba7c2,NeuroFM,https://github.com/rockNroll87q/NeuroFM.git,d4e3c463910d939a681d24ebdeb26d44dea6878f,neurofm-s,/mnt/d/YandexDisk/kondratevakate/01_insidekatesbrain/01_my_brain_years/reprocessed_2026/foundation_models/simon_model_stability/perturbed_inputs/ses-014_run-1_T1w_brain_size_scale_1p02.nii.gz,80.69468688964844,0.0,24228.9609375,1347760.875,application_branch_not_validation_claim,"NeuroFM output is a model estimate on this preprocessing branch; it is not a segmentation, morphometry, clinical, or validation claim.",38.3447
SIMON,SIMON,014,run-1,,ses-014_run-1_T1w,midi_simon_fastsurfer_orig,existing_fastsurfer_orig_mgz_conformed,42.35,/mnt/d/YandexDisk/kondratevakate/01_insidekatesbrain/01_my_brain_years/reprocessed_2026/foundation_models/simon_model_stability/perturbed_inputs/ses-014_run-1_T1w_resample_roundtrip_0p98.nii.gz,,Existing FastSurfer orig.mgz derivative; not raw SIMON BIDS/NIfTI.,/mnt/d/data/fastserfer_simon/ses-014_run-1_T1w_orig.mgz,/mnt/d/data/fastserfer_simon/ses-014_run-1_T1w_aparcDKT+aseg.mgz,/mnt/d/YandexDisk/kondratevakate/01_insidekatesbrain/01_my_brain_years/reprocessed_2026/foundation_models/simon_model_stability/perturbed_inputs/ses-014_run-1_T1w_resample_roundtrip_0p98.nii.gz,ok,,256x256x256,256x256x256,1x1x1,1x1x1,1205619,0.071860492,1205619,76571d7d1884f9651fe1efe2615b5211d94f727b52d9e54307ffb7e172a05bfb,c1090cc840d965afd9e8b7c5f430c9cbda4b760c246139131d886eaf5ce43c33,4b7688335d1f0d2720d5dd5bc30998b973d9bc8ba5dbf49a597800509436f867,stability_qc_perturbation_on_existing_masked_neurofm_input,ses-014_run-1_T1w,resample_roundtrip_0p98,0.98,/mnt/d/YandexDisk/kondratevakate/01_insidekatesbrain/01_my_brain_years/reprocessed_2026/foundation_models/neurofm_simon_fastsurfer_mask/masked_inputs/ses-014_run-1_T1w_neurofm_skullstripped.nii.gz,4b7688335d1f0d2720d5dd5bc30998b973d9bc8ba5dbf49a597800509436f867,simon_neurofm_masked_subset_perturbations,e494965c66be32d364c59c0413b7c5463722f4c1c678c9984f5e3d952ca0fbc0,NeuroFM,https://github.com/rockNroll87q/NeuroFM.git,d4e3c463910d939a681d24ebdeb26d44dea6878f,neurofm-s,/mnt/d/YandexDisk/kondratevakate/01_insidekatesbrain/01_my_brain_years/reprocessed_2026/foundation_models/simon_model_stability/perturbed_inputs/ses-014_run-1_T1w_resample_roundtrip_0p98.nii.gz,78.5047607421875,0.0,24525.8046875,1325714.125,application_branch_not_validation_claim,"NeuroFM output is a model estimate on this preprocessing branch; it is not a segmentation, morphometry, clinical, or validation claim.",36.1548
SIMON,SIMON,014,run-1,,ses-014_run-1_T1w,midi_simon_fastsurfer_orig,existing_fastsurfer_orig_mgz_conformed,42.35,/mnt/d/YandexDisk/kondratevakate/01_insidekatesbrain/01_my_brain_years/reprocessed_2026/foundation_models/simon_model_stability/perturbed_inputs/ses-014_run-1_T1w_resample_roundtrip_1p02.nii.gz,,Existing FastSurfer orig.mgz derivative; not raw SIMON BIDS/NIfTI.,/mnt/d/data/fastserfer_simon/ses-014_run-1_T1w_orig.mgz,/mnt/d/data/fastserfer_simon/ses-014_run-1_T1w_aparcDKT+aseg.mgz,/mnt/d/YandexDisk/kondratevakate/01_insidekatesbrain/01_my_brain_years/reprocessed_2026/foundation_models/simon_model_stability/perturbed_inputs/ses-014_run-1_T1w_resample_roundtrip_1p02.nii.gz,ok,,256x256x256,256x256x256,1x1x1,1x1x1,1205619,0.071860492,1205619,76571d7d1884f9651fe1efe2615b5211d94f727b52d9e54307ffb7e172a05bfb,c1090cc840d965afd9e8b7c5f430c9cbda4b760c246139131d886eaf5ce43c33,4b7688335d1f0d2720d5dd5bc30998b973d9bc8ba5dbf49a597800509436f867,stability_qc_perturbation_on_existing_masked_neurofm_input,ses-014_run-1_T1w,resample_roundtrip_1p02,1.02,/mnt/d/YandexDisk/kondratevakate/01_insidekatesbrain/01_my_brain_years/reprocessed_2026/foundation_models/neurofm_simon_fastsurfer_mask/masked_inputs/ses-014_run-1_T1w_neurofm_skullstripped.nii.gz,4b7688335d1f0d2720d5dd5bc30998b973d9bc8ba5dbf49a597800509436f867,simon_neurofm_masked_subset_perturbations,9aaf3a7b6eeecdef456a665b2ff51adfa539a3b5ffa0627b0f2437c68538bc67,NeuroFM,https://github.com/rockNroll87q/NeuroFM.git,d4e3c463910d939a681d24ebdeb26d44dea6878f,neurofm-s,/mnt/d/YandexDisk/kondratevakate/01_insidekatesbrain/01_my_brain_years/reprocessed_2026/foundation_models/simon_model_stability/perturbed_inputs/ses-014_run-1_T1w_resample_roundtrip_1p02.nii.gz,78.06591796875,0.0,24157.828125,1336005.25,application_branch_not_validation_claim,"NeuroFM output is a model estimate on this preprocessing branch; it is not a segmentation, morphometry, clinical, or validation claim.",35.7159
SIMON,SIMON,014,run-1,,ses-014_run-1_T1w,midi_simon_fastsurfer_orig,existing_fastsurfer_orig_mgz_conformed,42.35,/mnt/d/YandexDisk/kondratevakate/01_insidekatesbrain/01_my_brain_years/reprocessed_2026/foundation_models/simon_model_stability/perturbed_inputs/ses-014_run-1_T1w_rotate_z_minus2deg.nii.gz,,Existing FastSurfer orig.mgz derivative; not raw SIMON BIDS/NIfTI.,/mnt/d/data/fastserfer_simon/ses-014_run-1_T1w_orig.mgz,/mnt/d/data/fastserfer_simon/ses-014_run-1_T1w_aparcDKT+aseg.mgz,/mnt/d/YandexDisk/kondratevakate/01_insidekatesbrain/01_my_brain_years/reprocessed_2026/foundation_models/simon_model_stability/perturbed_inputs/ses-014_run-1_T1w_rotate_z_minus2deg.nii.gz,ok,,256x256x256,256x256x256,1x1x1,1x1x1,1205619,0.071860492,1205619,76571d7d1884f9651fe1efe2615b5211d94f727b52d9e54307ffb7e172a05bfb,c1090cc840d965afd9e8b7c5f430c9cbda4b760c246139131d886eaf5ce43c33,4b7688335d1f0d2720d5dd5bc30998b973d9bc8ba5dbf49a597800509436f867,stability_qc_perturbation_on_existing_masked_neurofm_input,ses-014_run-1_T1w,rotate_z_minus2deg,-2,/mnt/d/YandexDisk/kondratevakate/01_insidekatesbrain/01_my_brain_years/reprocessed_2026/foundation_models/neurofm_simon_fastsurfer_mask/masked_inputs/ses-014_run-1_T1w_neurofm_skullstripped.nii.gz,4b7688335d1f0d2720d5dd5bc30998b973d9bc8ba5dbf49a597800509436f867,simon_neurofm_masked_subset_perturbations,a7faf00c5812c82dcf57a3f02068a6ced0c1e49841b35441145dc0cae7473f6d,NeuroFM,https://github.com/rockNroll87q/NeuroFM.git,d4e3c463910d939a681d24ebdeb26d44dea6878f,neurofm-s,/mnt/d/YandexDisk/kondratevakate/01_insidekatesbrain/01_my_brain_years/reprocessed_2026/foundation_models/simon_model_stability/perturbed_inputs/ses-014_run-1_T1w_rotate_z_minus2deg.nii.gz,79.5486831665039,0.0,23121.849609375,1331306.375,application_branch_not_validation_claim,"NeuroFM output is a model estimate on this preprocessing branch; it is not a segmentation, morphometry, clinical, or validation claim.",37.1987
SIMON,SIMON,014,run-1,,ses-014_run-1_T1w,midi_simon_fastsurfer_orig,existing_fastsurfer_orig_mgz_conformed,42.35,/mnt/d/YandexDisk/kondratevakate/01_insidekatesbrain/01_my_brain_years/reprocessed_2026/foundation_models/simon_model_stability/perturbed_inputs/ses-014_run-1_T1w_rotate_z_plus2deg.nii.gz,,Existing FastSurfer orig.mgz derivative; not raw SIMON BIDS/NIfTI.,/mnt/d/data/fastserfer_simon/ses-014_run-1_T1w_orig.mgz,/mnt/d/data/fastserfer_simon/ses-014_run-1_T1w_aparcDKT+aseg.mgz,/mnt/d/YandexDisk/kondratevakate/01_insidekatesbrain/01_my_brain_years/reprocessed_2026/foundation_models/simon_model_stability/perturbed_inputs/ses-014_run-1_T1w_rotate_z_plus2deg.nii.gz,ok,,256x256x256,256x256x256,1x1x1,1x1x1,1205619,0.071860492,1205619,76571d7d1884f9651fe1efe2615b5211d94f727b52d9e54307ffb7e172a05bfb,c1090cc840d965afd9e8b7c5f430c9cbda4b760c246139131d886eaf5ce43c33,4b7688335d1f0d2720d5dd5bc30998b973d9bc8ba5dbf49a597800509436f867,stability_qc_perturbation_on_existing_masked_neurofm_input,ses-014_run-1_T1w,rotate_z_plus2deg,2,/mnt/d/YandexDisk/kondratevakate/01_insidekatesbrain/01_my_brain_years/reprocessed_2026/foundation_models/neurofm_simon_fastsurfer_mask/masked_inputs/ses-014_run-1_T1w_neurofm_skullstripped.nii.gz,4b7688335d1f0d2720d5dd5bc30998b973d9bc8ba5dbf49a597800509436f867,simon_neurofm_masked_subset_perturbations,169da12cff4a9dcfce7da6a8155cb65024db055d87026bebeff7134b4db7cde4,NeuroFM,https://github.com/rockNroll87q/NeuroFM.git,d4e3c463910d939a681d24ebdeb26d44dea6878f,neurofm-s,/mnt/d/YandexDisk/kondratevakate/01_insidekatesbrain/01_my_brain_years/reprocessed_2026/foundation_models/simon_model_stability/perturbed_inputs/ses-014_run-1_T1w_rotate_z_plus2deg.nii.gz,79.99288177490234,0.0,26235.123046875,1314211.25,application_branch_not_validation_claim,"NeuroFM output is a model estimate on this preprocessing branch; it is not a segmentation, morphometry, clinical, or validation claim.",37.6429
SIMON,SIMON,021,run-1,,ses-021_run-1_T1w,midi_simon_fastsurfer_orig,existing_fastsurfer_orig_mgz_conformed,42.7,/mnt/d/YandexDisk/kondratevakate/01_insidekatesbrain/01_my_brain_years/reprocessed_2026/foundation_models/neurofm_simon_fastsurfer_mask/masked_inputs/ses-021_run-1_T1w_neurofm_skullstripped.nii.gz,,Existing FastSurfer orig.mgz derivative; not raw SIMON BIDS/NIfTI.,/mnt/d/data/fastserfer_simon/ses-021_run-1_T1w_orig.mgz,/mnt/d/data/fastserfer_simon/ses-021_run-1_T1w_aparcDKT+aseg.mgz,/mnt/d/YandexDisk/kondratevakate/01_insidekatesbrain/01_my_brain_years/reprocessed_2026/foundation_models/neurofm_simon_fastsurfer_mask/masked_inputs/ses-021_run-1_T1w_neurofm_skullstripped.nii.gz,ok,,256x256x256,256x256x256,1x1x1,1x1x1,1197914,0.071401238,1197914,362769616900e75f2fd80f8e7817472aa2c4c0d40de94bd5b7119e4b3c58b80d,cf02af0422fad9019473ac9256181aa97c671bc54e1ffbd202913f4d6ce2831f,b0dea3d20850f59608fb2391e6c516be66223d83c2f9cd967581a483bbe897d9,stability_qc_perturbation_on_existing_masked_neurofm_input,ses-021_run-1_T1w,baseline,0,/mnt/d/YandexDisk/kondratevakate/01_insidekatesbrain/01_my_brain_years/reprocessed_2026/foundation_models/neurofm_simon_fastsurfer_mask/masked_inputs/ses-021_run-1_T1w_neurofm_skullstripped.nii.gz,b0dea3d20850f59608fb2391e6c516be66223d83c2f9cd967581a483bbe897d9,simon_neurofm_masked_subset_perturbations,b0dea3d20850f59608fb2391e6c516be66223d83c2f9cd967581a483bbe897d9,NeuroFM,https://github.com/rockNroll87q/NeuroFM.git,d4e3c463910d939a681d24ebdeb26d44dea6878f,neurofm-s,/mnt/d/YandexDisk/kondratevakate/01_insidekatesbrain/01_my_brain_years/reprocessed_2026/foundation_models/neurofm_simon_fastsurfer_mask/masked_inputs/ses-021_run-1_T1w_neurofm_skullstripped.nii.gz,82.41297912597656,0.0,23457.359375,1261157.5,application_branch_not_validation_claim,"NeuroFM output is a model estimate on this preprocessing branch; it is not a segmentation, morphometry, clinical, or validation claim.",39.713
SIMON,SIMON,021,run-1,,ses-021_run-1_T1w,midi_simon_fastsurfer_orig,existing_fastsurfer_orig_mgz_conformed,42.7,/mnt/d/YandexDisk/kondratevakate/01_insidekatesbrain/01_my_brain_years/reprocessed_2026/foundation_models/simon_model_stability/perturbed_inputs/ses-021_run-1_T1w_brain_size_scale_0p98.nii.gz,,Existing FastSurfer orig.mgz derivative; not raw SIMON BIDS/NIfTI.,/mnt/d/data/fastserfer_simon/ses-021_run-1_T1w_orig.mgz,/mnt/d/data/fastserfer_simon/ses-021_run-1_T1w_aparcDKT+aseg.mgz,/mnt/d/YandexDisk/kondratevakate/01_insidekatesbrain/01_my_brain_years/reprocessed_2026/foundation_models/simon_model_stability/perturbed_inputs/ses-021_run-1_T1w_brain_size_scale_0p98.nii.gz,ok,,256x256x256,256x256x256,1x1x1,1x1x1,1197914,0.071401238,1197914,362769616900e75f2fd80f8e7817472aa2c4c0d40de94bd5b7119e4b3c58b80d,cf02af0422fad9019473ac9256181aa97c671bc54e1ffbd202913f4d6ce2831f,b0dea3d20850f59608fb2391e6c516be66223d83c2f9cd967581a483bbe897d9,stability_qc_perturbation_on_existing_masked_neurofm_input,ses-021_run-1_T1w,brain_size_scale_0p98,0.98,/mnt/d/YandexDisk/kondratevakate/01_insidekatesbrain/01_my_brain_years/reprocessed_2026/foundation_models/neurofm_simon_fastsurfer_mask/masked_inputs/ses-021_run-1_T1w_neurofm_skullstripped.nii.gz,b0dea3d20850f59608fb2391e6c516be66223d83c2f9cd967581a483bbe897d9,simon_neurofm_masked_subset_perturbations,1c13b7153ac904427eafccf490eb8244e24cdeabbb12e6207460aaf37da3b6f1,NeuroFM,https://github.com/rockNroll87q/NeuroFM.git,d4e3c463910d939a681d24ebdeb26d44dea6878f,neurofm-s,/mnt/d/YandexDisk/kondratevakate/01_insidekatesbrain/01_my_brain_years/reprocessed_2026/foundation_models/simon_model_stability/perturbed_inputs/ses-021_run-1_T1w_brain_size_scale_0p98.nii.gz,79.37705993652344,1.0,27100.048828125,1265777.875,application_branch_not_validation_claim,"NeuroFM output is a model estimate on this preprocessing branch; it is not a segmentation, morphometry, clinical, or validation claim.",36.6771
SIMON,SIMON,021,run-1,,ses-021_run-1_T1w,midi_simon_fastsurfer_orig,existing_fastsurfer_orig_mgz_conformed,42.7,/mnt/d/YandexDisk/kondratevakate/01_insidekatesbrain/01_my_brain_years/reprocessed_2026/foundation_models/simon_model_stability/perturbed_inputs/ses-021_run-1_T1w_brain_size_scale_1p02.nii.gz,,Existing FastSurfer orig.mgz derivative; not raw SIMON BIDS/NIfTI.,/mnt/d/data/fastserfer_simon/ses-021_run-1_T1w_orig.mgz,/mnt/d/data/fastserfer_simon/ses-021_run-1_T1w_aparcDKT+aseg.mgz,/mnt/d/YandexDisk/kondratevakate/01_insidekatesbrain/01_my_brain_years/reprocessed_2026/foundation_models/simon_model_stability/perturbed_inputs/ses-021_run-1_T1w_brain_size_scale_1p02.nii.gz,ok,,256x256x256,256x256x256,1x1x1,1x1x1,1197914,0.071401238,1197914,362769616900e75f2fd80f8e7817472aa2c4c0d40de94bd5b7119e4b3c58b80d,cf02af0422fad9019473ac9256181aa97c671bc54e1ffbd202913f4d6ce2831f,b0dea3d20850f59608fb2391e6c516be66223d83c2f9cd967581a483bbe897d9,stability_qc_perturbation_on_existing_masked_neurofm_input,ses-021_run-1_T1w,brain_size_scale_1p02,1.02,/mnt/d/YandexDisk/kondratevakate/01_insidekatesbrain/01_my_brain_years/reprocessed_2026/foundation_models/neurofm_simon_fastsurfer_mask/masked_inputs/ses-021_run-1_T1w_neurofm_skullstripped.nii.gz,b0dea3d20850f59608fb2391e6c516be66223d83c2f9cd967581a483bbe897d9,simon_neurofm_masked_subset_perturbations,f81b87c08e2235a1f49c503f2108ddac45225cd8110ca5e97c496222ba93b73f,NeuroFM,https://github.com/rockNroll87q/NeuroFM.git,d4e3c463910d939a681d24ebdeb26d44dea6878f,neurofm-s,/mnt/d/YandexDisk/kondratevakate/01_insidekatesbrain/01_my_brain_years/reprocessed_2026/foundation_models/simon_model_stability/perturbed_inputs/ses-021_run-1_T1w_brain_size_scale_1p02.nii.gz,83.31160736083984,0.0,19159.033203125,1269615.0,application_branch_not_validation_claim,"NeuroFM output is a model estimate on this preprocessing branch; it is not a segmentation, morphometry, clinical, or validation claim.",40.6116
SIMON,SIMON,021,run-1,,ses-021_run-1_T1w,midi_simon_fastsurfer_orig,existing_fastsurfer_orig_mgz_conformed,42.7,/mnt/d/YandexDisk/kondratevakate/01_insidekatesbrain/01_my_brain_years/reprocessed_2026/foundation_models/simon_model_stability/perturbed_inputs/ses-021_run-1_T1w_resample_roundtrip_0p98.nii.gz,,Existing FastSurfer orig.mgz derivative; not raw SIMON BIDS/NIfTI.,/mnt/d/data/fastserfer_simon/ses-021_run-1_T1w_orig.mgz,/mnt/d/data/fastserfer_simon/ses-021_run-1_T1w_aparcDKT+aseg.mgz,/mnt/d/YandexDisk/kondratevakate/01_insidekatesbrain/01_my_brain_years/reprocessed_2026/foundation_models/simon_model_stability/perturbed_inputs/ses-021_run-1_T1w_resample_roundtrip_0p98.nii.gz,ok,,256x256x256,256x256x256,1x1x1,1x1x1,1197914,0.071401238,1197914,362769616900e75f2fd80f8e7817472aa2c4c0d40de94bd5b7119e4b3c58b80d,cf02af0422fad9019473ac9256181aa97c671bc54e1ffbd202913f4d6ce2831f,b0dea3d20850f59608fb2391e6c516be66223d83c2f9cd967581a483bbe897d9,stability_qc_perturbation_on_existing_masked_neurofm_input,ses-021_run-1_T1w,resample_roundtrip_0p98,0.98,/mnt/d/YandexDisk/kondratevakate/01_insidekatesbrain/01_my_brain_years/reprocessed_2026/foundation_models/neurofm_simon_fastsurfer_mask/masked_inputs/ses-021_run-1_T1w_neurofm_skullstripped.nii.gz,b0dea3d20850f59608fb2391e6c516be66223d83c2f9cd967581a483bbe897d9,simon_neurofm_masked_subset_perturbations,85d95ef8630f14a15054e14fb0efea5563c65c96b368ebe1ba3db56e59477cd1,NeuroFM,https://github.com/rockNroll87q/NeuroFM.git,d4e3c463910d939a681d24ebdeb26d44dea6878f,neurofm-s,/mnt/d/YandexDisk/kondratevakate/01_insidekatesbrain/01_my_brain_years/reprocessed_2026/foundation_models/simon_model_stability/perturbed_inputs/ses-021_run-1_T1w_resample_roundtrip_0p98.nii.gz,80.74171447753906,0.0,23207.15625,1276503.375,application_branch_not_validation_claim,"NeuroFM output is a model estimate on this preprocessing branch; it is not a segmentation, morphometry, clinical, or validation claim.",38.0417
SIMON,SIMON,021,run-1,,ses-021_run-1_T1w,midi_simon_fastsurfer_orig,existing_fastsurfer_orig_mgz_conformed,42.7,/mnt/d/YandexDisk/kondratevakate/01_insidekatesbrain/01_my_brain_years/reprocessed_2026/foundation_models/simon_model_stability/perturbed_inputs/ses-021_run-1_T1w_resample_roundtrip_1p02.nii.gz,,Existing FastSurfer orig.mgz derivative; not raw SIMON BIDS/NIfTI.,/mnt/d/data/fastserfer_simon/ses-021_run-1_T1w_orig.mgz,/mnt/d/data/fastserfer_simon/ses-021_run-1_T1w_aparcDKT+aseg.mgz,/mnt/d/YandexDisk/kondratevakate/01_insidekatesbrain/01_my_brain_years/reprocessed_2026/foundation_models/simon_model_stability/perturbed_inputs/ses-021_run-1_T1w_resample_roundtrip_1p02.nii.gz,ok,,256x256x256,256x256x256,1x1x1,1x1x1,1197914,0.071401238,1197914,362769616900e75f2fd80f8e7817472aa2c4c0d40de94bd5b7119e4b3c58b80d,cf02af0422fad9019473ac9256181aa97c671bc54e1ffbd202913f4d6ce2831f,b0dea3d20850f59608fb2391e6c516be66223d83c2f9cd967581a483bbe897d9,stability_qc_perturbation_on_existing_masked_neurofm_input,ses-021_run-1_T1w,resample_roundtrip_1p02,1.02,/mnt/d/YandexDisk/kondratevakate/01_insidekatesbrain/01_my_brain_years/reprocessed_2026/foundation_models/neurofm_simon_fastsurfer_mask/masked_inputs/ses-021_run-1_T1w_neurofm_skullstripped.nii.gz,b0dea3d20850f59608fb2391e6c516be66223d83c2f9cd967581a483bbe897d9,simon_neurofm_masked_subset_perturbations,7140bcdaa804eb5140a92b6df3adc74e62dfc18c2a8fb0308ed38626519cb625,NeuroFM,https://github.com/rockNroll87q/NeuroFM.git,d4e3c463910d939a681d24ebdeb26d44dea6878f,neurofm-s,/mnt/d/YandexDisk/kondratevakate/01_insidekatesbrain/01_my_brain_years/reprocessed_2026/foundation_models/simon_model_stability/perturbed_inputs/ses-021_run-1_T1w_resample_roundtrip_1p02.nii.gz,80.87800598144531,0.0,23184.138671875,1276412.0,application_branch_not_validation_claim,"NeuroFM output is a model estimate on this preprocessing branch; it is not a segmentation, morphometry, clinical, or validation claim.",38.178
SIMON,SIMON,021,run-1,,ses-021_run-1_T1w,midi_simon_fastsurfer_orig,existing_fastsurfer_orig_mgz_conformed,42.7,/mnt/d/YandexDisk/kondratevakate/01_insidekatesbrain/01_my_brain_years/reprocessed_2026/foundation_models/simon_model_stability/perturbed_inputs/ses-021_run-1_T1w_rotate_z_minus2deg.nii.gz,,Existing FastSurfer orig.mgz derivative; not raw SIMON BIDS/NIfTI.,/mnt/d/data/fastserfer_simon/ses-021_run-1_T1w_orig.mgz,/mnt/d/data/fastserfer_simon/ses-021_run-1_T1w_aparcDKT+aseg.mgz,/mnt/d/YandexDisk/kondratevakate/01_insidekatesbrain/01_my_brain_years/reprocessed_2026/foundation_models/simon_model_stability/perturbed_inputs/ses-021_run-1_T1w_rotate_z_minus2deg.nii.gz,ok,,256x256x256,256x256x256,1x1x1,1x1x1,1197914,0.071401238,1197914,362769616900e75f2fd80f8e7817472aa2c4c0d40de94bd5b7119e4b3c58b80d,cf02af0422fad9019473ac9256181aa97c671bc54e1ffbd202913f4d6ce2831f,b0dea3d20850f59608fb2391e6c516be66223d83c2f9cd967581a483bbe897d9,stability_qc_perturbation_on_existing_masked_neurofm_input,ses-021_run-1_T1w,rotate_z_minus2deg,-2,/mnt/d/YandexDisk/kondratevakate/01_insidekatesbrain/01_my_brain_years/reprocessed_2026/foundation_models/neurofm_simon_fastsurfer_mask/masked_inputs/ses-021_run-1_T1w_neurofm_skullstripped.nii.gz,b0dea3d20850f59608fb2391e6c516be66223d83c2f9cd967581a483bbe897d9,simon_neurofm_masked_subset_perturbations,9e36ea4c1bc43ef80120d1fad1f52ae3fc9e712ee5ba22c716315649907e5e4b,NeuroFM,https://github.com/rockNroll87q/NeuroFM.git,d4e3c463910d939a681d24ebdeb26d44dea6878f,neurofm-s,/mnt/d/YandexDisk/kondratevakate/01_insidekatesbrain/01_my_brain_years/reprocessed_2026/foundation_models/simon_model_stability/perturbed_inputs/ses-021_run-1_T1w_rotate_z_minus2deg.nii.gz,82.04545593261719,0.0,25347.0703125,1262511.625,application_branch_not_validation_claim,"NeuroFM output is a model estimate on this preprocessing branch; it is not a segmentation, morphometry, clinical, or validation claim.",39.3455
SIMON,SIMON,021,run-1,,ses-021_run-1_T1w,midi_simon_fastsurfer_orig,existing_fastsurfer_orig_mgz_conformed,42.7,/mnt/d/YandexDisk/kondratevakate/01_insidekatesbrain/01_my_brain_years/reprocessed_2026/foundation_models/simon_model_stability/perturbed_inputs/ses-021_run-1_T1w_rotate_z_plus2deg.nii.gz,,Existing FastSurfer orig.mgz derivative; not raw SIMON BIDS/NIfTI.,/mnt/d/data/fastserfer_simon/ses-021_run-1_T1w_orig.mgz,/mnt/d/data/fastserfer_simon/ses-021_run-1_T1w_aparcDKT+aseg.mgz,/mnt/d/YandexDisk/kondratevakate/01_insidekatesbrain/01_my_brain_years/reprocessed_2026/foundation_models/simon_model_stability/perturbed_inputs/ses-021_run-1_T1w_rotate_z_plus2deg.nii.gz,ok,,256x256x256,256x256x256,1x1x1,1x1x1,1197914,0.071401238,1197914,362769616900e75f2fd80f8e7817472aa2c4c0d40de94bd5b7119e4b3c58b80d,cf02af0422fad9019473ac9256181aa97c671bc54e1ffbd202913f4d6ce2831f,b0dea3d20850f59608fb2391e6c516be66223d83c2f9cd967581a483bbe897d9,stability_qc_perturbation_on_existing_masked_neurofm_input,ses-021_run-1_T1w,rotate_z_plus2deg,2,/mnt/d/YandexDisk/kondratevakate/01_insidekatesbrain/01_my_brain_years/reprocessed_2026/foundation_models/neurofm_simon_fastsurfer_mask/masked_inputs/ses-021_run-1_T1w_neurofm_skullstripped.nii.gz,b0dea3d20850f59608fb2391e6c516be66223d83c2f9cd967581a483bbe897d9,simon_neurofm_masked_subset_perturbations,2a8d36a81d0e82485d95b96fc1641c280c3591a7c261ec9585f86bcd6350b368,NeuroFM,https://github.com/rockNroll87q/NeuroFM.git,d4e3c463910d939a681d24ebdeb26d44dea6878f,neurofm-s,/mnt/d/YandexDisk/kondratevakate/01_insidekatesbrain/01_my_brain_years/reprocessed_2026/foundation_models/simon_model_stability/perturbed_inputs/ses-021_run-1_T1w_rotate_z_plus2deg.nii.gz,80.33702087402344,1.0,21344.08203125,1260495.375,application_branch_not_validation_claim,"NeuroFM output is a model estimate on this preprocessing branch; it is not a segmentation, morphometry, clinical, or validation claim.",37.637
SIMON,SIMON,027,run-1,,ses-027_run-1_T1w,midi_simon_fastsurfer_orig,existing_fastsurfer_orig_mgz_conformed,43.27,/mnt/d/YandexDisk/kondratevakate/01_insidekatesbrain/01_my_brain_years/reprocessed_2026/foundation_models/neurofm_simon_fastsurfer_mask/masked_inputs/ses-027_run-1_T1w_neurofm_skullstripped.nii.gz,,Existing FastSurfer orig.mgz derivative; not raw SIMON BIDS/NIfTI.,/mnt/d/data/fastserfer_simon/ses-027_run-1_T1w_orig.mgz,/mnt/d/data/fastserfer_simon/ses-027_run-1_T1w_aparcDKT+aseg.mgz,/mnt/d/YandexDisk/kondratevakate/01_insidekatesbrain/01_my_brain_years/reprocessed_2026/foundation_models/neurofm_simon_fastsurfer_mask/masked_inputs/ses-027_run-1_T1w_neurofm_skullstripped.nii.gz,ok,,256x256x256,256x256x256,1x1x1,1x1x1,1193155,0.07111758,1193155,c10b407265b0ef8c89492a30e088bb0b042a45f984cbd4dde88477176505e6ec,3fb4c4b4b30460e8b6d05dd08ffe89bca89a14fe158993554ff71a8f1e35ead9,456468b27b03994c0029c19100ec6210bcd84851ea3f350c5292929d9e8b587c,stability_qc_perturbation_on_existing_masked_neurofm_input,ses-027_run-1_T1w,baseline,0,/mnt/d/YandexDisk/kondratevakate/01_insidekatesbrain/01_my_brain_years/reprocessed_2026/foundation_models/neurofm_simon_fastsurfer_mask/masked_inputs/ses-027_run-1_T1w_neurofm_skullstripped.nii.gz,456468b27b03994c0029c19100ec6210bcd84851ea3f350c5292929d9e8b587c,simon_neurofm_masked_subset_perturbations,456468b27b03994c0029c19100ec6210bcd84851ea3f350c5292929d9e8b587c,NeuroFM,https://github.com/rockNroll87q/NeuroFM.git,d4e3c463910d939a681d24ebdeb26d44dea6878f,neurofm-s,/mnt/d/YandexDisk/kondratevakate/01_insidekatesbrain/01_my_brain_years/reprocessed_2026/foundation_models/neurofm_simon_fastsurfer_mask/masked_inputs/ses-027_run-1_T1w_neurofm_skullstripped.nii.gz,81.76237487792969,0.0,27012.51953125,1309778.75,application_branch_not_validation_claim,"NeuroFM output is a model estimate on this preprocessing branch; it is not a segmentation, morphometry, clinical, or validation claim.",38.4924
SIMON,SIMON,027,run-1,,ses-027_run-1_T1w,midi_simon_fastsurfer_orig,existing_fastsurfer_orig_mgz_conformed,43.27,/mnt/d/YandexDisk/kondratevakate/01_insidekatesbrain/01_my_brain_years/reprocessed_2026/foundation_models/simon_model_stability/perturbed_inputs/ses-027_run-1_T1w_brain_size_scale_0p98.nii.gz,,Existing FastSurfer orig.mgz derivative; not raw SIMON BIDS/NIfTI.,/mnt/d/data/fastserfer_simon/ses-027_run-1_T1w_orig.mgz,/mnt/d/data/fastserfer_simon/ses-027_run-1_T1w_aparcDKT+aseg.mgz,/mnt/d/YandexDisk/kondratevakate/01_insidekatesbrain/01_my_brain_years/reprocessed_2026/foundation_models/simon_model_stability/perturbed_inputs/ses-027_run-1_T1w_brain_size_scale_0p98.nii.gz,ok,,256x256x256,256x256x256,1x1x1,1x1x1,1193155,0.07111758,1193155,c10b407265b0ef8c89492a30e088bb0b042a45f984cbd4dde88477176505e6ec,3fb4c4b4b30460e8b6d05dd08ffe89bca89a14fe158993554ff71a8f1e35ead9,456468b27b03994c0029c19100ec6210bcd84851ea3f350c5292929d9e8b587c,stability_qc_perturbation_on_existing_masked_neurofm_input,ses-027_run-1_T1w,brain_size_scale_0p98,0.98,/mnt/d/YandexDisk/kondratevakate/01_insidekatesbrain/01_my_brain_years/reprocessed_2026/foundation_models/neurofm_simon_fastsurfer_mask/masked_inputs/ses-027_run-1_T1w_neurofm_skullstripped.nii.gz,456468b27b03994c0029c19100ec6210bcd84851ea3f350c5292929d9e8b587c,simon_neurofm_masked_subset_perturbations,ee7b2c71b3837962959fae81f8f93a6e6d1e7101176dae37e13957572f062e6c,NeuroFM,https://github.com/rockNroll87q/NeuroFM.git,d4e3c463910d939a681d24ebdeb26d44dea6878f,neurofm-s,/mnt/d/YandexDisk/kondratevakate/01_insidekatesbrain/01_my_brain_years/reprocessed_2026/foundation_models/simon_model_stability/perturbed_inputs/ses-027_run-1_T1w_brain_size_scale_0p98.nii.gz,77.51409149169922,0.0,28162.890625,1292402.125,application_branch_not_validation_claim,"NeuroFM output is a model estimate on this preprocessing branch; it is not a segmentation, morphometry, clinical, or validation claim.",34.2441
SIMON,SIMON,027,run-1,,ses-027_run-1_T1w,midi_simon_fastsurfer_orig,existing_fastsurfer_orig_mgz_conformed,43.27,/mnt/d/YandexDisk/kondratevakate/01_insidekatesbrain/01_my_brain_years/reprocessed_2026/foundation_models/simon_model_stability/perturbed_inputs/ses-027_run-1_T1w_brain_size_scale_1p02.nii.gz,,Existing FastSurfer orig.mgz derivative; not raw SIMON BIDS/NIfTI.,/mnt/d/data/fastserfer_simon/ses-027_run-1_T1w_orig.mgz,/mnt/d/data/fastserfer_simon/ses-027_run-1_T1w_aparcDKT+aseg.mgz,/mnt/d/YandexDisk/kondratevakate/01_insidekatesbrain/01_my_brain_years/reprocessed_2026/foundation_models/simon_model_stability/perturbed_inputs/ses-027_run-1_T1w_brain_size_scale_1p02.nii.gz,ok,,256x256x256,256x256x256,1x1x1,1x1x1,1193155,0.07111758,1193155,c10b407265b0ef8c89492a30e088bb0b042a45f984cbd4dde88477176505e6ec,3fb4c4b4b30460e8b6d05dd08ffe89bca89a14fe158993554ff71a8f1e35ead9,456468b27b03994c0029c19100ec6210bcd84851ea3f350c5292929d9e8b587c,stability_qc_perturbation_on_existing_masked_neurofm_input,ses-027_run-1_T1w,brain_size_scale_1p02,1.02,/mnt/d/YandexDisk/kondratevakate/01_insidekatesbrain/01_my_brain_years/reprocessed_2026/foundation_models/neurofm_simon_fastsurfer_mask/masked_inputs/ses-027_run-1_T1w_neurofm_skullstripped.nii.gz,456468b27b03994c0029c19100ec6210bcd84851ea3f350c5292929d9e8b587c,simon_neurofm_masked_subset_perturbations,909466531daa0d0cb3b4db43a9618a38f971fafd79bda1ba4aba3264bc744d95,NeuroFM,https://github.com/rockNroll87q/NeuroFM.git,d4e3c463910d939a681d24ebdeb26d44dea6878f,neurofm-s,/mnt/d/YandexDisk/kondratevakate/01_insidekatesbrain/01_my_brain_years/reprocessed_2026/foundation_models/simon_model_stability/perturbed_inputs/ses-027_run-1_T1w_brain_size_scale_1p02.nii.gz,81.54496765136719,0.0,24833.412109375,1348977.5,application_branch_not_validation_claim,"NeuroFM output is a model estimate on this preprocessing branch; it is not a segmentation, morphometry, clinical, or validation claim.",38.275
SIMON,SIMON,027,run-1,,ses-027_run-1_T1w,midi_simon_fastsurfer_orig,existing_fastsurfer_orig_mgz_conformed,43.27,/mnt/d/YandexDisk/kondratevakate/01_insidekatesbrain/01_my_brain_years/reprocessed_2026/foundation_models/simon_model_stability/perturbed_inputs/ses-027_run-1_T1w_resample_roundtrip_0p98.nii.gz,,Existing FastSurfer orig.mgz derivative; not raw SIMON BIDS/NIfTI.,/mnt/d/data/fastserfer_simon/ses-027_run-1_T1w_orig.mgz,/mnt/d/data/fastserfer_simon/ses-027_run-1_T1w_aparcDKT+aseg.mgz,/mnt/d/YandexDisk/kondratevakate/01_insidekatesbrain/01_my_brain_years/reprocessed_2026/foundation_models/simon_model_stability/perturbed_inputs/ses-027_run-1_T1w_resample_roundtrip_0p98.nii.gz,ok,,256x256x256,256x256x256,1x1x1,1x1x1,1193155,0.07111758,1193155,c10b407265b0ef8c89492a30e088bb0b042a45f984cbd4dde88477176505e6ec,3fb4c4b4b30460e8b6d05dd08ffe89bca89a14fe158993554ff71a8f1e35ead9,456468b27b03994c0029c19100ec6210bcd84851ea3f350c5292929d9e8b587c,stability_qc_perturbation_on_existing_masked_neurofm_input,ses-027_run-1_T1w,resample_roundtrip_0p98,0.98,/mnt/d/YandexDisk/kondratevakate/01_insidekatesbrain/01_my_brain_years/reprocessed_2026/foundation_models/neurofm_simon_fastsurfer_mask/masked_inputs/ses-027_run-1_T1w_neurofm_skullstripped.nii.gz,456468b27b03994c0029c19100ec6210bcd84851ea3f350c5292929d9e8b587c,simon_neurofm_masked_subset_perturbations,6c054c036cd5850656c619686d3f5899756fc1a589a4bc814d004bacbf58229b,NeuroFM,https://github.com/rockNroll87q/NeuroFM.git,d4e3c463910d939a681d24ebdeb26d44dea6878f,neurofm-s,/mnt/d/YandexDisk/kondratevakate/01_insidekatesbrain/01_my_brain_years/reprocessed_2026/foundation_models/simon_model_stability/perturbed_inputs/ses-027_run-1_T1w_resample_roundtrip_0p98.nii.gz,79.68070220947266,0.0,24396.20703125,1322030.25,application_branch_not_validation_claim,"NeuroFM output is a model estimate on this preprocessing branch; it is not a segmentation, morphometry, clinical, or validation claim.",36.4107
SIMON,SIMON,027,run-1,,ses-027_run-1_T1w,midi_simon_fastsurfer_orig,existing_fastsurfer_orig_mgz_conformed,43.27,/mnt/d/YandexDisk/kondratevakate/01_insidekatesbrain/01_my_brain_years/reprocessed_2026/foundation_models/simon_model_stability/perturbed_inputs/ses-027_run-1_T1w_resample_roundtrip_1p02.nii.gz,,Existing FastSurfer orig.mgz derivative; not raw SIMON BIDS/NIfTI.,/mnt/d/data/fastserfer_simon/ses-027_run-1_T1w_orig.mgz,/mnt/d/data/fastserfer_simon/ses-027_run-1_T1w_aparcDKT+aseg.mgz,/mnt/d/YandexDisk/kondratevakate/01_insidekatesbrain/01_my_brain_years/reprocessed_2026/foundation_models/simon_model_stability/perturbed_inputs/ses-027_run-1_T1w_resample_roundtrip_1p02.nii.gz,ok,,256x256x256,256x256x256,1x1x1,1x1x1,1193155,0.07111758,1193155,c10b407265b0ef8c89492a30e088bb0b042a45f984cbd4dde88477176505e6ec,3fb4c4b4b30460e8b6d05dd08ffe89bca89a14fe158993554ff71a8f1e35ead9,456468b27b03994c0029c19100ec6210bcd84851ea3f350c5292929d9e8b587c,stability_qc_perturbation_on_existing_masked_neurofm_input,ses-027_run-1_T1w,resample_roundtrip_1p02,1.02,/mnt/d/YandexDisk/kondratevakate/01_insidekatesbrain/01_my_brain_years/reprocessed_2026/foundation_models/neurofm_simon_fastsurfer_mask/masked_inputs/ses-027_run-1_T1w_neurofm_skullstripped.nii.gz,456468b27b03994c0029c19100ec6210bcd84851ea3f350c5292929d9e8b587c,simon_neurofm_masked_subset_perturbations,fa83f9c481d99f46dcc50dd450f0c49e23708b8d895bb34ac22141b8907834bd,NeuroFM,https://github.com/rockNroll87q/NeuroFM.git,d4e3c463910d939a681d24ebdeb26d44dea6878f,neurofm-s,/mnt/d/YandexDisk/kondratevakate/01_insidekatesbrain/01_my_brain_years/reprocessed_2026/foundation_models/simon_model_stability/perturbed_inputs/ses-027_run-1_T1w_resample_roundtrip_1p02.nii.gz,79.42445373535156,0.0,24284.326171875,1327136.625,application_branch_not_validation_claim,"NeuroFM output is a model estimate on this preprocessing branch; it is not a segmentation, morphometry, clinical, or validation claim.",36.1545
SIMON,SIMON,027,run-1,,ses-027_run-1_T1w,midi_simon_fastsurfer_orig,existing_fastsurfer_orig_mgz_conformed,43.27,/mnt/d/YandexDisk/kondratevakate/01_insidekatesbrain/01_my_brain_years/reprocessed_2026/foundation_models/simon_model_stability/perturbed_inputs/ses-027_run-1_T1w_rotate_z_minus2deg.nii.gz,,Existing FastSurfer orig.mgz derivative; not raw SIMON BIDS/NIfTI.,/mnt/d/data/fastserfer_simon/ses-027_run-1_T1w_orig.mgz,/mnt/d/data/fastserfer_simon/ses-027_run-1_T1w_aparcDKT+aseg.mgz,/mnt/d/YandexDisk/kondratevakate/01_insidekatesbrain/01_my_brain_years/reprocessed_2026/foundation_models/simon_model_stability/perturbed_inputs/ses-027_run-1_T1w_rotate_z_minus2deg.nii.gz,ok,,256x256x256,256x256x256,1x1x1,1x1x1,1193155,0.07111758,1193155,c10b407265b0ef8c89492a30e088bb0b042a45f984cbd4dde88477176505e6ec,3fb4c4b4b30460e8b6d05dd08ffe89bca89a14fe158993554ff71a8f1e35ead9,456468b27b03994c0029c19100ec6210bcd84851ea3f350c5292929d9e8b587c,stability_qc_perturbation_on_existing_masked_neurofm_input,ses-027_run-1_T1w,rotate_z_minus2deg,-2,/mnt/d/YandexDisk/kondratevakate/01_insidekatesbrain/01_my_brain_years/reprocessed_2026/foundation_models/neurofm_simon_fastsurfer_mask/masked_inputs/ses-027_run-1_T1w_neurofm_skullstripped.nii.gz,456468b27b03994c0029c19100ec6210bcd84851ea3f350c5292929d9e8b587c,simon_neurofm_masked_subset_perturbations,74abcf39670671956966ed82e4e70d0930e4b7035c44a9f26d81f8aaeca2cef3,NeuroFM,https://github.com/rockNroll87q/NeuroFM.git,d4e3c463910d939a681d24ebdeb26d44dea6878f,neurofm-s,/mnt/d/YandexDisk/kondratevakate/01_insidekatesbrain/01_my_brain_years/reprocessed_2026/foundation_models/simon_model_stability/perturbed_inputs/ses-027_run-1_T1w_rotate_z_minus2deg.nii.gz,79.65265655517578,0.0,22675.609375,1341849.25,application_branch_not_validation_claim,"NeuroFM output is a model estimate on this preprocessing branch; it is not a segmentation, morphometry, clinical, or validation claim.",36.3827
SIMON,SIMON,027,run-1,,ses-027_run-1_T1w,midi_simon_fastsurfer_orig,existing_fastsurfer_orig_mgz_conformed,43.27,/mnt/d/YandexDisk/kondratevakate/01_insidekatesbrain/01_my_brain_years/reprocessed_2026/foundation_models/simon_model_stability/perturbed_inputs/ses-027_run-1_T1w_rotate_z_plus2deg.nii.gz,,Existing FastSurfer orig.mgz derivative; not raw SIMON BIDS/NIfTI.,/mnt/d/data/fastserfer_simon/ses-027_run-1_T1w_orig.mgz,/mnt/d/data/fastserfer_simon/ses-027_run-1_T1w_aparcDKT+aseg.mgz,/mnt/d/YandexDisk/kondratevakate/01_insidekatesbrain/01_my_brain_years/reprocessed_2026/foundation_models/simon_model_stability/perturbed_inputs/ses-027_run-1_T1w_rotate_z_plus2deg.nii.gz,ok,,256x256x256,256x256x256,1x1x1,1x1x1,1193155,0.07111758,1193155,c10b407265b0ef8c89492a30e088bb0b042a45f984cbd4dde88477176505e6ec,3fb4c4b4b30460e8b6d05dd08ffe89bca89a14fe158993554ff71a8f1e35ead9,456468b27b03994c0029c19100ec6210bcd84851ea3f350c5292929d9e8b587c,stability_qc_perturbation_on_existing_masked_neurofm_input,ses-027_run-1_T1w,rotate_z_plus2deg,2,/mnt/d/YandexDisk/kondratevakate/01_insidekatesbrain/01_my_brain_years/reprocessed_2026/foundation_models/neurofm_simon_fastsurfer_mask/masked_inputs/ses-027_run-1_T1w_neurofm_skullstripped.nii.gz,456468b27b03994c0029c19100ec6210bcd84851ea3f350c5292929d9e8b587c,simon_neurofm_masked_subset_perturbations,369acf66e7fbda2546482ff70142b29636ea30ac186eeecdc0736797509207fd,NeuroFM,https://github.com/rockNroll87q/NeuroFM.git,d4e3c463910d939a681d24ebdeb26d44dea6878f,neurofm-s,/mnt/d/YandexDisk/kondratevakate/01_insidekatesbrain/01_my_brain_years/reprocessed_2026/foundation_models/simon_model_stability/perturbed_inputs/ses-027_run-1_T1w_rotate_z_plus2deg.nii.gz,79.50689697265625,0.0,22087.876953125,1305587.875,application_branch_not_validation_claim,"NeuroFM output is a model estimate on this preprocessing branch; it is not a segmentation, morphometry, clinical, or validation claim.",36.2369
SIMON,SIMON,034,run-1,acq-08iso,ses-034_acq-08iso_run-1_T1w,midi_simon_fastsurfer_orig,existing_fastsurfer_orig_mgz_conformed,43.83,/mnt/d/YandexDisk/kondratevakate/01_insidekatesbrain/01_my_brain_years/reprocessed_2026/foundation_models/neurofm_simon_fastsurfer_mask/masked_inputs/ses-034_acq-08iso_run-1_T1w_neurofm_skullstripped.nii.gz,,Existing FastSurfer orig.mgz derivative; not raw SIMON BIDS/NIfTI.,/mnt/d/data/fastserfer_simon/ses-034_acq-08iso_run-1_T1w_orig.mgz,/mnt/d/data/fastserfer_simon/ses-034_acq-08iso_run-1_T1w_aparcDKT+aseg.mgz,/mnt/d/YandexDisk/kondratevakate/01_insidekatesbrain/01_my_brain_years/reprocessed_2026/foundation_models/neurofm_simon_fastsurfer_mask/masked_inputs/ses-034_acq-08iso_run-1_T1w_neurofm_skullstripped.nii.gz,ok,,290x290x290,290x290x290,0.83x0.83x0.83,0.83x0.83x0.83,2169514,0.088954611,2169514,cb8f446134678074939ee862b7f6bdce5d379ce17960804af830c8cf7d1d00fc,410b411e62534f49003c9f2b16584f37b639dceeab0143bce66ad9fea3a1db89,b45a56293ec44ae60fc6a3294c28da07e879795d9098e432985654ac9b188696,stability_qc_perturbation_on_existing_masked_neurofm_input,ses-034_acq-08iso_run-1_T1w,baseline,0,/mnt/d/YandexDisk/kondratevakate/01_insidekatesbrain/01_my_brain_years/reprocessed_2026/foundation_models/neurofm_simon_fastsurfer_mask/masked_inputs/ses-034_acq-08iso_run-1_T1w_neurofm_skullstripped.nii.gz,b45a56293ec44ae60fc6a3294c28da07e879795d9098e432985654ac9b188696,simon_neurofm_masked_subset_perturbations,b45a56293ec44ae60fc6a3294c28da07e879795d9098e432985654ac9b188696,NeuroFM,https://github.com/rockNroll87q/NeuroFM.git,d4e3c463910d939a681d24ebdeb26d44dea6878f,neurofm-s,/mnt/d/YandexDisk/kondratevakate/01_insidekatesbrain/01_my_brain_years/reprocessed_2026/foundation_models/neurofm_simon_fastsurfer_mask/masked_inputs/ses-034_acq-08iso_run-1_T1w_neurofm_skullstripped.nii.gz,83.22633361816406,0.0,23590.6875,1371712.75,application_branch_not_validation_claim,"NeuroFM output is a model estimate on this preprocessing branch; it is not a segmentation, morphometry, clinical, or validation claim.",39.3963
SIMON,SIMON,034,run-1,acq-08iso,ses-034_acq-08iso_run-1_T1w,midi_simon_fastsurfer_orig,existing_fastsurfer_orig_mgz_conformed,43.83,/mnt/d/YandexDisk/kondratevakate/01_insidekatesbrain/01_my_brain_years/reprocessed_2026/foundation_models/simon_model_stability/perturbed_inputs/ses-034_acq-08iso_run-1_T1w_brain_size_scale_0p98.nii.gz,,Existing FastSurfer orig.mgz derivative; not raw SIMON BIDS/NIfTI.,/mnt/d/data/fastserfer_simon/ses-034_acq-08iso_run-1_T1w_orig.mgz,/mnt/d/data/fastserfer_simon/ses-034_acq-08iso_run-1_T1w_aparcDKT+aseg.mgz,/mnt/d/YandexDisk/kondratevakate/01_insidekatesbrain/01_my_brain_years/reprocessed_2026/foundation_models/simon_model_stability/perturbed_inputs/ses-034_acq-08iso_run-1_T1w_brain_size_scale_0p98.nii.gz,ok,,290x290x290,290x290x290,0.83x0.83x0.83,0.83x0.83x0.83,2169514,0.088954611,2169514,cb8f446134678074939ee862b7f6bdce5d379ce17960804af830c8cf7d1d00fc,410b411e62534f49003c9f2b16584f37b639dceeab0143bce66ad9fea3a1db89,b45a56293ec44ae60fc6a3294c28da07e879795d9098e432985654ac9b188696,stability_qc_perturbation_on_existing_masked_neurofm_input,ses-034_acq-08iso_run-1_T1w,brain_size_scale_0p98,0.98,/mnt/d/YandexDisk/kondratevakate/01_insidekatesbrain/01_my_brain_years/reprocessed_2026/foundation_models/neurofm_simon_fastsurfer_mask/masked_inputs/ses-034_acq-08iso_run-1_T1w_neurofm_skullstripped.nii.gz,b45a56293ec44ae60fc6a3294c28da07e879795d9098e432985654ac9b188696,simon_neurofm_masked_subset_perturbations,7f21c5feb8d78acdac1fb22f934be0e71b54e54138823b3eff87acf0aa3bd5be,NeuroFM,https://github.com/rockNroll87q/NeuroFM.git,d4e3c463910d939a681d24ebdeb26d44dea6878f,neurofm-s,/mnt/d/YandexDisk/kondratevakate/01_insidekatesbrain/01_my_brain_years/reprocessed_2026/foundation_models/simon_model_stability/perturbed_inputs/ses-034_acq-08iso_run-1_T1w_brain_size_scale_0p98.nii.gz,81.18392181396484,0.0,25902.224609375,1358100.875,application_branch_not_validation_claim,"NeuroFM output is a model estimate on this preprocessing branch; it is not a segmentation, morphometry, clinical, or validation claim.",37.3539
SIMON,SIMON,034,run-1,acq-08iso,ses-034_acq-08iso_run-1_T1w,midi_simon_fastsurfer_orig,existing_fastsurfer_orig_mgz_conformed,43.83,/mnt/d/YandexDisk/kondratevakate/01_insidekatesbrain/01_my_brain_years/reprocessed_2026/foundation_models/simon_model_stability/perturbed_inputs/ses-034_acq-08iso_run-1_T1w_brain_size_scale_1p02.nii.gz,,Existing FastSurfer orig.mgz derivative; not raw SIMON BIDS/NIfTI.,/mnt/d/data/fastserfer_simon/ses-034_acq-08iso_run-1_T1w_orig.mgz,/mnt/d/data/fastserfer_simon/ses-034_acq-08iso_run-1_T1w_aparcDKT+aseg.mgz,/mnt/d/YandexDisk/kondratevakate/01_insidekatesbrain/01_my_brain_years/reprocessed_2026/foundation_models/simon_model_stability/perturbed_inputs/ses-034_acq-08iso_run-1_T1w_brain_size_scale_1p02.nii.gz,ok,,290x290x290,290x290x290,0.83x0.83x0.83,0.83x0.83x0.83,2169514,0.088954611,2169514,cb8f446134678074939ee862b7f6bdce5d379ce17960804af830c8cf7d1d00fc,410b411e62534f49003c9f2b16584f37b639dceeab0143bce66ad9fea3a1db89,b45a56293ec44ae60fc6a3294c28da07e879795d9098e432985654ac9b188696,stability_qc_perturbation_on_existing_masked_neurofm_input,ses-034_acq-08iso_run-1_T1w,brain_size_scale_1p02,1.02,/mnt/d/YandexDisk/kondratevakate/01_insidekatesbrain/01_my_brain_years/reprocessed_2026/foundation_models/neurofm_simon_fastsurfer_mask/masked_inputs/ses-034_acq-08iso_run-1_T1w_neurofm_skullstripped.nii.gz,b45a56293ec44ae60fc6a3294c28da07e879795d9098e432985654ac9b188696,simon_neurofm_masked_subset_perturbations,13b3225a53b41177c667404d8531e88d2a4f7de1469eb6b4b1547f2fbac0e7b9,NeuroFM,https://github.com/rockNroll87q/NeuroFM.git,d4e3c463910d939a681d24ebdeb26d44dea6878f,neurofm-s,/mnt/d/YandexDisk/kondratevakate/01_insidekatesbrain/01_my_brain_years/reprocessed_2026/foundation_models/simon_model_stability/perturbed_inputs/ses-034_acq-08iso_run-1_T1w_brain_size_scale_1p02.nii.gz,82.92449188232422,0.0,23232.220703125,1409398.25,application_branch_not_validation_claim,"NeuroFM output is a model estimate on this preprocessing branch; it is not a segmentation, morphometry, clinical, or validation claim.",39.0945
SIMON,SIMON,034,run-1,acq-08iso,ses-034_acq-08iso_run-1_T1w,midi_simon_fastsurfer_orig,existing_fastsurfer_orig_mgz_conformed,43.83,/mnt/d/YandexDisk/kondratevakate/01_insidekatesbrain/01_my_brain_years/reprocessed_2026/foundation_models/simon_model_stability/perturbed_inputs/ses-034_acq-08iso_run-1_T1w_resample_roundtrip_0p98.nii.gz,,Existing FastSurfer orig.mgz derivative; not raw SIMON BIDS/NIfTI.,/mnt/d/data/fastserfer_simon/ses-034_acq-08iso_run-1_T1w_orig.mgz,/mnt/d/data/fastserfer_simon/ses-034_acq-08iso_run-1_T1w_aparcDKT+aseg.mgz,/mnt/d/YandexDisk/kondratevakate/01_insidekatesbrain/01_my_brain_years/reprocessed_2026/foundation_models/simon_model_stability/perturbed_inputs/ses-034_acq-08iso_run-1_T1w_resample_roundtrip_0p98.nii.gz,ok,,290x290x290,290x290x290,0.83x0.83x0.83,0.83x0.83x0.83,2169514,0.088954611,2169514,cb8f446134678074939ee862b7f6bdce5d379ce17960804af830c8cf7d1d00fc,410b411e62534f49003c9f2b16584f37b639dceeab0143bce66ad9fea3a1db89,b45a56293ec44ae60fc6a3294c28da07e879795d9098e432985654ac9b188696,stability_qc_perturbation_on_existing_masked_neurofm_input,ses-034_acq-08iso_run-1_T1w,resample_roundtrip_0p98,0.98,/mnt/d/YandexDisk/kondratevakate/01_insidekatesbrain/01_my_brain_years/reprocessed_2026/foundation_models/neurofm_simon_fastsurfer_mask/masked_inputs/ses-034_acq-08iso_run-1_T1w_neurofm_skullstripped.nii.gz,b45a56293ec44ae60fc6a3294c28da07e879795d9098e432985654ac9b188696,simon_neurofm_masked_subset_perturbations,6800961aba017e331f4101f757298b8a301e25fb1f74171977765944c82f5312,NeuroFM,https://github.com/rockNroll87q/NeuroFM.git,d4e3c463910d939a681d24ebdeb26d44dea6878f,neurofm-s,/mnt/d/YandexDisk/kondratevakate/01_insidekatesbrain/01_my_brain_years/reprocessed_2026/foundation_models/simon_model_stability/perturbed_inputs/ses-034_acq-08iso_run-1_T1w_resample_roundtrip_0p98.nii.gz,82.25176239013672,0.0,22422.376953125,1380952.875,application_branch_not_validation_claim,"NeuroFM output is a model estimate on this preprocessing branch; it is not a segmentation, morphometry, clinical, or validation claim.",38.4218
SIMON,SIMON,034,run-1,acq-08iso,ses-034_acq-08iso_run-1_T1w,midi_simon_fastsurfer_orig,existing_fastsurfer_orig_mgz_conformed,43.83,/mnt/d/YandexDisk/kondratevakate/01_insidekatesbrain/01_my_brain_years/reprocessed_2026/foundation_models/simon_model_stability/perturbed_inputs/ses-034_acq-08iso_run-1_T1w_resample_roundtrip_1p02.nii.gz,,Existing FastSurfer orig.mgz derivative; not raw SIMON BIDS/NIfTI.,/mnt/d/data/fastserfer_simon/ses-034_acq-08iso_run-1_T1w_orig.mgz,/mnt/d/data/fastserfer_simon/ses-034_acq-08iso_run-1_T1w_aparcDKT+aseg.mgz,/mnt/d/YandexDisk/kondratevakate/01_insidekatesbrain/01_my_brain_years/reprocessed_2026/foundation_models/simon_model_stability/perturbed_inputs/ses-034_acq-08iso_run-1_T1w_resample_roundtrip_1p02.nii.gz,ok,,290x290x290,290x290x290,0.83x0.83x0.83,0.83x0.83x0.83,2169514,0.088954611,2169514,cb8f446134678074939ee862b7f6bdce5d379ce17960804af830c8cf7d1d00fc,410b411e62534f49003c9f2b16584f37b639dceeab0143bce66ad9fea3a1db89,b45a56293ec44ae60fc6a3294c28da07e879795d9098e432985654ac9b188696,stability_qc_perturbation_on_existing_masked_neurofm_input,ses-034_acq-08iso_run-1_T1w,resample_roundtrip_1p02,1.02,/mnt/d/YandexDisk/kondratevakate/01_insidekatesbrain/01_my_brain_years/reprocessed_2026/foundation_models/neurofm_simon_fastsurfer_mask/masked_inputs/ses-034_acq-08iso_run-1_T1w_neurofm_skullstripped.nii.gz,b45a56293ec44ae60fc6a3294c28da07e879795d9098e432985654ac9b188696,simon_neurofm_masked_subset_perturbations,57b8de8c46d908418c73f97b005fc37b44022126d075bca35e9eecf3a432715e,NeuroFM,https://github.com/rockNroll87q/NeuroFM.git,d4e3c463910d939a681d24ebdeb26d44dea6878f,neurofm-s,/mnt/d/YandexDisk/kondratevakate/01_insidekatesbrain/01_my_brain_years/reprocessed_2026/foundation_models/simon_model_stability/perturbed_inputs/ses-034_acq-08iso_run-1_T1w_resample_roundtrip_1p02.nii.gz,82.60366821289062,0.0,22649.267578125,1378708.375,application_branch_not_validation_claim,"NeuroFM output is a model estimate on this preprocessing branch; it is not a segmentation, morphometry, clinical, or validation claim.",38.7737
SIMON,SIMON,034,run-1,acq-08iso,ses-034_acq-08iso_run-1_T1w,midi_simon_fastsurfer_orig,existing_fastsurfer_orig_mgz_conformed,43.83,/mnt/d/YandexDisk/kondratevakate/01_insidekatesbrain/01_my_brain_years/reprocessed_2026/foundation_models/simon_model_stability/perturbed_inputs/ses-034_acq-08iso_run-1_T1w_rotate_z_minus2deg.nii.gz,,Existing FastSurfer orig.mgz derivative; not raw SIMON BIDS/NIfTI.,/mnt/d/data/fastserfer_simon/ses-034_acq-08iso_run-1_T1w_orig.mgz,/mnt/d/data/fastserfer_simon/ses-034_acq-08iso_run-1_T1w_aparcDKT+aseg.mgz,/mnt/d/YandexDisk/kondratevakate/01_insidekatesbrain/01_my_brain_years/reprocessed_2026/foundation_models/simon_model_stability/perturbed_inputs/ses-034_acq-08iso_run-1_T1w_rotate_z_minus2deg.nii.gz,ok,,290x290x290,290x290x290,0.83x0.83x0.83,0.83x0.83x0.83,2169514,0.088954611,2169514,cb8f446134678074939ee862b7f6bdce5d379ce17960804af830c8cf7d1d00fc,410b411e62534f49003c9f2b16584f37b639dceeab0143bce66ad9fea3a1db89,b45a56293ec44ae60fc6a3294c28da07e879795d9098e432985654ac9b188696,stability_qc_perturbation_on_existing_masked_neurofm_input,ses-034_acq-08iso_run-1_T1w,rotate_z_minus2deg,-2,/mnt/d/YandexDisk/kondratevakate/01_insidekatesbrain/01_my_brain_years/reprocessed_2026/foundation_models/neurofm_simon_fastsurfer_mask/masked_inputs/ses-034_acq-08iso_run-1_T1w_neurofm_skullstripped.nii.gz,b45a56293ec44ae60fc6a3294c28da07e879795d9098e432985654ac9b188696,simon_neurofm_masked_subset_perturbations,598d7164519b831c4cc14d31d2c434c477f74f69e58f41dca984d9c9ea44b636,NeuroFM,https://github.com/rockNroll87q/NeuroFM.git,d4e3c463910d939a681d24ebdeb26d44dea6878f,neurofm-s,/mnt/d/YandexDisk/kondratevakate/01_insidekatesbrain/01_my_brain_years/reprocessed_2026/foundation_models/simon_model_stability/perturbed_inputs/ses-034_acq-08iso_run-1_T1w_rotate_z_minus2deg.nii.gz,84.48125457763672,0.0,25658.529296875,1360399.875,application_branch_not_validation_claim,"NeuroFM output is a model estimate on this preprocessing branch; it is not a segmentation, morphometry, clinical, or validation claim.",40.6513
SIMON,SIMON,034,run-1,acq-08iso,ses-034_acq-08iso_run-1_T1w,midi_simon_fastsurfer_orig,existing_fastsurfer_orig_mgz_conformed,43.83,/mnt/d/YandexDisk/kondratevakate/01_insidekatesbrain/01_my_brain_years/reprocessed_2026/foundation_models/simon_model_stability/perturbed_inputs/ses-034_acq-08iso_run-1_T1w_rotate_z_plus2deg.nii.gz,,Existing FastSurfer orig.mgz derivative; not raw SIMON BIDS/NIfTI.,/mnt/d/data/fastserfer_simon/ses-034_acq-08iso_run-1_T1w_orig.mgz,/mnt/d/data/fastserfer_simon/ses-034_acq-08iso_run-1_T1w_aparcDKT+aseg.mgz,/mnt/d/YandexDisk/kondratevakate/01_insidekatesbrain/01_my_brain_years/reprocessed_2026/foundation_models/simon_model_stability/perturbed_inputs/ses-034_acq-08iso_run-1_T1w_rotate_z_plus2deg.nii.gz,ok,,290x290x290,290x290x290,0.83x0.83x0.83,0.83x0.83x0.83,2169514,0.088954611,2169514,cb8f446134678074939ee862b7f6bdce5d379ce17960804af830c8cf7d1d00fc,410b411e62534f49003c9f2b16584f37b639dceeab0143bce66ad9fea3a1db89,b45a56293ec44ae60fc6a3294c28da07e879795d9098e432985654ac9b188696,stability_qc_perturbation_on_existing_masked_neurofm_input,ses-034_acq-08iso_run-1_T1w,rotate_z_plus2deg,2,/mnt/d/YandexDisk/kondratevakate/01_insidekatesbrain/01_my_brain_years/reprocessed_2026/foundation_models/neurofm_simon_fastsurfer_mask/masked_inputs/ses-034_acq-08iso_run-1_T1w_neurofm_skullstripped.nii.gz,b45a56293ec44ae60fc6a3294c28da07e879795d9098e432985654ac9b188696,simon_neurofm_masked_subset_perturbations,8c0a802f7e45cb887c4a7824d7f9382823652835620e9a0c7f4df5c451b1c75e,NeuroFM,https://github.com/rockNroll87q/NeuroFM.git,d4e3c463910d939a681d24ebdeb26d44dea6878f,neurofm-s,/mnt/d/YandexDisk/kondratevakate/01_insidekatesbrain/01_my_brain_years/reprocessed_2026/foundation_models/simon_model_stability/perturbed_inputs/ses-034_acq-08iso_run-1_T1w_rotate_z_plus2deg.nii.gz,84.95960998535156,0.0,22417.34375,1350399.5,application_branch_not_validation_claim,"NeuroFM output is a model estimate on this preprocessing branch; it is not a segmentation, morphometry, clinical, or validation claim.",41.1296
SIMON,SIMON,040,run-1,,ses-040_run-1_T1w,midi_simon_fastsurfer_orig,existing_fastsurfer_orig_mgz_conformed,44.81,/mnt/d/YandexDisk/kondratevakate/01_insidekatesbrain/01_my_brain_years/reprocessed_2026/foundation_models/neurofm_simon_fastsurfer_mask/masked_inputs/ses-040_run-1_T1w_neurofm_skullstripped.nii.gz,,Existing FastSurfer orig.mgz derivative; not raw SIMON BIDS/NIfTI.,/mnt/d/data/fastserfer_simon/ses-040_run-1_T1w_orig.mgz,/mnt/d/data/fastserfer_simon/ses-040_run-1_T1w_aparcDKT+aseg.mgz,/mnt/d/YandexDisk/kondratevakate/01_insidekatesbrain/01_my_brain_years/reprocessed_2026/foundation_models/neurofm_simon_fastsurfer_mask/masked_inputs/ses-040_run-1_T1w_neurofm_skullstripped.nii.gz,ok,,256x256x256,256x256x256,1x1x1,1x1x1,1203269,0.071720421,1203269,8ca3dff47b89aa943d1ca44d18ed4e26a4c46a024806ab995b5e6771d21a64e1,95e3e53a873c74506c59fb3d86a89ef6172d07807114a2dadd1f7557c80f5bac,091e82dee645a0627232d70b52572ca12e496e80eaecdcb41685668d9ed13e16,stability_qc_perturbation_on_existing_masked_neurofm_input,ses-040_run-1_T1w,baseline,0,/mnt/d/YandexDisk/kondratevakate/01_insidekatesbrain/01_my_brain_years/reprocessed_2026/foundation_models/neurofm_simon_fastsurfer_mask/masked_inputs/ses-040_run-1_T1w_neurofm_skullstripped.nii.gz,091e82dee645a0627232d70b52572ca12e496e80eaecdcb41685668d9ed13e16,simon_neurofm_masked_subset_perturbations,091e82dee645a0627232d70b52572ca12e496e80eaecdcb41685668d9ed13e16,NeuroFM,https://github.com/rockNroll87q/NeuroFM.git,d4e3c463910d939a681d24ebdeb26d44dea6878f,neurofm-s,/mnt/d/YandexDisk/kondratevakate/01_insidekatesbrain/01_my_brain_years/reprocessed_2026/foundation_models/neurofm_simon_fastsurfer_mask/masked_inputs/ses-040_run-1_T1w_neurofm_skullstripped.nii.gz,83.8008041381836,0.0,24027.3046875,1271686.0,application_branch_not_validation_claim,"NeuroFM output is a model estimate on this preprocessing branch; it is not a segmentation, morphometry, clinical, or validation claim.",38.9908
SIMON,SIMON,040,run-1,,ses-040_run-1_T1w,midi_simon_fastsurfer_orig,existing_fastsurfer_orig_mgz_conformed,44.81,/mnt/d/YandexDisk/kondratevakate/01_insidekatesbrain/01_my_brain_years/reprocessed_2026/foundation_models/simon_model_stability/perturbed_inputs/ses-040_run-1_T1w_brain_size_scale_0p98.nii.gz,,Existing FastSurfer orig.mgz derivative; not raw SIMON BIDS/NIfTI.,/mnt/d/data/fastserfer_simon/ses-040_run-1_T1w_orig.mgz,/mnt/d/data/fastserfer_simon/ses-040_run-1_T1w_aparcDKT+aseg.mgz,/mnt/d/YandexDisk/kondratevakate/01_insidekatesbrain/01_my_brain_years/reprocessed_2026/foundation_models/simon_model_stability/perturbed_inputs/ses-040_run-1_T1w_brain_size_scale_0p98.nii.gz,ok,,256x256x256,256x256x256,1x1x1,1x1x1,1203269,0.071720421,1203269,8ca3dff47b89aa943d1ca44d18ed4e26a4c46a024806ab995b5e6771d21a64e1,95e3e53a873c74506c59fb3d86a89ef6172d07807114a2dadd1f7557c80f5bac,091e82dee645a0627232d70b52572ca12e496e80eaecdcb41685668d9ed13e16,stability_qc_perturbation_on_existing_masked_neurofm_input,ses-040_run-1_T1w,brain_size_scale_0p98,0.98,/mnt/d/YandexDisk/kondratevakate/01_insidekatesbrain/01_my_brain_years/reprocessed_2026/foundation_models/neurofm_simon_fastsurfer_mask/masked_inputs/ses-040_run-1_T1w_neurofm_skullstripped.nii.gz,091e82dee645a0627232d70b52572ca12e496e80eaecdcb41685668d9ed13e16,simon_neurofm_masked_subset_perturbations,8254e512391f81ab8afb2217fb6ac7c51fe1a2d82d63b444134b04b7ba292260,NeuroFM,https://github.com/rockNroll87q/NeuroFM.git,d4e3c463910d939a681d24ebdeb26d44dea6878f,neurofm-s,/mnt/d/YandexDisk/kondratevakate/01_insidekatesbrain/01_my_brain_years/reprocessed_2026/foundation_models/simon_model_stability/perturbed_inputs/ses-040_run-1_T1w_brain_size_scale_0p98.nii.gz,81.2688980102539,0.0,22792.869140625,1273509.375,application_branch_not_validation_claim,"NeuroFM output is a model estimate on this preprocessing branch; it is not a segmentation, morphometry, clinical, or validation claim.",36.4589
SIMON,SIMON,040,run-1,,ses-040_run-1_T1w,midi_simon_fastsurfer_orig,existing_fastsurfer_orig_mgz_conformed,44.81,/mnt/d/YandexDisk/kondratevakate/01_insidekatesbrain/01_my_brain_years/reprocessed_2026/foundation_models/simon_model_stability/perturbed_inputs/ses-040_run-1_T1w_brain_size_scale_1p02.nii.gz,,Existing FastSurfer orig.mgz derivative; not raw SIMON BIDS/NIfTI.,/mnt/d/data/fastserfer_simon/ses-040_run-1_T1w_orig.mgz,/mnt/d/data/fastserfer_simon/ses-040_run-1_T1w_aparcDKT+aseg.mgz,/mnt/d/YandexDisk/kondratevakate/01_insidekatesbrain/01_my_brain_years/reprocessed_2026/foundation_models/simon_model_stability/perturbed_inputs/ses-040_run-1_T1w_brain_size_scale_1p02.nii.gz,ok,,256x256x256,256x256x256,1x1x1,1x1x1,1203269,0.071720421,1203269,8ca3dff47b89aa943d1ca44d18ed4e26a4c46a024806ab995b5e6771d21a64e1,95e3e53a873c74506c59fb3d86a89ef6172d07807114a2dadd1f7557c80f5bac,091e82dee645a0627232d70b52572ca12e496e80eaecdcb41685668d9ed13e16,stability_qc_perturbation_on_existing_masked_neurofm_input,ses-040_run-1_T1w,brain_size_scale_1p02,1.02,/mnt/d/YandexDisk/kondratevakate/01_insidekatesbrain/01_my_brain_years/reprocessed_2026/foundation_models/neurofm_simon_fastsurfer_mask/masked_inputs/ses-040_run-1_T1w_neurofm_skullstripped.nii.gz,091e82dee645a0627232d70b52572ca12e496e80eaecdcb41685668d9ed13e16,simon_neurofm_masked_subset_perturbations,a136acd50aeb8becc2c6a61cc11e60aa4febff1e1f49cc61ead7ee029cd49886,NeuroFM,https://github.com/rockNroll87q/NeuroFM.git,d4e3c463910d939a681d24ebdeb26d44dea6878f,neurofm-s,/mnt/d/YandexDisk/kondratevakate/01_insidekatesbrain/01_my_brain_years/reprocessed_2026/foundation_models/simon_model_stability/perturbed_inputs/ses-040_run-1_T1w_brain_size_scale_1p02.nii.gz,81.81522369384766,0.0,23181.046875,1323461.125,application_branch_not_validation_claim,"NeuroFM output is a model estimate on this preprocessing branch; it is not a segmentation, morphometry, clinical, or validation claim.",37.0052
SIMON,SIMON,040,run-1,,ses-040_run-1_T1w,midi_simon_fastsurfer_orig,existing_fastsurfer_orig_mgz_conformed,44.81,/mnt/d/YandexDisk/kondratevakate/01_insidekatesbrain/01_my_brain_years/reprocessed_2026/foundation_models/simon_model_stability/perturbed_inputs/ses-040_run-1_T1w_resample_roundtrip_0p98.nii.gz,,Existing FastSurfer orig.mgz derivative; not raw SIMON BIDS/NIfTI.,/mnt/d/data/fastserfer_simon/ses-040_run-1_T1w_orig.mgz,/mnt/d/data/fastserfer_simon/ses-040_run-1_T1w_aparcDKT+aseg.mgz,/mnt/d/YandexDisk/kondratevakate/01_insidekatesbrain/01_my_brain_years/reprocessed_2026/foundation_models/simon_model_stability/perturbed_inputs/ses-040_run-1_T1w_resample_roundtrip_0p98.nii.gz,ok,,256x256x256,256x256x256,1x1x1,1x1x1,1203269,0.071720421,1203269,8ca3dff47b89aa943d1ca44d18ed4e26a4c46a024806ab995b5e6771d21a64e1,95e3e53a873c74506c59fb3d86a89ef6172d07807114a2dadd1f7557c80f5bac,091e82dee645a0627232d70b52572ca12e496e80eaecdcb41685668d9ed13e16,stability_qc_perturbation_on_existing_masked_neurofm_input,ses-040_run-1_T1w,resample_roundtrip_0p98,0.98,/mnt/d/YandexDisk/kondratevakate/01_insidekatesbrain/01_my_brain_years/reprocessed_2026/foundation_models/neurofm_simon_fastsurfer_mask/masked_inputs/ses-040_run-1_T1w_neurofm_skullstripped.nii.gz,091e82dee645a0627232d70b52572ca12e496e80eaecdcb41685668d9ed13e16,simon_neurofm_masked_subset_perturbations,7ac7a1a57e459442ae28f991bcc8f79149df2015d37d998a4a336bfb5ad6dac4,NeuroFM,https://github.com/rockNroll87q/NeuroFM.git,d4e3c463910d939a681d24ebdeb26d44dea6878f,neurofm-s,/mnt/d/YandexDisk/kondratevakate/01_insidekatesbrain/01_my_brain_years/reprocessed_2026/foundation_models/simon_model_stability/perturbed_inputs/ses-040_run-1_T1w_resample_roundtrip_0p98.nii.gz,81.35787963867188,0.0,22922.7421875,1293239.5,application_branch_not_validation_claim,"NeuroFM output is a model estimate on this preprocessing branch; it is not a segmentation, morphometry, clinical, or validation claim.",36.5479
SIMON,SIMON,040,run-1,,ses-040_run-1_T1w,midi_simon_fastsurfer_orig,existing_fastsurfer_orig_mgz_conformed,44.81,/mnt/d/YandexDisk/kondratevakate/01_insidekatesbrain/01_my_brain_years/reprocessed_2026/foundation_models/simon_model_stability/perturbed_inputs/ses-040_run-1_T1w_resample_roundtrip_1p02.nii.gz,,Existing FastSurfer orig.mgz derivative; not raw SIMON BIDS/NIfTI.,/mnt/d/data/fastserfer_simon/ses-040_run-1_T1w_orig.mgz,/mnt/d/data/fastserfer_simon/ses-040_run-1_T1w_aparcDKT+aseg.mgz,/mnt/d/YandexDisk/kondratevakate/01_insidekatesbrain/01_my_brain_years/reprocessed_2026/foundation_models/simon_model_stability/perturbed_inputs/ses-040_run-1_T1w_resample_roundtrip_1p02.nii.gz,ok,,256x256x256,256x256x256,1x1x1,1x1x1,1203269,0.071720421,1203269,8ca3dff47b89aa943d1ca44d18ed4e26a4c46a024806ab995b5e6771d21a64e1,95e3e53a873c74506c59fb3d86a89ef6172d07807114a2dadd1f7557c80f5bac,091e82dee645a0627232d70b52572ca12e496e80eaecdcb41685668d9ed13e16,stability_qc_perturbation_on_existing_masked_neurofm_input,ses-040_run-1_T1w,resample_roundtrip_1p02,1.02,/mnt/d/YandexDisk/kondratevakate/01_insidekatesbrain/01_my_brain_years/reprocessed_2026/foundation_models/neurofm_simon_fastsurfer_mask/masked_inputs/ses-040_run-1_T1w_neurofm_skullstripped.nii.gz,091e82dee645a0627232d70b52572ca12e496e80eaecdcb41685668d9ed13e16,simon_neurofm_masked_subset_perturbations,1e554627a9f6c33e349e7b0f1a1b698cfd12442a36054170749e352d8519d5e7,NeuroFM,https://github.com/rockNroll87q/NeuroFM.git,d4e3c463910d939a681d24ebdeb26d44dea6878f,neurofm-s,/mnt/d/YandexDisk/kondratevakate/01_insidekatesbrain/01_my_brain_years/reprocessed_2026/foundation_models/simon_model_stability/perturbed_inputs/ses-040_run-1_T1w_resample_roundtrip_1p02.nii.gz,81.57550811767578,0.0,22993.970703125,1289632.875,application_branch_not_validation_claim,"NeuroFM output is a model estimate on this preprocessing branch; it is not a segmentation, morphometry, clinical, or validation claim.",36.7655
SIMON,SIMON,040,run-1,,ses-040_run-1_T1w,midi_simon_fastsurfer_orig,existing_fastsurfer_orig_mgz_conformed,44.81,/mnt/d/YandexDisk/kondratevakate/01_insidekatesbrain/01_my_brain_years/reprocessed_2026/foundation_models/simon_model_stability/perturbed_inputs/ses-040_run-1_T1w_rotate_z_minus2deg.nii.gz,,Existing FastSurfer orig.mgz derivative; not raw SIMON BIDS/NIfTI.,/mnt/d/data/fastserfer_simon/ses-040_run-1_T1w_orig.mgz,/mnt/d/data/fastserfer_simon/ses-040_run-1_T1w_aparcDKT+aseg.mgz,/mnt/d/YandexDisk/kondratevakate/01_insidekatesbrain/01_my_brain_years/reprocessed_2026/foundation_models/simon_model_stability/perturbed_inputs/ses-040_run-1_T1w_rotate_z_minus2deg.nii.gz,ok,,256x256x256,256x256x256,1x1x1,1x1x1,1203269,0.071720421,1203269,8ca3dff47b89aa943d1ca44d18ed4e26a4c46a024806ab995b5e6771d21a64e1,95e3e53a873c74506c59fb3d86a89ef6172d07807114a2dadd1f7557c80f5bac,091e82dee645a0627232d70b52572ca12e496e80eaecdcb41685668d9ed13e16,stability_qc_perturbation_on_existing_masked_neurofm_input,ses-040_run-1_T1w,rotate_z_minus2deg,-2,/mnt/d/YandexDisk/kondratevakate/01_insidekatesbrain/01_my_brain_years/reprocessed_2026/foundation_models/neurofm_simon_fastsurfer_mask/masked_inputs/ses-040_run-1_T1w_neurofm_skullstripped.nii.gz,091e82dee645a0627232d70b52572ca12e496e80eaecdcb41685668d9ed13e16,simon_neurofm_masked_subset_perturbations,51ce76cacee10ffb986084a32ddc9e9c3634bec8c5de07b2960f84ae32aaab01,NeuroFM,https://github.com/rockNroll87q/NeuroFM.git,d4e3c463910d939a681d24ebdeb26d44dea6878f,neurofm-s,/mnt/d/YandexDisk/kondratevakate/01_insidekatesbrain/01_my_brain_years/reprocessed_2026/foundation_models/simon_model_stability/perturbed_inputs/ses-040_run-1_T1w_rotate_z_minus2deg.nii.gz,82.44597625732422,0.0,23114.912109375,1294848.0,application_branch_not_validation_claim,"NeuroFM output is a model estimate on this preprocessing branch; it is not a segmentation, morphometry, clinical, or validation claim.",37.636
SIMON,SIMON,040,run-1,,ses-040_run-1_T1w,midi_simon_fastsurfer_orig,existing_fastsurfer_orig_mgz_conformed,44.81,/mnt/d/YandexDisk/kondratevakate/01_insidekatesbrain/01_my_brain_years/reprocessed_2026/foundation_models/simon_model_stability/perturbed_inputs/ses-040_run-1_T1w_rotate_z_plus2deg.nii.gz,,Existing FastSurfer orig.mgz derivative; not raw SIMON BIDS/NIfTI.,/mnt/d/data/fastserfer_simon/ses-040_run-1_T1w_orig.mgz,/mnt/d/data/fastserfer_simon/ses-040_run-1_T1w_aparcDKT+aseg.mgz,/mnt/d/YandexDisk/kondratevakate/01_insidekatesbrain/01_my_brain_years/reprocessed_2026/foundation_models/simon_model_stability/perturbed_inputs/ses-040_run-1_T1w_rotate_z_plus2deg.nii.gz,ok,,256x256x256,256x256x256,1x1x1,1x1x1,1203269,0.071720421,1203269,8ca3dff47b89aa943d1ca44d18ed4e26a4c46a024806ab995b5e6771d21a64e1,95e3e53a873c74506c59fb3d86a89ef6172d07807114a2dadd1f7557c80f5bac,091e82dee645a0627232d70b52572ca12e496e80eaecdcb41685668d9ed13e16,stability_qc_perturbation_on_existing_masked_neurofm_input,ses-040_run-1_T1w,rotate_z_plus2deg,2,/mnt/d/YandexDisk/kondratevakate/01_insidekatesbrain/01_my_brain_years/reprocessed_2026/foundation_models/neurofm_simon_fastsurfer_mask/masked_inputs/ses-040_run-1_T1w_neurofm_skullstripped.nii.gz,091e82dee645a0627232d70b52572ca12e496e80eaecdcb41685668d9ed13e16,simon_neurofm_masked_subset_perturbations,7a71b033dc8aec29e008bfd136fd14021863cf3340355adf608b0210da1efeb9,NeuroFM,https://github.com/rockNroll87q/NeuroFM.git,d4e3c463910d939a681d24ebdeb26d44dea6878f,neurofm-s,/mnt/d/YandexDisk/kondratevakate/01_insidekatesbrain/01_my_brain_years/reprocessed_2026/foundation_models/simon_model_stability/perturbed_inputs/ses-040_run-1_T1w_rotate_z_plus2deg.nii.gz,80.51860046386719,0.0,21208.068359375,1297406.0,application_branch_not_validation_claim,"NeuroFM output is a model estimate on this preprocessing branch; it is not a segmentation, morphometry, clinical, or validation claim.",35.7086
SIMON,SIMON,047,run-1,,ses-047_run-1_T1w,midi_simon_fastsurfer_orig,existing_fastsurfer_orig_mgz_conformed,45.17,/mnt/d/YandexDisk/kondratevakate/01_insidekatesbrain/01_my_brain_years/reprocessed_2026/foundation_models/neurofm_simon_fastsurfer_mask/masked_inputs/ses-047_run-1_T1w_neurofm_skullstripped.nii.gz,,Existing FastSurfer orig.mgz derivative; not raw SIMON BIDS/NIfTI.,/mnt/d/data/fastserfer_simon/ses-047_run-1_T1w_orig.mgz,/mnt/d/data/fastserfer_simon/ses-047_run-1_T1w_aparcDKT+aseg.mgz,/mnt/d/YandexDisk/kondratevakate/01_insidekatesbrain/01_my_brain_years/reprocessed_2026/foundation_models/neurofm_simon_fastsurfer_mask/masked_inputs/ses-047_run-1_T1w_neurofm_skullstripped.nii.gz,ok,,256x256x256,256x256x256,1x1x1,1x1x1,1202251,0.071659744,1202251,c9eb2fc181eec81e7ffbf6f46f24fc985caa7fe613933ce2ba19cf0112da011e,6a70900be005b7224504fb8c5a1f3f8f3ba585af4c5b3eb2b8962bbf9b2e6cc4,055103fb38b09df4cc368a4230c4ec1a8cd8068b710bae921df4d6dde2372d22,stability_qc_perturbation_on_existing_masked_neurofm_input,ses-047_run-1_T1w,baseline,0,/mnt/d/YandexDisk/kondratevakate/01_insidekatesbrain/01_my_brain_years/reprocessed_2026/foundation_models/neurofm_simon_fastsurfer_mask/masked_inputs/ses-047_run-1_T1w_neurofm_skullstripped.nii.gz,055103fb38b09df4cc368a4230c4ec1a8cd8068b710bae921df4d6dde2372d22,simon_neurofm_masked_subset_perturbations,055103fb38b09df4cc368a4230c4ec1a8cd8068b710bae921df4d6dde2372d22,NeuroFM,https://github.com/rockNroll87q/NeuroFM.git,d4e3c463910d939a681d24ebdeb26d44dea6878f,neurofm-s,/mnt/d/YandexDisk/kondratevakate/01_insidekatesbrain/01_my_brain_years/reprocessed_2026/foundation_models/neurofm_simon_fastsurfer_mask/masked_inputs/ses-047_run-1_T1w_neurofm_skullstripped.nii.gz,83.14476013183594,0.0,28314.83203125,1269693.375,application_branch_not_validation_claim,"NeuroFM output is a model estimate on this preprocessing branch; it is not a segmentation, morphometry, clinical, or validation claim.",37.9748
SIMON,SIMON,047,run-1,,ses-047_run-1_T1w,midi_simon_fastsurfer_orig,existing_fastsurfer_orig_mgz_conformed,45.17,/mnt/d/YandexDisk/kondratevakate/01_insidekatesbrain/01_my_brain_years/reprocessed_2026/foundation_models/simon_model_stability/perturbed_inputs/ses-047_run-1_T1w_brain_size_scale_0p98.nii.gz,,Existing FastSurfer orig.mgz derivative; not raw SIMON BIDS/NIfTI.,/mnt/d/data/fastserfer_simon/ses-047_run-1_T1w_orig.mgz,/mnt/d/data/fastserfer_simon/ses-047_run-1_T1w_aparcDKT+aseg.mgz,/mnt/d/YandexDisk/kondratevakate/01_insidekatesbrain/01_my_brain_years/reprocessed_2026/foundation_models/simon_model_stability/perturbed_inputs/ses-047_run-1_T1w_brain_size_scale_0p98.nii.gz,ok,,256x256x256,256x256x256,1x1x1,1x1x1,1202251,0.071659744,1202251,c9eb2fc181eec81e7ffbf6f46f24fc985caa7fe613933ce2ba19cf0112da011e,6a70900be005b7224504fb8c5a1f3f8f3ba585af4c5b3eb2b8962bbf9b2e6cc4,055103fb38b09df4cc368a4230c4ec1a8cd8068b710bae921df4d6dde2372d22,stability_qc_perturbation_on_existing_masked_neurofm_input,ses-047_run-1_T1w,brain_size_scale_0p98,0.98,/mnt/d/YandexDisk/kondratevakate/01_insidekatesbrain/01_my_brain_years/reprocessed_2026/foundation_models/neurofm_simon_fastsurfer_mask/masked_inputs/ses-047_run-1_T1w_neurofm_skullstripped.nii.gz,055103fb38b09df4cc368a4230c4ec1a8cd8068b710bae921df4d6dde2372d22,simon_neurofm_masked_subset_perturbations,20d5b19ffdfb4a029608aed5e0b4ac78a337f18540a9b059a904a080d32fab5e,NeuroFM,https://github.com/rockNroll87q/NeuroFM.git,d4e3c463910d939a681d24ebdeb26d44dea6878f,neurofm-s,/mnt/d/YandexDisk/kondratevakate/01_insidekatesbrain/01_my_brain_years/reprocessed_2026/foundation_models/simon_model_stability/perturbed_inputs/ses-047_run-1_T1w_brain_size_scale_0p98.nii.gz,80.9844741821289,0.0,30509.244140625,1275774.625,application_branch_not_validation_claim,"NeuroFM output is a model estimate on this preprocessing branch; it is not a segmentation, morphometry, clinical, or validation claim.",35.8145
SIMON,SIMON,047,run-1,,ses-047_run-1_T1w,midi_simon_fastsurfer_orig,existing_fastsurfer_orig_mgz_conformed,45.17,/mnt/d/YandexDisk/kondratevakate/01_insidekatesbrain/01_my_brain_years/reprocessed_2026/foundation_models/simon_model_stability/perturbed_inputs/ses-047_run-1_T1w_brain_size_scale_1p02.nii.gz,,Existing FastSurfer orig.mgz derivative; not raw SIMON BIDS/NIfTI.,/mnt/d/data/fastserfer_simon/ses-047_run-1_T1w_orig.mgz,/mnt/d/data/fastserfer_simon/ses-047_run-1_T1w_aparcDKT+aseg.mgz,/mnt/d/YandexDisk/kondratevakate/01_insidekatesbrain/01_my_brain_years/reprocessed_2026/foundation_models/simon_model_stability/perturbed_inputs/ses-047_run-1_T1w_brain_size_scale_1p02.nii.gz,ok,,256x256x256,256x256x256,1x1x1,1x1x1,1202251,0.071659744,1202251,c9eb2fc181eec81e7ffbf6f46f24fc985caa7fe613933ce2ba19cf0112da011e,6a70900be005b7224504fb8c5a1f3f8f3ba585af4c5b3eb2b8962bbf9b2e6cc4,055103fb38b09df4cc368a4230c4ec1a8cd8068b710bae921df4d6dde2372d22,stability_qc_perturbation_on_existing_masked_neurofm_input,ses-047_run-1_T1w,brain_size_scale_1p02,1.02,/mnt/d/YandexDisk/kondratevakate/01_insidekatesbrain/01_my_brain_years/reprocessed_2026/foundation_models/neurofm_simon_fastsurfer_mask/masked_inputs/ses-047_run-1_T1w_neurofm_skullstripped.nii.gz,055103fb38b09df4cc368a4230c4ec1a8cd8068b710bae921df4d6dde2372d22,simon_neurofm_masked_subset_perturbations,111a0959286e00a7fb20f1ed2e6905216a858aa5f770972236cf54ade333334b,NeuroFM,https://github.com/rockNroll87q/NeuroFM.git,d4e3c463910d939a681d24ebdeb26d44dea6878f,neurofm-s,/mnt/d/YandexDisk/kondratevakate/01_insidekatesbrain/01_my_brain_years/reprocessed_2026/foundation_models/simon_model_stability/perturbed_inputs/ses-047_run-1_T1w_brain_size_scale_1p02.nii.gz,83.3764419555664,0.0,20920.8046875,1281759.5,application_branch_not_validation_claim,"NeuroFM output is a model estimate on this preprocessing branch; it is not a segmentation, morphometry, clinical, or validation claim.",38.2064
SIMON,SIMON,047,run-1,,ses-047_run-1_T1w,midi_simon_fastsurfer_orig,existing_fastsurfer_orig_mgz_conformed,45.17,/mnt/d/YandexDisk/kondratevakate/01_insidekatesbrain/01_my_brain_years/reprocessed_2026/foundation_models/simon_model_stability/perturbed_inputs/ses-047_run-1_T1w_resample_roundtrip_0p98.nii.gz,,Existing FastSurfer orig.mgz derivative; not raw SIMON BIDS/NIfTI.,/mnt/d/data/fastserfer_simon/ses-047_run-1_T1w_orig.mgz,/mnt/d/data/fastserfer_simon/ses-047_run-1_T1w_aparcDKT+aseg.mgz,/mnt/d/YandexDisk/kondratevakate/01_insidekatesbrain/01_my_brain_years/reprocessed_2026/foundation_models/simon_model_stability/perturbed_inputs/ses-047_run-1_T1w_resample_roundtrip_0p98.nii.gz,ok,,256x256x256,256x256x256,1x1x1,1x1x1,1202251,0.071659744,1202251,c9eb2fc181eec81e7ffbf6f46f24fc985caa7fe613933ce2ba19cf0112da011e,6a70900be005b7224504fb8c5a1f3f8f3ba585af4c5b3eb2b8962bbf9b2e6cc4,055103fb38b09df4cc368a4230c4ec1a8cd8068b710bae921df4d6dde2372d22,stability_qc_perturbation_on_existing_masked_neurofm_input,ses-047_run-1_T1w,resample_roundtrip_0p98,0.98,/mnt/d/YandexDisk/kondratevakate/01_insidekatesbrain/01_my_brain_years/reprocessed_2026/foundation_models/neurofm_simon_fastsurfer_mask/masked_inputs/ses-047_run-1_T1w_neurofm_skullstripped.nii.gz,055103fb38b09df4cc368a4230c4ec1a8cd8068b710bae921df4d6dde2372d22,simon_neurofm_masked_subset_perturbations,2405e25867a28057bee7e5f866826abb2ac55f8320a490341bd14fccb46cf1cf,NeuroFM,https://github.com/rockNroll87q/NeuroFM.git,d4e3c463910d939a681d24ebdeb26d44dea6878f,neurofm-s,/mnt/d/YandexDisk/kondratevakate/01_insidekatesbrain/01_my_brain_years/reprocessed_2026/foundation_models/simon_model_stability/perturbed_inputs/ses-047_run-1_T1w_resample_roundtrip_0p98.nii.gz,81.29676818847656,0.0,26024.46484375,1290927.25,application_branch_not_validation_claim,"NeuroFM output is a model estimate on this preprocessing branch; it is not a segmentation, morphometry, clinical, or validation claim.",36.1268
SIMON,SIMON,047,run-1,,ses-047_run-1_T1w,midi_simon_fastsurfer_orig,existing_fastsurfer_orig_mgz_conformed,45.17,/mnt/d/YandexDisk/kondratevakate/01_insidekatesbrain/01_my_brain_years/reprocessed_2026/foundation_models/simon_model_stability/perturbed_inputs/ses-047_run-1_T1w_resample_roundtrip_1p02.nii.gz,,Existing FastSurfer orig.mgz derivative; not raw SIMON BIDS/NIfTI.,/mnt/d/data/fastserfer_simon/ses-047_run-1_T1w_orig.mgz,/mnt/d/data/fastserfer_simon/ses-047_run-1_T1w_aparcDKT+aseg.mgz,/mnt/d/YandexDisk/kondratevakate/01_insidekatesbrain/01_my_brain_years/reprocessed_2026/foundation_models/simon_model_stability/perturbed_inputs/ses-047_run-1_T1w_resample_roundtrip_1p02.nii.gz,ok,,256x256x256,256x256x256,1x1x1,1x1x1,1202251,0.071659744,1202251,c9eb2fc181eec81e7ffbf6f46f24fc985caa7fe613933ce2ba19cf0112da011e,6a70900be005b7224504fb8c5a1f3f8f3ba585af4c5b3eb2b8962bbf9b2e6cc4,055103fb38b09df4cc368a4230c4ec1a8cd8068b710bae921df4d6dde2372d22,stability_qc_perturbation_on_existing_masked_neurofm_input,ses-047_run-1_T1w,resample_roundtrip_1p02,1.02,/mnt/d/YandexDisk/kondratevakate/01_insidekatesbrain/01_my_brain_years/reprocessed_2026/foundation_models/neurofm_simon_fastsurfer_mask/masked_inputs/ses-047_run-1_T1w_neurofm_skullstripped.nii.gz,055103fb38b09df4cc368a4230c4ec1a8cd8068b710bae921df4d6dde2372d22,simon_neurofm_masked_subset_perturbations,47167dab7cc920c4cf221b3d692335fb85ea4cfa512e4388cb642193aeb8a674,NeuroFM,https://github.com/rockNroll87q/NeuroFM.git,d4e3c463910d939a681d24ebdeb26d44dea6878f,neurofm-s,/mnt/d/YandexDisk/kondratevakate/01_insidekatesbrain/01_my_brain_years/reprocessed_2026/foundation_models/simon_model_stability/perturbed_inputs/ses-047_run-1_T1w_resample_roundtrip_1p02.nii.gz,81.48262023925781,0.0,26263.798828125,1288385.5,application_branch_not_validation_claim,"NeuroFM output is a model estimate on this preprocessing branch; it is not a segmentation, morphometry, clinical, or validation claim.",36.3126
SIMON,SIMON,047,run-1,,ses-047_run-1_T1w,midi_simon_fastsurfer_orig,existing_fastsurfer_orig_mgz_conformed,45.17,/mnt/d/YandexDisk/kondratevakate/01_insidekatesbrain/01_my_brain_years/reprocessed_2026/foundation_models/simon_model_stability/perturbed_inputs/ses-047_run-1_T1w_rotate_z_minus2deg.nii.gz,,Existing FastSurfer orig.mgz derivative; not raw SIMON BIDS/NIfTI.,/mnt/d/data/fastserfer_simon/ses-047_run-1_T1w_orig.mgz,/mnt/d/data/fastserfer_simon/ses-047_run-1_T1w_aparcDKT+aseg.mgz,/mnt/d/YandexDisk/kondratevakate/01_insidekatesbrain/01_my_brain_years/reprocessed_2026/foundation_models/simon_model_stability/perturbed_inputs/ses-047_run-1_T1w_rotate_z_minus2deg.nii.gz,ok,,256x256x256,256x256x256,1x1x1,1x1x1,1202251,0.071659744,1202251,c9eb2fc181eec81e7ffbf6f46f24fc985caa7fe613933ce2ba19cf0112da011e,6a70900be005b7224504fb8c5a1f3f8f3ba585af4c5b3eb2b8962bbf9b2e6cc4,055103fb38b09df4cc368a4230c4ec1a8cd8068b710bae921df4d6dde2372d22,stability_qc_perturbation_on_existing_masked_neurofm_input,ses-047_run-1_T1w,rotate_z_minus2deg,-2,/mnt/d/YandexDisk/kondratevakate/01_insidekatesbrain/01_my_brain_years/reprocessed_2026/foundation_models/neurofm_simon_fastsurfer_mask/masked_inputs/ses-047_run-1_T1w_neurofm_skullstripped.nii.gz,055103fb38b09df4cc368a4230c4ec1a8cd8068b710bae921df4d6dde2372d22,simon_neurofm_masked_subset_perturbations,5a942fdc553b16ca23a435beef9db8aa687343d58aa33a988f554b954d321764,NeuroFM,https://github.com/rockNroll87q/NeuroFM.git,d4e3c463910d939a681d24ebdeb26d44dea6878f,neurofm-s,/mnt/d/YandexDisk/kondratevakate/01_insidekatesbrain/01_my_brain_years/reprocessed_2026/foundation_models/simon_model_stability/perturbed_inputs/ses-047_run-1_T1w_rotate_z_minus2deg.nii.gz,81.52467346191406,0.0,28161.115234375,1293747.875,application_branch_not_validation_claim,"NeuroFM output is a model estimate on this preprocessing branch; it is not a segmentation, morphometry, clinical, or validation claim.",36.3547
SIMON,SIMON,047,run-1,,ses-047_run-1_T1w,midi_simon_fastsurfer_orig,existing_fastsurfer_orig_mgz_conformed,45.17,/mnt/d/YandexDisk/kondratevakate/01_insidekatesbrain/01_my_brain_years/reprocessed_2026/foundation_models/simon_model_stability/perturbed_inputs/ses-047_run-1_T1w_rotate_z_plus2deg.nii.gz,,Existing FastSurfer orig.mgz derivative; not raw SIMON BIDS/NIfTI.,/mnt/d/data/fastserfer_simon/ses-047_run-1_T1w_orig.mgz,/mnt/d/data/fastserfer_simon/ses-047_run-1_T1w_aparcDKT+aseg.mgz,/mnt/d/YandexDisk/kondratevakate/01_insidekatesbrain/01_my_brain_years/reprocessed_2026/foundation_models/simon_model_stability/perturbed_inputs/ses-047_run-1_T1w_rotate_z_plus2deg.nii.gz,ok,,256x256x256,256x256x256,1x1x1,1x1x1,1202251,0.071659744,1202251,c9eb2fc181eec81e7ffbf6f46f24fc985caa7fe613933ce2ba19cf0112da011e,6a70900be005b7224504fb8c5a1f3f8f3ba585af4c5b3eb2b8962bbf9b2e6cc4,055103fb38b09df4cc368a4230c4ec1a8cd8068b710bae921df4d6dde2372d22,stability_qc_perturbation_on_existing_masked_neurofm_input,ses-047_run-1_T1w,rotate_z_plus2deg,2,/mnt/d/YandexDisk/kondratevakate/01_insidekatesbrain/01_my_brain_years/reprocessed_2026/foundation_models/neurofm_simon_fastsurfer_mask/masked_inputs/ses-047_run-1_T1w_neurofm_skullstripped.nii.gz,055103fb38b09df4cc368a4230c4ec1a8cd8068b710bae921df4d6dde2372d22,simon_neurofm_masked_subset_perturbations,6e9916413c817030a835845d5071c9314c58b7c25cffa986df23719d83b0977b,NeuroFM,https://github.com/rockNroll87q/NeuroFM.git,d4e3c463910d939a681d24ebdeb26d44dea6878f,neurofm-s,/mnt/d/YandexDisk/kondratevakate/01_insidekatesbrain/01_my_brain_years/reprocessed_2026/foundation_models/simon_model_stability/perturbed_inputs/ses-047_run-1_T1w_rotate_z_plus2deg.nii.gz,81.59790802001953,0.0,28740.349609375,1261826.0,application_branch_not_validation_claim,"NeuroFM output is a model estimate on this preprocessing branch; it is not a segmentation, morphometry, clinical, or validation claim.",36.4279
SIMON,SIMON,053,run-1,,ses-053_run-1_T1w,midi_simon_fastsurfer_orig,existing_fastsurfer_orig_mgz_conformed,45.44,/mnt/d/YandexDisk/kondratevakate/01_insidekatesbrain/01_my_brain_years/reprocessed_2026/foundation_models/neurofm_simon_fastsurfer_mask/masked_inputs/ses-053_run-1_T1w_neurofm_skullstripped.nii.gz,,Existing FastSurfer orig.mgz derivative; not raw SIMON BIDS/NIfTI.,/mnt/d/data/fastserfer_simon/ses-053_run-1_T1w_orig.mgz,/mnt/d/data/fastserfer_simon/ses-053_run-1_T1w_aparcDKT+aseg.mgz,/mnt/d/YandexDisk/kondratevakate/01_insidekatesbrain/01_my_brain_years/reprocessed_2026/foundation_models/neurofm_simon_fastsurfer_mask/masked_inputs/ses-053_run-1_T1w_neurofm_skullstripped.nii.gz,ok,,256x256x256,256x256x256,0.9375x0.9375x0.9375,0.9375x0.9375x0.9375,1513184,0.090192795,1513184,08cccf881d814127aa4b6f4092e3da46c6037fc9772d32a35d096989812bf03b,ee9a5aafcfc6470e203703cadca358f13050707924d127350285ec9ee51e7ad1,fb27883e5ca6072430a92e06ab825cea004e24a281898f896f2e5d58b73d8d6e,stability_qc_perturbation_on_existing_masked_neurofm_input,ses-053_run-1_T1w,baseline,0,/mnt/d/YandexDisk/kondratevakate/01_insidekatesbrain/01_my_brain_years/reprocessed_2026/foundation_models/neurofm_simon_fastsurfer_mask/masked_inputs/ses-053_run-1_T1w_neurofm_skullstripped.nii.gz,fb27883e5ca6072430a92e06ab825cea004e24a281898f896f2e5d58b73d8d6e,simon_neurofm_masked_subset_perturbations,fb27883e5ca6072430a92e06ab825cea004e24a281898f896f2e5d58b73d8d6e,NeuroFM,https://github.com/rockNroll87q/NeuroFM.git,d4e3c463910d939a681d24ebdeb26d44dea6878f,neurofm-s,/mnt/d/YandexDisk/kondratevakate/01_insidekatesbrain/01_my_brain_years/reprocessed_2026/foundation_models/neurofm_simon_fastsurfer_mask/masked_inputs/ses-053_run-1_T1w_neurofm_skullstripped.nii.gz,80.50946807861328,0.0,51166.59375,1336793.0,application_branch_not_validation_claim,"NeuroFM output is a model estimate on this preprocessing branch; it is not a segmentation, morphometry, clinical, or validation claim.",35.0695
SIMON,SIMON,053,run-1,,ses-053_run-1_T1w,midi_simon_fastsurfer_orig,existing_fastsurfer_orig_mgz_conformed,45.44,/mnt/d/YandexDisk/kondratevakate/01_insidekatesbrain/01_my_brain_years/reprocessed_2026/foundation_models/simon_model_stability/perturbed_inputs/ses-053_run-1_T1w_brain_size_scale_0p98.nii.gz,,Existing FastSurfer orig.mgz derivative; not raw SIMON BIDS/NIfTI.,/mnt/d/data/fastserfer_simon/ses-053_run-1_T1w_orig.mgz,/mnt/d/data/fastserfer_simon/ses-053_run-1_T1w_aparcDKT+aseg.mgz,/mnt/d/YandexDisk/kondratevakate/01_insidekatesbrain/01_my_brain_years/reprocessed_2026/foundation_models/simon_model_stability/perturbed_inputs/ses-053_run-1_T1w_brain_size_scale_0p98.nii.gz,ok,,256x256x256,256x256x256,0.9375x0.9375x0.9375,0.9375x0.9375x0.9375,1513184,0.090192795,1513184,08cccf881d814127aa4b6f4092e3da46c6037fc9772d32a35d096989812bf03b,ee9a5aafcfc6470e203703cadca358f13050707924d127350285ec9ee51e7ad1,fb27883e5ca6072430a92e06ab825cea004e24a281898f896f2e5d58b73d8d6e,stability_qc_perturbation_on_existing_masked_neurofm_input,ses-053_run-1_T1w,brain_size_scale_0p98,0.98,/mnt/d/YandexDisk/kondratevakate/01_insidekatesbrain/01_my_brain_years/reprocessed_2026/foundation_models/neurofm_simon_fastsurfer_mask/masked_inputs/ses-053_run-1_T1w_neurofm_skullstripped.nii.gz,fb27883e5ca6072430a92e06ab825cea004e24a281898f896f2e5d58b73d8d6e,simon_neurofm_masked_subset_perturbations,3eb4af33b5f39735fa7099bed67194220a1789fc54b963bce86313fd70e0d95a,NeuroFM,https://github.com/rockNroll87q/NeuroFM.git,d4e3c463910d939a681d24ebdeb26d44dea6878f,neurofm-s,/mnt/d/YandexDisk/kondratevakate/01_insidekatesbrain/01_my_brain_years/reprocessed_2026/foundation_models/simon_model_stability/perturbed_inputs/ses-053_run-1_T1w_brain_size_scale_0p98.nii.gz,78.49080657958984,0.0,55142.4921875,1312250.375,application_branch_not_validation_claim,"NeuroFM output is a model estimate on this preprocessing branch; it is not a segmentation, morphometry, clinical, or validation claim.",33.0508
SIMON,SIMON,053,run-1,,ses-053_run-1_T1w,midi_simon_fastsurfer_orig,existing_fastsurfer_orig_mgz_conformed,45.44,/mnt/d/YandexDisk/kondratevakate/01_insidekatesbrain/01_my_brain_years/reprocessed_2026/foundation_models/simon_model_stability/perturbed_inputs/ses-053_run-1_T1w_brain_size_scale_1p02.nii.gz,,Existing FastSurfer orig.mgz derivative; not raw SIMON BIDS/NIfTI.,/mnt/d/data/fastserfer_simon/ses-053_run-1_T1w_orig.mgz,/mnt/d/data/fastserfer_simon/ses-053_run-1_T1w_aparcDKT+aseg.mgz,/mnt/d/YandexDisk/kondratevakate/01_insidekatesbrain/01_my_brain_years/reprocessed_2026/foundation_models/simon_model_stability/perturbed_inputs/ses-053_run-1_T1w_brain_size_scale_1p02.nii.gz,ok,,256x256x256,256x256x256,0.9375x0.9375x0.9375,0.9375x0.9375x0.9375,1513184,0.090192795,1513184,08cccf881d814127aa4b6f4092e3da46c6037fc9772d32a35d096989812bf03b,ee9a5aafcfc6470e203703cadca358f13050707924d127350285ec9ee51e7ad1,fb27883e5ca6072430a92e06ab825cea004e24a281898f896f2e5d58b73d8d6e,stability_qc_perturbation_on_existing_masked_neurofm_input,ses-053_run-1_T1w,brain_size_scale_1p02,1.02,/mnt/d/YandexDisk/kondratevakate/01_insidekatesbrain/01_my_brain_years/reprocessed_2026/foundation_models/neurofm_simon_fastsurfer_mask/masked_inputs/ses-053_run-1_T1w_neurofm_skullstripped.nii.gz,fb27883e5ca6072430a92e06ab825cea004e24a281898f896f2e5d58b73d8d6e,simon_neurofm_masked_subset_perturbations,91910dc8900bf408519e158787b0b82ac60dbc76fe8064e2b11aa68193309484,NeuroFM,https://github.com/rockNroll87q/NeuroFM.git,d4e3c463910d939a681d24ebdeb26d44dea6878f,neurofm-s,/mnt/d/YandexDisk/kondratevakate/01_insidekatesbrain/01_my_brain_years/reprocessed_2026/foundation_models/simon_model_stability/perturbed_inputs/ses-053_run-1_T1w_brain_size_scale_1p02.nii.gz,83.89160919189453,0.0,44948.34765625,1352834.75,application_branch_not_validation_claim,"NeuroFM output is a model estimate on this preprocessing branch; it is not a segmentation, morphometry, clinical, or validation claim.",38.4516
SIMON,SIMON,053,run-1,,ses-053_run-1_T1w,midi_simon_fastsurfer_orig,existing_fastsurfer_orig_mgz_conformed,45.44,/mnt/d/YandexDisk/kondratevakate/01_insidekatesbrain/01_my_brain_years/reprocessed_2026/foundation_models/simon_model_stability/perturbed_inputs/ses-053_run-1_T1w_resample_roundtrip_0p98.nii.gz,,Existing FastSurfer orig.mgz derivative; not raw SIMON BIDS/NIfTI.,/mnt/d/data/fastserfer_simon/ses-053_run-1_T1w_orig.mgz,/mnt/d/data/fastserfer_simon/ses-053_run-1_T1w_aparcDKT+aseg.mgz,/mnt/d/YandexDisk/kondratevakate/01_insidekatesbrain/01_my_brain_years/reprocessed_2026/foundation_models/simon_model_stability/perturbed_inputs/ses-053_run-1_T1w_resample_roundtrip_0p98.nii.gz,ok,,256x256x256,256x256x256,0.9375x0.9375x0.9375,0.9375x0.9375x0.9375,1513184,0.090192795,1513184,08cccf881d814127aa4b6f4092e3da46c6037fc9772d32a35d096989812bf03b,ee9a5aafcfc6470e203703cadca358f13050707924d127350285ec9ee51e7ad1,fb27883e5ca6072430a92e06ab825cea004e24a281898f896f2e5d58b73d8d6e,stability_qc_perturbation_on_existing_masked_neurofm_input,ses-053_run-1_T1w,resample_roundtrip_0p98,0.98,/mnt/d/YandexDisk/kondratevakate/01_insidekatesbrain/01_my_brain_years/reprocessed_2026/foundation_models/neurofm_simon_fastsurfer_mask/masked_inputs/ses-053_run-1_T1w_neurofm_skullstripped.nii.gz,fb27883e5ca6072430a92e06ab825cea004e24a281898f896f2e5d58b73d8d6e,simon_neurofm_masked_subset_perturbations,50eda54e75eb9e9345b4d0b047621d3fa9404fd91ee57fd7d650638279d268f7,NeuroFM,https://github.com/rockNroll87q/NeuroFM.git,d4e3c463910d939a681d24ebdeb26d44dea6878f,neurofm-s,/mnt/d/YandexDisk/kondratevakate/01_insidekatesbrain/01_my_brain_years/reprocessed_2026/foundation_models/simon_model_stability/perturbed_inputs/ses-053_run-1_T1w_resample_roundtrip_0p98.nii.gz,78.92572784423828,0.0,49916.82421875,1338657.875,application_branch_not_validation_claim,"NeuroFM output is a model estimate on this preprocessing branch; it is not a segmentation, morphometry, clinical, or validation claim.",33.4857
SIMON,SIMON,053,run-1,,ses-053_run-1_T1w,midi_simon_fastsurfer_orig,existing_fastsurfer_orig_mgz_conformed,45.44,/mnt/d/YandexDisk/kondratevakate/01_insidekatesbrain/01_my_brain_years/reprocessed_2026/foundation_models/simon_model_stability/perturbed_inputs/ses-053_run-1_T1w_resample_roundtrip_1p02.nii.gz,,Existing FastSurfer orig.mgz derivative; not raw SIMON BIDS/NIfTI.,/mnt/d/data/fastserfer_simon/ses-053_run-1_T1w_orig.mgz,/mnt/d/data/fastserfer_simon/ses-053_run-1_T1w_aparcDKT+aseg.mgz,/mnt/d/YandexDisk/kondratevakate/01_insidekatesbrain/01_my_brain_years/reprocessed_2026/foundation_models/simon_model_stability/perturbed_inputs/ses-053_run-1_T1w_resample_roundtrip_1p02.nii.gz,ok,,256x256x256,256x256x256,0.9375x0.9375x0.9375,0.9375x0.9375x0.9375,1513184,0.090192795,1513184,08cccf881d814127aa4b6f4092e3da46c6037fc9772d32a35d096989812bf03b,ee9a5aafcfc6470e203703cadca358f13050707924d127350285ec9ee51e7ad1,fb27883e5ca6072430a92e06ab825cea004e24a281898f896f2e5d58b73d8d6e,stability_qc_perturbation_on_existing_masked_neurofm_input,ses-053_run-1_T1w,resample_roundtrip_1p02,1.02,/mnt/d/YandexDisk/kondratevakate/01_insidekatesbrain/01_my_brain_years/reprocessed_2026/foundation_models/neurofm_simon_fastsurfer_mask/masked_inputs/ses-053_run-1_T1w_neurofm_skullstripped.nii.gz,fb27883e5ca6072430a92e06ab825cea004e24a281898f896f2e5d58b73d8d6e,simon_neurofm_masked_subset_perturbations,48f53573ddfeb950a34e000749b9b404fddc8355ae94896692b83458f670ee7a,NeuroFM,https://github.com/rockNroll87q/NeuroFM.git,d4e3c463910d939a681d24ebdeb26d44dea6878f,neurofm-s,/mnt/d/YandexDisk/kondratevakate/01_insidekatesbrain/01_my_brain_years/reprocessed_2026/foundation_models/simon_model_stability/perturbed_inputs/ses-053_run-1_T1w_resample_roundtrip_1p02.nii.gz,79.0494155883789,0.0,49951.26953125,1338304.0,application_branch_not_validation_claim,"NeuroFM output is a model estimate on this preprocessing branch; it is not a segmentation, morphometry, clinical, or validation claim.",33.6094
SIMON,SIMON,053,run-1,,ses-053_run-1_T1w,midi_simon_fastsurfer_orig,existing_fastsurfer_orig_mgz_conformed,45.44,/mnt/d/YandexDisk/kondratevakate/01_insidekatesbrain/01_my_brain_years/reprocessed_2026/foundation_models/simon_model_stability/perturbed_inputs/ses-053_run-1_T1w_rotate_z_minus2deg.nii.gz,,Existing FastSurfer orig.mgz derivative; not raw SIMON BIDS/NIfTI.,/mnt/d/data/fastserfer_simon/ses-053_run-1_T1w_orig.mgz,/mnt/d/data/fastserfer_simon/ses-053_run-1_T1w_aparcDKT+aseg.mgz,/mnt/d/YandexDisk/kondratevakate/01_insidekatesbrain/01_my_brain_years/reprocessed_2026/foundation_models/simon_model_stability/perturbed_inputs/ses-053_run-1_T1w_rotate_z_minus2deg.nii.gz,ok,,256x256x256,256x256x256,0.9375x0.9375x0.9375,0.9375x0.9375x0.9375,1513184,0.090192795,1513184,08cccf881d814127aa4b6f4092e3da46c6037fc9772d32a35d096989812bf03b,ee9a5aafcfc6470e203703cadca358f13050707924d127350285ec9ee51e7ad1,fb27883e5ca6072430a92e06ab825cea004e24a281898f896f2e5d58b73d8d6e,stability_qc_perturbation_on_existing_masked_neurofm_input,ses-053_run-1_T1w,rotate_z_minus2deg,-2,/mnt/d/YandexDisk/kondratevakate/01_insidekatesbrain/01_my_brain_years/reprocessed_2026/foundation_models/neurofm_simon_fastsurfer_mask/masked_inputs/ses-053_run-1_T1w_neurofm_skullstripped.nii.gz,fb27883e5ca6072430a92e06ab825cea004e24a281898f896f2e5d58b73d8d6e,simon_neurofm_masked_subset_perturbations,282ac360c570dbea3c5bfae9805868d27875d82b559fbeaf9117bc1f5c91d2d8,NeuroFM,https://github.com/rockNroll87q/NeuroFM.git,d4e3c463910d939a681d24ebdeb26d44dea6878f,neurofm-s,/mnt/d/YandexDisk/kondratevakate/01_insidekatesbrain/01_my_brain_years/reprocessed_2026/foundation_models/simon_model_stability/perturbed_inputs/ses-053_run-1_T1w_rotate_z_minus2deg.nii.gz,80.3422622680664,0.0,45821.69921875,1341864.625,application_branch_not_validation_claim,"NeuroFM output is a model estimate on this preprocessing branch; it is not a segmentation, morphometry, clinical, or validation claim.",34.9023
SIMON,SIMON,053,run-1,,ses-053_run-1_T1w,midi_simon_fastsurfer_orig,existing_fastsurfer_orig_mgz_conformed,45.44,/mnt/d/YandexDisk/kondratevakate/01_insidekatesbrain/01_my_brain_years/reprocessed_2026/foundation_models/simon_model_stability/perturbed_inputs/ses-053_run-1_T1w_rotate_z_plus2deg.nii.gz,,Existing FastSurfer orig.mgz derivative; not raw SIMON BIDS/NIfTI.,/mnt/d/data/fastserfer_simon/ses-053_run-1_T1w_orig.mgz,/mnt/d/data/fastserfer_simon/ses-053_run-1_T1w_aparcDKT+aseg.mgz,/mnt/d/YandexDisk/kondratevakate/01_insidekatesbrain/01_my_brain_years/reprocessed_2026/foundation_models/simon_model_stability/perturbed_inputs/ses-053_run-1_T1w_rotate_z_plus2deg.nii.gz,ok,,256x256x256,256x256x256,0.9375x0.9375x0.9375,0.9375x0.9375x0.9375,1513184,0.090192795,1513184,08cccf881d814127aa4b6f4092e3da46c6037fc9772d32a35d096989812bf03b,ee9a5aafcfc6470e203703cadca358f13050707924d127350285ec9ee51e7ad1,fb27883e5ca6072430a92e06ab825cea004e24a281898f896f2e5d58b73d8d6e,stability_qc_perturbation_on_existing_masked_neurofm_input,ses-053_run-1_T1w,rotate_z_plus2deg,2,/mnt/d/YandexDisk/kondratevakate/01_insidekatesbrain/01_my_brain_years/reprocessed_2026/foundation_models/neurofm_simon_fastsurfer_mask/masked_inputs/ses-053_run-1_T1w_neurofm_skullstripped.nii.gz,fb27883e5ca6072430a92e06ab825cea004e24a281898f896f2e5d58b73d8d6e,simon_neurofm_masked_subset_perturbations,0c8dd4470befb5c28a8ad46a670450284b3d976c51871dc8dc078703e365ca0b,NeuroFM,https://github.com/rockNroll87q/NeuroFM.git,d4e3c463910d939a681d24ebdeb26d44dea6878f,neurofm-s,/mnt/d/YandexDisk/kondratevakate/01_insidekatesbrain/01_my_brain_years/reprocessed_2026/foundation_models/simon_model_stability/perturbed_inputs/ses-053_run-1_T1w_rotate_z_plus2deg.nii.gz,81.58721923828125,0.0,52007.62109375,1315690.625,application_branch_not_validation_claim,"NeuroFM output is a model estimate on this preprocessing branch; it is not a segmentation, morphometry, clinical, or validation claim.",36.1472
SIMON,SIMON,060,run-1,,ses-060_run-1_T1w,midi_simon_fastsurfer_orig,existing_fastsurfer_orig_mgz_conformed,46.41,/mnt/d/YandexDisk/kondratevakate/01_insidekatesbrain/01_my_brain_years/reprocessed_2026/foundation_models/neurofm_simon_fastsurfer_mask/masked_inputs/ses-060_run-1_T1w_neurofm_skullstripped.nii.gz,,Existing FastSurfer orig.mgz derivative; not raw SIMON BIDS/NIfTI.,/mnt/d/data/fastserfer_simon/ses-060_run-1_T1w_orig.mgz,/mnt/d/data/fastserfer_simon/ses-060_run-1_T1w_aparcDKT+aseg.mgz,/mnt/d/YandexDisk/kondratevakate/01_insidekatesbrain/01_my_brain_years/reprocessed_2026/foundation_models/neurofm_simon_fastsurfer_mask/masked_inputs/ses-060_run-1_T1w_neurofm_skullstripped.nii.gz,ok,,256x256x256,256x256x256,1x1x1,1x1x1,1198946,0.07146275,1198942,e8cd028cea03a7aef102fa895c44bab307079e74f5696b12519c31ff1c6b0bc0,d5e04800533cf2a5c16a5b9cdbe53d705f5794e02cfa8e8f8398d1a3d0897515,03252d7b79f79f63c493d28a9d1f96979256dba0bfdd727e89e99d785dfd73ab,stability_qc_perturbation_on_existing_masked_neurofm_input,ses-060_run-1_T1w,baseline,0,/mnt/d/YandexDisk/kondratevakate/01_insidekatesbrain/01_my_brain_years/reprocessed_2026/foundation_models/neurofm_simon_fastsurfer_mask/masked_inputs/ses-060_run-1_T1w_neurofm_skullstripped.nii.gz,03252d7b79f79f63c493d28a9d1f96979256dba0bfdd727e89e99d785dfd73ab,simon_neurofm_masked_subset_perturbations,03252d7b79f79f63c493d28a9d1f96979256dba0bfdd727e89e99d785dfd73ab,NeuroFM,https://github.com/rockNroll87q/NeuroFM.git,d4e3c463910d939a681d24ebdeb26d44dea6878f,neurofm-s,/mnt/d/YandexDisk/kondratevakate/01_insidekatesbrain/01_my_brain_years/reprocessed_2026/foundation_models/neurofm_simon_fastsurfer_mask/masked_inputs/ses-060_run-1_T1w_neurofm_skullstripped.nii.gz,75.61289978027344,0.0,34298.89453125,1227344.5,application_branch_not_validation_claim,"NeuroFM output is a model estimate on this preprocessing branch; it is not a segmentation, morphometry, clinical, or validation claim.",29.2029
SIMON,SIMON,060,run-1,,ses-060_run-1_T1w,midi_simon_fastsurfer_orig,existing_fastsurfer_orig_mgz_conformed,46.41,/mnt/d/YandexDisk/kondratevakate/01_insidekatesbrain/01_my_brain_years/reprocessed_2026/foundation_models/simon_model_stability/perturbed_inputs/ses-060_run-1_T1w_brain_size_scale_0p98.nii.gz,,Existing FastSurfer orig.mgz derivative; not raw SIMON BIDS/NIfTI.,/mnt/d/data/fastserfer_simon/ses-060_run-1_T1w_orig.mgz,/mnt/d/data/fastserfer_simon/ses-060_run-1_T1w_aparcDKT+aseg.mgz,/mnt/d/YandexDisk/kondratevakate/01_insidekatesbrain/01_my_brain_years/reprocessed_2026/foundation_models/simon_model_stability/perturbed_inputs/ses-060_run-1_T1w_brain_size_scale_0p98.nii.gz,ok,,256x256x256,256x256x256,1x1x1,1x1x1,1198946,0.07146275,1198942,e8cd028cea03a7aef102fa895c44bab307079e74f5696b12519c31ff1c6b0bc0,d5e04800533cf2a5c16a5b9cdbe53d705f5794e02cfa8e8f8398d1a3d0897515,03252d7b79f79f63c493d28a9d1f96979256dba0bfdd727e89e99d785dfd73ab,stability_qc_perturbation_on_existing_masked_neurofm_input,ses-060_run-1_T1w,brain_size_scale_0p98,0.98,/mnt/d/YandexDisk/kondratevakate/01_insidekatesbrain/01_my_brain_years/reprocessed_2026/foundation_models/neurofm_simon_fastsurfer_mask/masked_inputs/ses-060_run-1_T1w_neurofm_skullstripped.nii.gz,03252d7b79f79f63c493d28a9d1f96979256dba0bfdd727e89e99d785dfd73ab,simon_neurofm_masked_subset_perturbations,c0f8a6dbc2a971aee5c11209ce20457c4206af881f2015c076f932a0745ea220,NeuroFM,https://github.com/rockNroll87q/NeuroFM.git,d4e3c463910d939a681d24ebdeb26d44dea6878f,neurofm-s,/mnt/d/YandexDisk/kondratevakate/01_insidekatesbrain/01_my_brain_years/reprocessed_2026/foundation_models/simon_model_stability/perturbed_inputs/ses-060_run-1_T1w_brain_size_scale_0p98.nii.gz,75.37217712402344,0.0,36056.875,1215697.5,application_branch_not_validation_claim,"NeuroFM output is a model estimate on this preprocessing branch; it is not a segmentation, morphometry, clinical, or validation claim.",28.9622
SIMON,SIMON,060,run-1,,ses-060_run-1_T1w,midi_simon_fastsurfer_orig,existing_fastsurfer_orig_mgz_conformed,46.41,/mnt/d/YandexDisk/kondratevakate/01_insidekatesbrain/01_my_brain_years/reprocessed_2026/foundation_models/simon_model_stability/perturbed_inputs/ses-060_run-1_T1w_brain_size_scale_1p02.nii.gz,,Existing FastSurfer orig.mgz derivative; not raw SIMON BIDS/NIfTI.,/mnt/d/data/fastserfer_simon/ses-060_run-1_T1w_orig.mgz,/mnt/d/data/fastserfer_simon/ses-060_run-1_T1w_aparcDKT+aseg.mgz,/mnt/d/YandexDisk/kondratevakate/01_insidekatesbrain/01_my_brain_years/reprocessed_2026/foundation_models/simon_model_stability/perturbed_inputs/ses-060_run-1_T1w_brain_size_scale_1p02.nii.gz,ok,,256x256x256,256x256x256,1x1x1,1x1x1,1198946,0.07146275,1198942,e8cd028cea03a7aef102fa895c44bab307079e74f5696b12519c31ff1c6b0bc0,d5e04800533cf2a5c16a5b9cdbe53d705f5794e02cfa8e8f8398d1a3d0897515,03252d7b79f79f63c493d28a9d1f96979256dba0bfdd727e89e99d785dfd73ab,stability_qc_perturbation_on_existing_masked_neurofm_input,ses-060_run-1_T1w,brain_size_scale_1p02,1.02,/mnt/d/YandexDisk/kondratevakate/01_insidekatesbrain/01_my_brain_years/reprocessed_2026/foundation_models/neurofm_simon_fastsurfer_mask/masked_inputs/ses-060_run-1_T1w_neurofm_skullstripped.nii.gz,03252d7b79f79f63c493d28a9d1f96979256dba0bfdd727e89e99d785dfd73ab,simon_neurofm_masked_subset_perturbations,52961af82a6becf55e039064e188436927868dc2c8110bfa54a9e493f302bb89,NeuroFM,https://github.com/rockNroll87q/NeuroFM.git,d4e3c463910d939a681d24ebdeb26d44dea6878f,neurofm-s,/mnt/d/YandexDisk/kondratevakate/01_insidekatesbrain/01_my_brain_years/reprocessed_2026/foundation_models/simon_model_stability/perturbed_inputs/ses-060_run-1_T1w_brain_size_scale_1p02.nii.gz,73.85333251953125,0.0,26857.5703125,1264382.0,application_branch_not_validation_claim,"NeuroFM output is a model estimate on this preprocessing branch; it is not a segmentation, morphometry, clinical, or validation claim.",27.4433
SIMON,SIMON,060,run-1,,ses-060_run-1_T1w,midi_simon_fastsurfer_orig,existing_fastsurfer_orig_mgz_conformed,46.41,/mnt/d/YandexDisk/kondratevakate/01_insidekatesbrain/01_my_brain_years/reprocessed_2026/foundation_models/simon_model_stability/perturbed_inputs/ses-060_run-1_T1w_resample_roundtrip_0p98.nii.gz,,Existing FastSurfer orig.mgz derivative; not raw SIMON BIDS/NIfTI.,/mnt/d/data/fastserfer_simon/ses-060_run-1_T1w_orig.mgz,/mnt/d/data/fastserfer_simon/ses-060_run-1_T1w_aparcDKT+aseg.mgz,/mnt/d/YandexDisk/kondratevakate/01_insidekatesbrain/01_my_brain_years/reprocessed_2026/foundation_models/simon_model_stability/perturbed_inputs/ses-060_run-1_T1w_resample_roundtrip_0p98.nii.gz,ok,,256x256x256,256x256x256,1x1x1,1x1x1,1198946,0.07146275,1198942,e8cd028cea03a7aef102fa895c44bab307079e74f5696b12519c31ff1c6b0bc0,d5e04800533cf2a5c16a5b9cdbe53d705f5794e02cfa8e8f8398d1a3d0897515,03252d7b79f79f63c493d28a9d1f96979256dba0bfdd727e89e99d785dfd73ab,stability_qc_perturbation_on_existing_masked_neurofm_input,ses-060_run-1_T1w,resample_roundtrip_0p98,0.98,/mnt/d/YandexDisk/kondratevakate/01_insidekatesbrain/01_my_brain_years/reprocessed_2026/foundation_models/neurofm_simon_fastsurfer_mask/masked_inputs/ses-060_run-1_T1w_neurofm_skullstripped.nii.gz,03252d7b79f79f63c493d28a9d1f96979256dba0bfdd727e89e99d785dfd73ab,simon_neurofm_masked_subset_perturbations,a63750b56e59399f3ba82d4759fe7e89810202043cf0ce8db129c6260872de3f,NeuroFM,https://github.com/rockNroll87q/NeuroFM.git,d4e3c463910d939a681d24ebdeb26d44dea6878f,neurofm-s,/mnt/d/YandexDisk/kondratevakate/01_insidekatesbrain/01_my_brain_years/reprocessed_2026/foundation_models/simon_model_stability/perturbed_inputs/ses-060_run-1_T1w_resample_roundtrip_0p98.nii.gz,73.55728149414062,0.0,30358.314453125,1232222.0,application_branch_not_validation_claim,"NeuroFM output is a model estimate on this preprocessing branch; it is not a segmentation, morphometry, clinical, or validation claim.",27.1473
SIMON,SIMON,060,run-1,,ses-060_run-1_T1w,midi_simon_fastsurfer_orig,existing_fastsurfer_orig_mgz_conformed,46.41,/mnt/d/YandexDisk/kondratevakate/01_insidekatesbrain/01_my_brain_years/reprocessed_2026/foundation_models/simon_model_stability/perturbed_inputs/ses-060_run-1_T1w_resample_roundtrip_1p02.nii.gz,,Existing FastSurfer orig.mgz derivative; not raw SIMON BIDS/NIfTI.,/mnt/d/data/fastserfer_simon/ses-060_run-1_T1w_orig.mgz,/mnt/d/data/fastserfer_simon/ses-060_run-1_T1w_aparcDKT+aseg.mgz,/mnt/d/YandexDisk/kondratevakate/01_insidekatesbrain/01_my_brain_years/reprocessed_2026/foundation_models/simon_model_stability/perturbed_inputs/ses-060_run-1_T1w_resample_roundtrip_1p02.nii.gz,ok,,256x256x256,256x256x256,1x1x1,1x1x1,1198946,0.07146275,1198942,e8cd028cea03a7aef102fa895c44bab307079e74f5696b12519c31ff1c6b0bc0,d5e04800533cf2a5c16a5b9cdbe53d705f5794e02cfa8e8f8398d1a3d0897515,03252d7b79f79f63c493d28a9d1f96979256dba0bfdd727e89e99d785dfd73ab,stability_qc_perturbation_on_existing_masked_neurofm_input,ses-060_run-1_T1w,resample_roundtrip_1p02,1.02,/mnt/d/YandexDisk/kondratevakate/01_insidekatesbrain/01_my_brain_years/reprocessed_2026/foundation_models/neurofm_simon_fastsurfer_mask/masked_inputs/ses-060_run-1_T1w_neurofm_skullstripped.nii.gz,03252d7b79f79f63c493d28a9d1f96979256dba0bfdd727e89e99d785dfd73ab,simon_neurofm_masked_subset_perturbations,0595e31902bb1110f089f3f5304d821fb967f1de4bf489054380abbbf4a2e7c9,NeuroFM,https://github.com/rockNroll87q/NeuroFM.git,d4e3c463910d939a681d24ebdeb26d44dea6878f,neurofm-s,/mnt/d/YandexDisk/kondratevakate/01_insidekatesbrain/01_my_brain_years/reprocessed_2026/foundation_models/simon_model_stability/perturbed_inputs/ses-060_run-1_T1w_resample_roundtrip_1p02.nii.gz,73.39159393310547,0.0,30274.01953125,1237972.125,application_branch_not_validation_claim,"NeuroFM output is a model estimate on this preprocessing branch; it is not a segmentation, morphometry, clinical, or validation claim.",26.9816
SIMON,SIMON,060,run-1,,ses-060_run-1_T1w,midi_simon_fastsurfer_orig,existing_fastsurfer_orig_mgz_conformed,46.41,/mnt/d/YandexDisk/kondratevakate/01_insidekatesbrain/01_my_brain_years/reprocessed_2026/foundation_models/simon_model_stability/perturbed_inputs/ses-060_run-1_T1w_rotate_z_minus2deg.nii.gz,,Existing FastSurfer orig.mgz derivative; not raw SIMON BIDS/NIfTI.,/mnt/d/data/fastserfer_simon/ses-060_run-1_T1w_orig.mgz,/mnt/d/data/fastserfer_simon/ses-060_run-1_T1w_aparcDKT+aseg.mgz,/mnt/d/YandexDisk/kondratevakate/01_insidekatesbrain/01_my_brain_years/reprocessed_2026/foundation_models/simon_model_stability/perturbed_inputs/ses-060_run-1_T1w_rotate_z_minus2deg.nii.gz,ok,,256x256x256,256x256x256,1x1x1,1x1x1,1198946,0.07146275,1198942,e8cd028cea03a7aef102fa895c44bab307079e74f5696b12519c31ff1c6b0bc0,d5e04800533cf2a5c16a5b9cdbe53d705f5794e02cfa8e8f8398d1a3d0897515,03252d7b79f79f63c493d28a9d1f96979256dba0bfdd727e89e99d785dfd73ab,stability_qc_perturbation_on_existing_masked_neurofm_input,ses-060_run-1_T1w,rotate_z_minus2deg,-2,/mnt/d/YandexDisk/kondratevakate/01_insidekatesbrain/01_my_brain_years/reprocessed_2026/foundation_models/neurofm_simon_fastsurfer_mask/masked_inputs/ses-060_run-1_T1w_neurofm_skullstripped.nii.gz,03252d7b79f79f63c493d28a9d1f96979256dba0bfdd727e89e99d785dfd73ab,simon_neurofm_masked_subset_perturbations,655dc772c6b20e9583b14c26c8b18c9a97c7a91f4eff2477dff4b6e990fb2240,NeuroFM,https://github.com/rockNroll87q/NeuroFM.git,d4e3c463910d939a681d24ebdeb26d44dea6878f,neurofm-s,/mnt/d/YandexDisk/kondratevakate/01_insidekatesbrain/01_my_brain_years/reprocessed_2026/foundation_models/simon_model_stability/perturbed_inputs/ses-060_run-1_T1w_rotate_z_minus2deg.nii.gz,74.18618774414062,0.0,30217.94140625,1220410.5,application_branch_not_validation_claim,"NeuroFM output is a model estimate on this preprocessing branch; it is not a segmentation, morphometry, clinical, or validation claim.",27.7762
SIMON,SIMON,060,run-1,,ses-060_run-1_T1w,midi_simon_fastsurfer_orig,existing_fastsurfer_orig_mgz_conformed,46.41,/mnt/d/YandexDisk/kondratevakate/01_insidekatesbrain/01_my_brain_years/reprocessed_2026/foundation_models/simon_model_stability/perturbed_inputs/ses-060_run-1_T1w_rotate_z_plus2deg.nii.gz,,Existing FastSurfer orig.mgz derivative; not raw SIMON BIDS/NIfTI.,/mnt/d/data/fastserfer_simon/ses-060_run-1_T1w_orig.mgz,/mnt/d/data/fastserfer_simon/ses-060_run-1_T1w_aparcDKT+aseg.mgz,/mnt/d/YandexDisk/kondratevakate/01_insidekatesbrain/01_my_brain_years/reprocessed_2026/foundation_models/simon_model_stability/perturbed_inputs/ses-060_run-1_T1w_rotate_z_plus2deg.nii.gz,ok,,256x256x256,256x256x256,1x1x1,1x1x1,1198946,0.07146275,1198942,e8cd028cea03a7aef102fa895c44bab307079e74f5696b12519c31ff1c6b0bc0,d5e04800533cf2a5c16a5b9cdbe53d705f5794e02cfa8e8f8398d1a3d0897515,03252d7b79f79f63c493d28a9d1f96979256dba0bfdd727e89e99d785dfd73ab,stability_qc_perturbation_on_existing_masked_neurofm_input,ses-060_run-1_T1w,rotate_z_plus2deg,2,/mnt/d/YandexDisk/kondratevakate/01_insidekatesbrain/01_my_brain_years/reprocessed_2026/foundation_models/neurofm_simon_fastsurfer_mask/masked_inputs/ses-060_run-1_T1w_neurofm_skullstripped.nii.gz,03252d7b79f79f63c493d28a9d1f96979256dba0bfdd727e89e99d785dfd73ab,simon_neurofm_masked_subset_perturbations,e39adbe44ced7237116d25324592b39b226fdb4f81ee73ac4494be9d2722b371,NeuroFM,https://github.com/rockNroll87q/NeuroFM.git,d4e3c463910d939a681d24ebdeb26d44dea6878f,neurofm-s,/mnt/d/YandexDisk/kondratevakate/01_insidekatesbrain/01_my_brain_years/reprocessed_2026/foundation_models/simon_model_stability/perturbed_inputs/ses-060_run-1_T1w_rotate_z_plus2deg.nii.gz,75.80624389648438,0.0,30795.49609375,1237788.75,application_branch_not_validation_claim,"NeuroFM output is a model estimate on this preprocessing branch; it is not a segmentation, morphometry, clinical, or validation claim.",29.3962
SIMON,SIMON,066,run-1,,ses-066_run-1_T1w,midi_simon_fastsurfer_orig,existing_fastsurfer_orig_mgz_conformed,46.41,/mnt/d/YandexDisk/kondratevakate/01_insidekatesbrain/01_my_brain_years/reprocessed_2026/foundation_models/neurofm_simon_fastsurfer_mask/masked_inputs/ses-066_run-1_T1w_neurofm_skullstripped.nii.gz,,Existing FastSurfer orig.mgz derivative; not raw SIMON BIDS/NIfTI.,/mnt/d/data/fastserfer_simon/ses-066_run-1_T1w_orig.mgz,/mnt/d/data/fastserfer_simon/ses-066_run-1_T1w_aparcDKT+aseg.mgz,/mnt/d/YandexDisk/kondratevakate/01_insidekatesbrain/01_my_brain_years/reprocessed_2026/foundation_models/neurofm_simon_fastsurfer_mask/masked_inputs/ses-066_run-1_T1w_neurofm_skullstripped.nii.gz,ok,,256x256x256,256x256x256,1x1x1,1x1x1,1185760,0.070676804,1185664,49a8918377bf7b5ba8e64f7062a330611a799a7a67966e7785b5dd855e731e2c,6a9e5c02175314c622992e994ada70017fe99be0bc66276fcfca19b5c2c125c9,91e8dac4a81f1822e31a08bdb77f3666c2e2f738e9f77edb97b832b186a36732,stability_qc_perturbation_on_existing_masked_neurofm_input,ses-066_run-1_T1w,baseline,0,/mnt/d/YandexDisk/kondratevakate/01_insidekatesbrain/01_my_brain_years/reprocessed_2026/foundation_models/neurofm_simon_fastsurfer_mask/masked_inputs/ses-066_run-1_T1w_neurofm_skullstripped.nii.gz,91e8dac4a81f1822e31a08bdb77f3666c2e2f738e9f77edb97b832b186a36732,simon_neurofm_masked_subset_perturbations,91e8dac4a81f1822e31a08bdb77f3666c2e2f738e9f77edb97b832b186a36732,NeuroFM,https://github.com/rockNroll87q/NeuroFM.git,d4e3c463910d939a681d24ebdeb26d44dea6878f,neurofm-s,/mnt/d/YandexDisk/kondratevakate/01_insidekatesbrain/01_my_brain_years/reprocessed_2026/foundation_models/neurofm_simon_fastsurfer_mask/masked_inputs/ses-066_run-1_T1w_neurofm_skullstripped.nii.gz,72.95133209228516,0.0,28357.841796875,1203967.5,application_branch_not_validation_claim,"NeuroFM output is a model estimate on this preprocessing branch; it is not a segmentation, morphometry, clinical, or validation claim.",26.5413
SIMON,SIMON,066,run-1,,ses-066_run-1_T1w,midi_simon_fastsurfer_orig,existing_fastsurfer_orig_mgz_conformed,46.41,/mnt/d/YandexDisk/kondratevakate/01_insidekatesbrain/01_my_brain_years/reprocessed_2026/foundation_models/simon_model_stability/perturbed_inputs/ses-066_run-1_T1w_brain_size_scale_0p98.nii.gz,,Existing FastSurfer orig.mgz derivative; not raw SIMON BIDS/NIfTI.,/mnt/d/data/fastserfer_simon/ses-066_run-1_T1w_orig.mgz,/mnt/d/data/fastserfer_simon/ses-066_run-1_T1w_aparcDKT+aseg.mgz,/mnt/d/YandexDisk/kondratevakate/01_insidekatesbrain/01_my_brain_years/reprocessed_2026/foundation_models/simon_model_stability/perturbed_inputs/ses-066_run-1_T1w_brain_size_scale_0p98.nii.gz,ok,,256x256x256,256x256x256,1x1x1,1x1x1,1185760,0.070676804,1185664,49a8918377bf7b5ba8e64f7062a330611a799a7a67966e7785b5dd855e731e2c,6a9e5c02175314c622992e994ada70017fe99be0bc66276fcfca19b5c2c125c9,91e8dac4a81f1822e31a08bdb77f3666c2e2f738e9f77edb97b832b186a36732,stability_qc_perturbation_on_existing_masked_neurofm_input,ses-066_run-1_T1w,brain_size_scale_0p98,0.98,/mnt/d/YandexDisk/kondratevakate/01_insidekatesbrain/01_my_brain_years/reprocessed_2026/foundation_models/neurofm_simon_fastsurfer_mask/masked_inputs/ses-066_run-1_T1w_neurofm_skullstripped.nii.gz,91e8dac4a81f1822e31a08bdb77f3666c2e2f738e9f77edb97b832b186a36732,simon_neurofm_masked_subset_perturbations,19c703cdfd2c66e129127b39e6ae083bee9d0f55a703ddbfda96985bcfd3a07d,NeuroFM,https://github.com/rockNroll87q/NeuroFM.git,d4e3c463910d939a681d24ebdeb26d44dea6878f,neurofm-s,/mnt/d/YandexDisk/kondratevakate/01_insidekatesbrain/01_my_brain_years/reprocessed_2026/foundation_models/simon_model_stability/perturbed_inputs/ses-066_run-1_T1w_brain_size_scale_0p98.nii.gz,71.92929077148438,1.0,28531.001953125,1174770.375,application_branch_not_validation_claim,"NeuroFM output is a model estimate on this preprocessing branch; it is not a segmentation, morphometry, clinical, or validation claim.",25.5193
SIMON,SIMON,066,run-1,,ses-066_run-1_T1w,midi_simon_fastsurfer_orig,existing_fastsurfer_orig_mgz_conformed,46.41,/mnt/d/YandexDisk/kondratevakate/01_insidekatesbrain/01_my_brain_years/reprocessed_2026/foundation_models/simon_model_stability/perturbed_inputs/ses-066_run-1_T1w_brain_size_scale_1p02.nii.gz,,Existing FastSurfer orig.mgz derivative; not raw SIMON BIDS/NIfTI.,/mnt/d/data/fastserfer_simon/ses-066_run-1_T1w_orig.mgz,/mnt/d/data/fastserfer_simon/ses-066_run-1_T1w_aparcDKT+aseg.mgz,/mnt/d/YandexDisk/kondratevakate/01_insidekatesbrain/01_my_brain_years/reprocessed_2026/foundation_models/simon_model_stability/perturbed_inputs/ses-066_run-1_T1w_brain_size_scale_1p02.nii.gz,ok,,256x256x256,256x256x256,1x1x1,1x1x1,1185760,0.070676804,1185664,49a8918377bf7b5ba8e64f7062a330611a799a7a67966e7785b5dd855e731e2c,6a9e5c02175314c622992e994ada70017fe99be0bc66276fcfca19b5c2c125c9,91e8dac4a81f1822e31a08bdb77f3666c2e2f738e9f77edb97b832b186a36732,stability_qc_perturbation_on_existing_masked_neurofm_input,ses-066_run-1_T1w,brain_size_scale_1p02,1.02,/mnt/d/YandexDisk/kondratevakate/01_insidekatesbrain/01_my_brain_years/reprocessed_2026/foundation_models/neurofm_simon_fastsurfer_mask/masked_inputs/ses-066_run-1_T1w_neurofm_skullstripped.nii.gz,91e8dac4a81f1822e31a08bdb77f3666c2e2f738e9f77edb97b832b186a36732,simon_neurofm_masked_subset_perturbations,a8d36ca02a00fdab01dac8d5168f6ef61b1c9bf9314e40074875efde20d1d337,NeuroFM,https://github.com/rockNroll87q/NeuroFM.git,d4e3c463910d939a681d24ebdeb26d44dea6878f,neurofm-s,/mnt/d/YandexDisk/kondratevakate/01_insidekatesbrain/01_my_brain_years/reprocessed_2026/foundation_models/simon_model_stability/perturbed_inputs/ses-066_run-1_T1w_brain_size_scale_1p02.nii.gz,74.57566833496094,0.0,24226.43359375,1229314.125,application_branch_not_validation_claim,"NeuroFM output is a model estimate on this preprocessing branch; it is not a segmentation, morphometry, clinical, or validation claim.",28.1657
SIMON,SIMON,066,run-1,,ses-066_run-1_T1w,midi_simon_fastsurfer_orig,existing_fastsurfer_orig_mgz_conformed,46.41,/mnt/d/YandexDisk/kondratevakate/01_insidekatesbrain/01_my_brain_years/reprocessed_2026/foundation_models/simon_model_stability/perturbed_inputs/ses-066_run-1_T1w_resample_roundtrip_0p98.nii.gz,,Existing FastSurfer orig.mgz derivative; not raw SIMON BIDS/NIfTI.,/mnt/d/data/fastserfer_simon/ses-066_run-1_T1w_orig.mgz,/mnt/d/data/fastserfer_simon/ses-066_run-1_T1w_aparcDKT+aseg.mgz,/mnt/d/YandexDisk/kondratevakate/01_insidekatesbrain/01_my_brain_years/reprocessed_2026/foundation_models/simon_model_stability/perturbed_inputs/ses-066_run-1_T1w_resample_roundtrip_0p98.nii.gz,ok,,256x256x256,256x256x256,1x1x1,1x1x1,1185760,0.070676804,1185664,49a8918377bf7b5ba8e64f7062a330611a799a7a67966e7785b5dd855e731e2c,6a9e5c02175314c622992e994ada70017fe99be0bc66276fcfca19b5c2c125c9,91e8dac4a81f1822e31a08bdb77f3666c2e2f738e9f77edb97b832b186a36732,stability_qc_perturbation_on_existing_masked_neurofm_input,ses-066_run-1_T1w,resample_roundtrip_0p98,0.98,/mnt/d/YandexDisk/kondratevakate/01_insidekatesbrain/01_my_brain_years/reprocessed_2026/foundation_models/neurofm_simon_fastsurfer_mask/masked_inputs/ses-066_run-1_T1w_neurofm_skullstripped.nii.gz,91e8dac4a81f1822e31a08bdb77f3666c2e2f738e9f77edb97b832b186a36732,simon_neurofm_masked_subset_perturbations,c2f04a53e2508a4c5e046c794f79458f03463ba276dd062910fe778ddb9d25a0,NeuroFM,https://github.com/rockNroll87q/NeuroFM.git,d4e3c463910d939a681d24ebdeb26d44dea6878f,neurofm-s,/mnt/d/YandexDisk/kondratevakate/01_insidekatesbrain/01_my_brain_years/reprocessed_2026/foundation_models/simon_model_stability/perturbed_inputs/ses-066_run-1_T1w_resample_roundtrip_0p98.nii.gz,70.82523345947266,0.0,25771.21484375,1218502.375,application_branch_not_validation_claim,"NeuroFM output is a model estimate on this preprocessing branch; it is not a segmentation, morphometry, clinical, or validation claim.",24.4152
SIMON,SIMON,066,run-1,,ses-066_run-1_T1w,midi_simon_fastsurfer_orig,existing_fastsurfer_orig_mgz_conformed,46.41,/mnt/d/YandexDisk/kondratevakate/01_insidekatesbrain/01_my_brain_years/reprocessed_2026/foundation_models/simon_model_stability/perturbed_inputs/ses-066_run-1_T1w_resample_roundtrip_1p02.nii.gz,,Existing FastSurfer orig.mgz derivative; not raw SIMON BIDS/NIfTI.,/mnt/d/data/fastserfer_simon/ses-066_run-1_T1w_orig.mgz,/mnt/d/data/fastserfer_simon/ses-066_run-1_T1w_aparcDKT+aseg.mgz,/mnt/d/YandexDisk/kondratevakate/01_insidekatesbrain/01_my_brain_years/reprocessed_2026/foundation_models/simon_model_stability/perturbed_inputs/ses-066_run-1_T1w_resample_roundtrip_1p02.nii.gz,ok,,256x256x256,256x256x256,1x1x1,1x1x1,1185760,0.070676804,1185664,49a8918377bf7b5ba8e64f7062a330611a799a7a67966e7785b5dd855e731e2c,6a9e5c02175314c622992e994ada70017fe99be0bc66276fcfca19b5c2c125c9,91e8dac4a81f1822e31a08bdb77f3666c2e2f738e9f77edb97b832b186a36732,stability_qc_perturbation_on_existing_masked_neurofm_input,ses-066_run-1_T1w,resample_roundtrip_1p02,1.02,/mnt/d/YandexDisk/kondratevakate/01_insidekatesbrain/01_my_brain_years/reprocessed_2026/foundation_models/neurofm_simon_fastsurfer_mask/masked_inputs/ses-066_run-1_T1w_neurofm_skullstripped.nii.gz,91e8dac4a81f1822e31a08bdb77f3666c2e2f738e9f77edb97b832b186a36732,simon_neurofm_masked_subset_perturbations,4ccd498df817000d79b84542e325180060ec4a9fcc39ca53cf7745341425f35b,NeuroFM,https://github.com/rockNroll87q/NeuroFM.git,d4e3c463910d939a681d24ebdeb26d44dea6878f,neurofm-s,/mnt/d/YandexDisk/kondratevakate/01_insidekatesbrain/01_my_brain_years/reprocessed_2026/foundation_models/simon_model_stability/perturbed_inputs/ses-066_run-1_T1w_resample_roundtrip_1p02.nii.gz,71.32178497314453,0.0,26353.7265625,1211254.625,application_branch_not_validation_claim,"NeuroFM output is a model estimate on this preprocessing branch; it is not a segmentation, morphometry, clinical, or validation claim.",24.9118
SIMON,SIMON,066,run-1,,ses-066_run-1_T1w,midi_simon_fastsurfer_orig,existing_fastsurfer_orig_mgz_conformed,46.41,/mnt/d/YandexDisk/kondratevakate/01_insidekatesbrain/01_my_brain_years/reprocessed_2026/foundation_models/simon_model_stability/perturbed_inputs/ses-066_run-1_T1w_rotate_z_minus2deg.nii.gz,,Existing FastSurfer orig.mgz derivative; not raw SIMON BIDS/NIfTI.,/mnt/d/data/fastserfer_simon/ses-066_run-1_T1w_orig.mgz,/mnt/d/data/fastserfer_simon/ses-066_run-1_T1w_aparcDKT+aseg.mgz,/mnt/d/YandexDisk/kondratevakate/01_insidekatesbrain/01_my_brain_years/reprocessed_2026/foundation_models/simon_model_stability/perturbed_inputs/ses-066_run-1_T1w_rotate_z_minus2deg.nii.gz,ok,,256x256x256,256x256x256,1x1x1,1x1x1,1185760,0.070676804,1185664,49a8918377bf7b5ba8e64f7062a330611a799a7a67966e7785b5dd855e731e2c,6a9e5c02175314c622992e994ada70017fe99be0bc66276fcfca19b5c2c125c9,91e8dac4a81f1822e31a08bdb77f3666c2e2f738e9f77edb97b832b186a36732,stability_qc_perturbation_on_existing_masked_neurofm_input,ses-066_run-1_T1w,rotate_z_minus2deg,-2,/mnt/d/YandexDisk/kondratevakate/01_insidekatesbrain/01_my_brain_years/reprocessed_2026/foundation_models/neurofm_simon_fastsurfer_mask/masked_inputs/ses-066_run-1_T1w_neurofm_skullstripped.nii.gz,91e8dac4a81f1822e31a08bdb77f3666c2e2f738e9f77edb97b832b186a36732,simon_neurofm_masked_subset_perturbations,f1093afb234af5d570f150ddd4f884640d469db9ee753837e18e607c6cddf45e,NeuroFM,https://github.com/rockNroll87q/NeuroFM.git,d4e3c463910d939a681d24ebdeb26d44dea6878f,neurofm-s,/mnt/d/YandexDisk/kondratevakate/01_insidekatesbrain/01_my_brain_years/reprocessed_2026/foundation_models/simon_model_stability/perturbed_inputs/ses-066_run-1_T1w_rotate_z_minus2deg.nii.gz,73.56402587890625,0.0,31973.375,1203141.125,application_branch_not_validation_claim,"NeuroFM output is a model estimate on this preprocessing branch; it is not a segmentation, morphometry, clinical, or validation claim.",27.154
SIMON,SIMON,066,run-1,,ses-066_run-1_T1w,midi_simon_fastsurfer_orig,existing_fastsurfer_orig_mgz_conformed,46.41,/mnt/d/YandexDisk/kondratevakate/01_insidekatesbrain/01_my_brain_years/reprocessed_2026/foundation_models/simon_model_stability/perturbed_inputs/ses-066_run-1_T1w_rotate_z_plus2deg.nii.gz,,Existing FastSurfer orig.mgz derivative; not raw SIMON BIDS/NIfTI.,/mnt/d/data/fastserfer_simon/ses-066_run-1_T1w_orig.mgz,/mnt/d/data/fastserfer_simon/ses-066_run-1_T1w_aparcDKT+aseg.mgz,/mnt/d/YandexDisk/kondratevakate/01_insidekatesbrain/01_my_brain_years/reprocessed_2026/foundation_models/simon_model_stability/perturbed_inputs/ses-066_run-1_T1w_rotate_z_plus2deg.nii.gz,ok,,256x256x256,256x256x256,1x1x1,1x1x1,1185760,0.070676804,1185664,49a8918377bf7b5ba8e64f7062a330611a799a7a67966e7785b5dd855e731e2c,6a9e5c02175314c622992e994ada70017fe99be0bc66276fcfca19b5c2c125c9,91e8dac4a81f1822e31a08bdb77f3666c2e2f738e9f77edb97b832b186a36732,stability_qc_perturbation_on_existing_masked_neurofm_input,ses-066_run-1_T1w,rotate_z_plus2deg,2,/mnt/d/YandexDisk/kondratevakate/01_insidekatesbrain/01_my_brain_years/reprocessed_2026/foundation_models/neurofm_simon_fastsurfer_mask/masked_inputs/ses-066_run-1_T1w_neurofm_skullstripped.nii.gz,91e8dac4a81f1822e31a08bdb77f3666c2e2f738e9f77edb97b832b186a36732,simon_neurofm_masked_subset_perturbations,381e83cf47fff01a2226751429d25ecc103ef64d2dec221cc4a5f3709f58e09f,NeuroFM,https://github.com/rockNroll87q/NeuroFM.git,d4e3c463910d939a681d24ebdeb26d44dea6878f,neurofm-s,/mnt/d/YandexDisk/kondratevakate/01_insidekatesbrain/01_my_brain_years/reprocessed_2026/foundation_models/simon_model_stability/perturbed_inputs/ses-066_run-1_T1w_rotate_z_plus2deg.nii.gz,74.37493896484375,1.0,25612.380859375,1235740.375,application_branch_not_validation_claim,"NeuroFM output is a model estimate on this preprocessing branch; it is not a segmentation, morphometry, clinical, or validation claim.",27.9649
SIMON,SIMON,073,run-1,,ses-073_run-1_T1w,midi_simon_fastsurfer_orig,existing_fastsurfer_orig_mgz_conformed,46.41,/mnt/d/YandexDisk/kondratevakate/01_insidekatesbrain/01_my_brain_years/reprocessed_2026/foundation_models/neurofm_simon_fastsurfer_mask/masked_inputs/ses-073_run-1_T1w_neurofm_skullstripped.nii.gz,,Existing FastSurfer orig.mgz derivative; not raw SIMON BIDS/NIfTI.,/mnt/d/data/fastserfer_simon/ses-073_run-1_T1w_orig.mgz,/mnt/d/data/fastserfer_simon/ses-073_run-1_T1w_aparcDKT+aseg.mgz,/mnt/d/YandexDisk/kondratevakate/01_insidekatesbrain/01_my_brain_years/reprocessed_2026/foundation_models/neurofm_simon_fastsurfer_mask/masked_inputs/ses-073_run-1_T1w_neurofm_skullstripped.nii.gz,ok,,256x256x256,256x256x256,1x1x1,1x1x1,1199605,0.07150203,1199605,603e6e621a4b4167313f5c13705685105271603bd06919c6676bf7ccdf43435d,ad75287d227401daaa6fcaa0e0240eb7c37bc200542eaf6a7ddd9001c863338d,cc8c5bbfb80b2af9bd65ff171410f238008ca5a30c8383c841f8ac620b6d5cd5,stability_qc_perturbation_on_existing_masked_neurofm_input,ses-073_run-1_T1w,baseline,0,/mnt/d/YandexDisk/kondratevakate/01_insidekatesbrain/01_my_brain_years/reprocessed_2026/foundation_models/neurofm_simon_fastsurfer_mask/masked_inputs/ses-073_run-1_T1w_neurofm_skullstripped.nii.gz,cc8c5bbfb80b2af9bd65ff171410f238008ca5a30c8383c841f8ac620b6d5cd5,simon_neurofm_masked_subset_perturbations,cc8c5bbfb80b2af9bd65ff171410f238008ca5a30c8383c841f8ac620b6d5cd5,NeuroFM,https://github.com/rockNroll87q/NeuroFM.git,d4e3c463910d939a681d24ebdeb26d44dea6878f,neurofm-s,/mnt/d/YandexDisk/kondratevakate/01_insidekatesbrain/01_my_brain_years/reprocessed_2026/foundation_models/neurofm_simon_fastsurfer_mask/masked_inputs/ses-073_run-1_T1w_neurofm_skullstripped.nii.gz,84.61555480957031,0.0,24086.478515625,1309711.875,application_branch_not_validation_claim,"NeuroFM output is a model estimate on this preprocessing branch; it is not a segmentation, morphometry, clinical, or validation claim.",38.2056
SIMON,SIMON,073,run-1,,ses-073_run-1_T1w,midi_simon_fastsurfer_orig,existing_fastsurfer_orig_mgz_conformed,46.41,/mnt/d/YandexDisk/kondratevakate/01_insidekatesbrain/01_my_brain_years/reprocessed_2026/foundation_models/simon_model_stability/perturbed_inputs/ses-073_run-1_T1w_brain_size_scale_0p98.nii.gz,,Existing FastSurfer orig.mgz derivative; not raw SIMON BIDS/NIfTI.,/mnt/d/data/fastserfer_simon/ses-073_run-1_T1w_orig.mgz,/mnt/d/data/fastserfer_simon/ses-073_run-1_T1w_aparcDKT+aseg.mgz,/mnt/d/YandexDisk/kondratevakate/01_insidekatesbrain/01_my_brain_years/reprocessed_2026/foundation_models/simon_model_stability/perturbed_inputs/ses-073_run-1_T1w_brain_size_scale_0p98.nii.gz,ok,,256x256x256,256x256x256,1x1x1,1x1x1,1199605,0.07150203,1199605,603e6e621a4b4167313f5c13705685105271603bd06919c6676bf7ccdf43435d,ad75287d227401daaa6fcaa0e0240eb7c37bc200542eaf6a7ddd9001c863338d,cc8c5bbfb80b2af9bd65ff171410f238008ca5a30c8383c841f8ac620b6d5cd5,stability_qc_perturbation_on_existing_masked_neurofm_input,ses-073_run-1_T1w,brain_size_scale_0p98,0.98,/mnt/d/YandexDisk/kondratevakate/01_insidekatesbrain/01_my_brain_years/reprocessed_2026/foundation_models/neurofm_simon_fastsurfer_mask/masked_inputs/ses-073_run-1_T1w_neurofm_skullstripped.nii.gz,cc8c5bbfb80b2af9bd65ff171410f238008ca5a30c8383c841f8ac620b6d5cd5,simon_neurofm_masked_subset_perturbations,bf80af5d124acc45a814fb4440f34880003245c280b110aa25b2c857866264f2,NeuroFM,https://github.com/rockNroll87q/NeuroFM.git,d4e3c463910d939a681d24ebdeb26d44dea6878f,neurofm-s,/mnt/d/YandexDisk/kondratevakate/01_insidekatesbrain/01_my_brain_years/reprocessed_2026/foundation_models/simon_model_stability/perturbed_inputs/ses-073_run-1_T1w_brain_size_scale_0p98.nii.gz,82.09081268310547,0.0,24166.947265625,1305089.5,application_branch_not_validation_claim,"NeuroFM output is a model estimate on this preprocessing branch; it is not a segmentation, morphometry, clinical, or validation claim.",35.6808
SIMON,SIMON,073,run-1,,ses-073_run-1_T1w,midi_simon_fastsurfer_orig,existing_fastsurfer_orig_mgz_conformed,46.41,/mnt/d/YandexDisk/kondratevakate/01_insidekatesbrain/01_my_brain_years/reprocessed_2026/foundation_models/simon_model_stability/perturbed_inputs/ses-073_run-1_T1w_brain_size_scale_1p02.nii.gz,,Existing FastSurfer orig.mgz derivative; not raw SIMON BIDS/NIfTI.,/mnt/d/data/fastserfer_simon/ses-073_run-1_T1w_orig.mgz,/mnt/d/data/fastserfer_simon/ses-073_run-1_T1w_aparcDKT+aseg.mgz,/mnt/d/YandexDisk/kondratevakate/01_insidekatesbrain/01_my_brain_years/reprocessed_2026/foundation_models/simon_model_stability/perturbed_inputs/ses-073_run-1_T1w_brain_size_scale_1p02.nii.gz,ok,,256x256x256,256x256x256,1x1x1,1x1x1,1199605,0.07150203,1199605,603e6e621a4b4167313f5c13705685105271603bd06919c6676bf7ccdf43435d,ad75287d227401daaa6fcaa0e0240eb7c37bc200542eaf6a7ddd9001c863338d,cc8c5bbfb80b2af9bd65ff171410f238008ca5a30c8383c841f8ac620b6d5cd5,stability_qc_perturbation_on_existing_masked_neurofm_input,ses-073_run-1_T1w,brain_size_scale_1p02,1.02,/mnt/d/YandexDisk/kondratevakate/01_insidekatesbrain/01_my_brain_years/reprocessed_2026/foundation_models/neurofm_simon_fastsurfer_mask/masked_inputs/ses-073_run-1_T1w_neurofm_skullstripped.nii.gz,cc8c5bbfb80b2af9bd65ff171410f238008ca5a30c8383c841f8ac620b6d5cd5,simon_neurofm_masked_subset_perturbations,37f2c5379579e44da029175e7f619296507b2e4e332e953dea062bb93240afe9,NeuroFM,https://github.com/rockNroll87q/NeuroFM.git,d4e3c463910d939a681d24ebdeb26d44dea6878f,neurofm-s,/mnt/d/YandexDisk/kondratevakate/01_insidekatesbrain/01_my_brain_years/reprocessed_2026/foundation_models/simon_model_stability/perturbed_inputs/ses-073_run-1_T1w_brain_size_scale_1p02.nii.gz,83.60869598388672,0.0,22443.62890625,1344240.375,application_branch_not_validation_claim,"NeuroFM output is a model estimate on this preprocessing branch; it is not a segmentation, morphometry, clinical, or validation claim.",37.1987
SIMON,SIMON,073,run-1,,ses-073_run-1_T1w,midi_simon_fastsurfer_orig,existing_fastsurfer_orig_mgz_conformed,46.41,/mnt/d/YandexDisk/kondratevakate/01_insidekatesbrain/01_my_brain_years/reprocessed_2026/foundation_models/simon_model_stability/perturbed_inputs/ses-073_run-1_T1w_resample_roundtrip_0p98.nii.gz,,Existing FastSurfer orig.mgz derivative; not raw SIMON BIDS/NIfTI.,/mnt/d/data/fastserfer_simon/ses-073_run-1_T1w_orig.mgz,/mnt/d/data/fastserfer_simon/ses-073_run-1_T1w_aparcDKT+aseg.mgz,/mnt/d/YandexDisk/kondratevakate/01_insidekatesbrain/01_my_brain_years/reprocessed_2026/foundation_models/simon_model_stability/perturbed_inputs/ses-073_run-1_T1w_resample_roundtrip_0p98.nii.gz,ok,,256x256x256,256x256x256,1x1x1,1x1x1,1199605,0.07150203,1199605,603e6e621a4b4167313f5c13705685105271603bd06919c6676bf7ccdf43435d,ad75287d227401daaa6fcaa0e0240eb7c37bc200542eaf6a7ddd9001c863338d,cc8c5bbfb80b2af9bd65ff171410f238008ca5a30c8383c841f8ac620b6d5cd5,stability_qc_perturbation_on_existing_masked_neurofm_input,ses-073_run-1_T1w,resample_roundtrip_0p98,0.98,/mnt/d/YandexDisk/kondratevakate/01_insidekatesbrain/01_my_brain_years/reprocessed_2026/foundation_models/neurofm_simon_fastsurfer_mask/masked_inputs/ses-073_run-1_T1w_neurofm_skullstripped.nii.gz,cc8c5bbfb80b2af9bd65ff171410f238008ca5a30c8383c841f8ac620b6d5cd5,simon_neurofm_masked_subset_perturbations,9ea3f6a66958cc285defc2a89759789168930c8872487c72279158f3d34e1f34,NeuroFM,https://github.com/rockNroll87q/NeuroFM.git,d4e3c463910d939a681d24ebdeb26d44dea6878f,neurofm-s,/mnt/d/YandexDisk/kondratevakate/01_insidekatesbrain/01_my_brain_years/reprocessed_2026/foundation_models/simon_model_stability/perturbed_inputs/ses-073_run-1_T1w_resample_roundtrip_0p98.nii.gz,82.42113494873047,0.0,21726.12109375,1330204.5,application_branch_not_validation_claim,"NeuroFM output is a model estimate on this preprocessing branch; it is not a segmentation, morphometry, clinical, or validation claim.",36.0111
SIMON,SIMON,073,run-1,,ses-073_run-1_T1w,midi_simon_fastsurfer_orig,existing_fastsurfer_orig_mgz_conformed,46.41,/mnt/d/YandexDisk/kondratevakate/01_insidekatesbrain/01_my_brain_years/reprocessed_2026/foundation_models/simon_model_stability/perturbed_inputs/ses-073_run-1_T1w_resample_roundtrip_1p02.nii.gz,,Existing FastSurfer orig.mgz derivative; not raw SIMON BIDS/NIfTI.,/mnt/d/data/fastserfer_simon/ses-073_run-1_T1w_orig.mgz,/mnt/d/data/fastserfer_simon/ses-073_run-1_T1w_aparcDKT+aseg.mgz,/mnt/d/YandexDisk/kondratevakate/01_insidekatesbrain/01_my_brain_years/reprocessed_2026/foundation_models/simon_model_stability/perturbed_inputs/ses-073_run-1_T1w_resample_roundtrip_1p02.nii.gz,ok,,256x256x256,256x256x256,1x1x1,1x1x1,1199605,0.07150203,1199605,603e6e621a4b4167313f5c13705685105271603bd06919c6676bf7ccdf43435d,ad75287d227401daaa6fcaa0e0240eb7c37bc200542eaf6a7ddd9001c863338d,cc8c5bbfb80b2af9bd65ff171410f238008ca5a30c8383c841f8ac620b6d5cd5,stability_qc_perturbation_on_existing_masked_neurofm_input,ses-073_run-1_T1w,resample_roundtrip_1p02,1.02,/mnt/d/YandexDisk/kondratevakate/01_insidekatesbrain/01_my_brain_years/reprocessed_2026/foundation_models/neurofm_simon_fastsurfer_mask/masked_inputs/ses-073_run-1_T1w_neurofm_skullstripped.nii.gz,cc8c5bbfb80b2af9bd65ff171410f238008ca5a30c8383c841f8ac620b6d5cd5,simon_neurofm_masked_subset_perturbations,7012bf2483b4785022c56a7cac3f27992b96ee6d1161a4e98f8557eb4caa3c8f,NeuroFM,https://github.com/rockNroll87q/NeuroFM.git,d4e3c463910d939a681d24ebdeb26d44dea6878f,neurofm-s,/mnt/d/YandexDisk/kondratevakate/01_insidekatesbrain/01_my_brain_years/reprocessed_2026/foundation_models/simon_model_stability/perturbed_inputs/ses-073_run-1_T1w_resample_roundtrip_1p02.nii.gz,82.86711120605469,0.0,22137.208984375,1324534.5,application_branch_not_validation_claim,"NeuroFM output is a model estimate on this preprocessing branch; it is not a segmentation, morphometry, clinical, or validation claim.",36.4571
SIMON,SIMON,073,run-1,,ses-073_run-1_T1w,midi_simon_fastsurfer_orig,existing_fastsurfer_orig_mgz_conformed,46.41,/mnt/d/YandexDisk/kondratevakate/01_insidekatesbrain/01_my_brain_years/reprocessed_2026/foundation_models/simon_model_stability/perturbed_inputs/ses-073_run-1_T1w_rotate_z_minus2deg.nii.gz,,Existing FastSurfer orig.mgz derivative; not raw SIMON BIDS/NIfTI.,/mnt/d/data/fastserfer_simon/ses-073_run-1_T1w_orig.mgz,/mnt/d/data/fastserfer_simon/ses-073_run-1_T1w_aparcDKT+aseg.mgz,/mnt/d/YandexDisk/kondratevakate/01_insidekatesbrain/01_my_brain_years/reprocessed_2026/foundation_models/simon_model_stability/perturbed_inputs/ses-073_run-1_T1w_rotate_z_minus2deg.nii.gz,ok,,256x256x256,256x256x256,1x1x1,1x1x1,1199605,0.07150203,1199605,603e6e621a4b4167313f5c13705685105271603bd06919c6676bf7ccdf43435d,ad75287d227401daaa6fcaa0e0240eb7c37bc200542eaf6a7ddd9001c863338d,cc8c5bbfb80b2af9bd65ff171410f238008ca5a30c8383c841f8ac620b6d5cd5,stability_qc_perturbation_on_existing_masked_neurofm_input,ses-073_run-1_T1w,rotate_z_minus2deg,-2,/mnt/d/YandexDisk/kondratevakate/01_insidekatesbrain/01_my_brain_years/reprocessed_2026/foundation_models/neurofm_simon_fastsurfer_mask/masked_inputs/ses-073_run-1_T1w_neurofm_skullstripped.nii.gz,cc8c5bbfb80b2af9bd65ff171410f238008ca5a30c8383c841f8ac620b6d5cd5,simon_neurofm_masked_subset_perturbations,998b61b06244c60b62ac1d9d175d0913dd055c0ab3c3eb353e0ec198a922aa68,NeuroFM,https://github.com/rockNroll87q/NeuroFM.git,d4e3c463910d939a681d24ebdeb26d44dea6878f,neurofm-s,/mnt/d/YandexDisk/kondratevakate/01_insidekatesbrain/01_my_brain_years/reprocessed_2026/foundation_models/simon_model_stability/perturbed_inputs/ses-073_run-1_T1w_rotate_z_minus2deg.nii.gz,83.18479919433594,0.0,24968.17578125,1332963.75,application_branch_not_validation_claim,"NeuroFM output is a model estimate on this preprocessing branch; it is not a segmentation, morphometry, clinical, or validation claim.",36.7748
SIMON,SIMON,073,run-1,,ses-073_run-1_T1w,midi_simon_fastsurfer_orig,existing_fastsurfer_orig_mgz_conformed,46.41,/mnt/d/YandexDisk/kondratevakate/01_insidekatesbrain/01_my_brain_years/reprocessed_2026/foundation_models/simon_model_stability/perturbed_inputs/ses-073_run-1_T1w_rotate_z_plus2deg.nii.gz,,Existing FastSurfer orig.mgz derivative; not raw SIMON BIDS/NIfTI.,/mnt/d/data/fastserfer_simon/ses-073_run-1_T1w_orig.mgz,/mnt/d/data/fastserfer_simon/ses-073_run-1_T1w_aparcDKT+aseg.mgz,/mnt/d/YandexDisk/kondratevakate/01_insidekatesbrain/01_my_brain_years/reprocessed_2026/foundation_models/simon_model_stability/perturbed_inputs/ses-073_run-1_T1w_rotate_z_plus2deg.nii.gz,ok,,256x256x256,256x256x256,1x1x1,1x1x1,1199605,0.07150203,1199605,603e6e621a4b4167313f5c13705685105271603bd06919c6676bf7ccdf43435d,ad75287d227401daaa6fcaa0e0240eb7c37bc200542eaf6a7ddd9001c863338d,cc8c5bbfb80b2af9bd65ff171410f238008ca5a30c8383c841f8ac620b6d5cd5,stability_qc_perturbation_on_existing_masked_neurofm_input,ses-073_run-1_T1w,rotate_z_plus2deg,2,/mnt/d/YandexDisk/kondratevakate/01_insidekatesbrain/01_my_brain_years/reprocessed_2026/foundation_models/neurofm_simon_fastsurfer_mask/masked_inputs/ses-073_run-1_T1w_neurofm_skullstripped.nii.gz,cc8c5bbfb80b2af9bd65ff171410f238008ca5a30c8383c841f8ac620b6d5cd5,simon_neurofm_masked_subset_perturbations,97e72c84dcfb28530736b4df3a3124381a3e4c12b3abaf28d4330d1443ba8dcc,NeuroFM,https://github.com/rockNroll87q/NeuroFM.git,d4e3c463910d939a681d24ebdeb26d44dea6878f,neurofm-s,/mnt/d/YandexDisk/kondratevakate/01_insidekatesbrain/01_my_brain_years/reprocessed_2026/foundation_models/simon_model_stability/perturbed_inputs/ses-073_run-1_T1w_rotate_z_plus2deg.nii.gz,80.9154281616211,0.0,22228.984375,1292930.25,application_branch_not_validation_claim,"NeuroFM output is a model estimate on this preprocessing branch; it is not a segmentation, morphometry, clinical, or validation claim.",34.5054
SIMON,SIMON,002,run-1,,ses-002_run-1_T1w,midi_simon_fastsurfer_orig,existing_fastsurfer_orig_mgz_conformed,30.43,/mnt/d/YandexDisk/kondratevakate/01_insidekatesbrain/01_my_brain_years/reprocessed_2026/foundation_models/neurofm_simon_fastsurfer_mask/masked_inputs/ses-002_run-1_T1w_neurofm_skullstripped.nii.gz,,Existing FastSurfer orig.mgz derivative; not raw SIMON BIDS/NIfTI.,/mnt/d/data/fastserfer_simon/ses-002_run-1_T1w_orig.mgz,/mnt/d/data/fastserfer_simon/ses-002_run-1_T1w_aparcDKT+aseg.mgz,/mnt/d/YandexDisk/kondratevakate/01_insidekatesbrain/01_my_brain_years/reprocessed_2026/foundation_models/neurofm_simon_fastsurfer_mask/masked_inputs/ses-002_run-1_T1w_neurofm_skullstripped.nii.gz,ok,,256x256x256,256x256x256,1x1x1,1x1x1,1232006,0.07343328,1232006,c8fee8c545c35bee2a993b384d09ca7834c9abf0e8c058770e22dd225840a469,0868203ec2d772f15e7af0a81fc4dbf6af9c3daab928a8d27f246534587fc3bd,47bb1c02ba2ec808629fadce0617a6d004ccb1703015a4629ad0f003d118f025,stability_qc_perturbation_on_existing_masked_neurofm_input,ses-002_run-1_T1w,baseline,0,/mnt/d/YandexDisk/kondratevakate/01_insidekatesbrain/01_my_brain_years/reprocessed_2026/foundation_models/neurofm_simon_fastsurfer_mask/masked_inputs/ses-002_run-1_T1w_neurofm_skullstripped.nii.gz,47bb1c02ba2ec808629fadce0617a6d004ccb1703015a4629ad0f003d118f025,simon_neurofm_masked_subset_perturbations,47bb1c02ba2ec808629fadce0617a6d004ccb1703015a4629ad0f003d118f025,NeuroFM,https://github.com/rockNroll87q/NeuroFM.git,d4e3c463910d939a681d24ebdeb26d44dea6878f,neurofm-s,/mnt/d/YandexDisk/kondratevakate/01_insidekatesbrain/01_my_brain_years/reprocessed_2026/foundation_models/neurofm_simon_fastsurfer_mask/masked_inputs/ses-002_run-1_T1w_neurofm_skullstripped.nii.gz,85.25544738769531,0.0,34373.89453125,1338332.25,application_branch_not_validation_claim,"NeuroFM output is a model estimate on this preprocessing branch; it is not a segmentation, morphometry, clinical, or validation claim.",54.8254
SIMON,SIMON,002,run-1,,ses-002_run-1_T1w,midi_simon_fastsurfer_orig,existing_fastsurfer_orig_mgz_conformed,30.43,/mnt/d/YandexDisk/kondratevakate/01_insidekatesbrain/01_my_brain_years/reprocessed_2026/foundation_models/simon_model_stability/perturbed_inputs/ses-002_run-1_T1w_brain_size_scale_0p98.nii.gz,,Existing FastSurfer orig.mgz derivative; not raw SIMON BIDS/NIfTI.,/mnt/d/data/fastserfer_simon/ses-002_run-1_T1w_orig.mgz,/mnt/d/data/fastserfer_simon/ses-002_run-1_T1w_aparcDKT+aseg.mgz,/mnt/d/YandexDisk/kondratevakate/01_insidekatesbrain/01_my_brain_years/reprocessed_2026/foundation_models/simon_model_stability/perturbed_inputs/ses-002_run-1_T1w_brain_size_scale_0p98.nii.gz,ok,,256x256x256,256x256x256,1x1x1,1x1x1,1232006,0.07343328,1232006,c8fee8c545c35bee2a993b384d09ca7834c9abf0e8c058770e22dd225840a469,0868203ec2d772f15e7af0a81fc4dbf6af9c3daab928a8d27f246534587fc3bd,47bb1c02ba2ec808629fadce0617a6d004ccb1703015a4629ad0f003d118f025,stability_qc_perturbation_on_existing_masked_neurofm_input,ses-002_run-1_T1w,brain_size_scale_0p98,0.98,/mnt/d/YandexDisk/kondratevakate/01_insidekatesbrain/01_my_brain_years/reprocessed_2026/foundation_models/neurofm_simon_fastsurfer_mask/masked_inputs/ses-002_run-1_T1w_neurofm_skullstripped.nii.gz,47bb1c02ba2ec808629fadce0617a6d004ccb1703015a4629ad0f003d118f025,simon_neurofm_masked_subset_perturbations,d7f06db0f56edda1c5277bbbce478261adaac401fcb8520a4373b8784cbb06c8,NeuroFM,https://github.com/rockNroll87q/NeuroFM.git,d4e3c463910d939a681d24ebdeb26d44dea6878f,neurofm-s,/mnt/d/YandexDisk/kondratevakate/01_insidekatesbrain/01_my_brain_years/reprocessed_2026/foundation_models/simon_model_stability/perturbed_inputs/ses-002_run-1_T1w_brain_size_scale_0p98.nii.gz,80.06474304199219,0.0,35734.07421875,1334537.875,application_branch_not_validation_claim,"NeuroFM output is a model estimate on this preprocessing branch; it is not a segmentation, morphometry, clinical, or validation claim.",49.6347
SIMON,SIMON,002,run-1,,ses-002_run-1_T1w,midi_simon_fastsurfer_orig,existing_fastsurfer_orig_mgz_conformed,30.43,/mnt/d/YandexDisk/kondratevakate/01_insidekatesbrain/01_my_brain_years/reprocessed_2026/foundation_models/simon_model_stability/perturbed_inputs/ses-002_run-1_T1w_brain_size_scale_1p02.nii.gz,,Existing FastSurfer orig.mgz derivative; not raw SIMON BIDS/NIfTI.,/mnt/d/data/fastserfer_simon/ses-002_run-1_T1w_orig.mgz,/mnt/d/data/fastserfer_simon/ses-002_run-1_T1w_aparcDKT+aseg.mgz,/mnt/d/YandexDisk/kondratevakate/01_insidekatesbrain/01_my_brain_years/reprocessed_2026/foundation_models/simon_model_stability/perturbed_inputs/ses-002_run-1_T1w_brain_size_scale_1p02.nii.gz,ok,,256x256x256,256x256x256,1x1x1,1x1x1,1232006,0.07343328,1232006,c8fee8c545c35bee2a993b384d09ca7834c9abf0e8c058770e22dd225840a469,0868203ec2d772f15e7af0a81fc4dbf6af9c3daab928a8d27f246534587fc3bd,47bb1c02ba2ec808629fadce0617a6d004ccb1703015a4629ad0f003d118f025,stability_qc_perturbation_on_existing_masked_neurofm_input,ses-002_run-1_T1w,brain_size_scale_1p02,1.02,/mnt/d/YandexDisk/kondratevakate/01_insidekatesbrain/01_my_brain_years/reprocessed_2026/foundation_models/neurofm_simon_fastsurfer_mask/masked_inputs/ses-002_run-1_T1w_neurofm_skullstripped.nii.gz,47bb1c02ba2ec808629fadce0617a6d004ccb1703015a4629ad0f003d118f025,simon_neurofm_masked_subset_perturbations,858ee5a2345bc96137ca069fd2ea843b47f38f4038d0b659fd0afa0b65a4fbfe,NeuroFM,https://github.com/rockNroll87q/NeuroFM.git,d4e3c463910d939a681d24ebdeb26d44dea6878f,neurofm-s,/mnt/d/YandexDisk/kondratevakate/01_insidekatesbrain/01_my_brain_years/reprocessed_2026/foundation_models/simon_model_stability/perturbed_inputs/ses-002_run-1_T1w_brain_size_scale_1p02.nii.gz,85.6120834350586,0.0,29471.078125,1386879.125,application_branch_not_validation_claim,"NeuroFM output is a model estimate on this preprocessing branch; it is not a segmentation, morphometry, clinical, or validation claim.",55.1821
SIMON,SIMON,002,run-1,,ses-002_run-1_T1w,midi_simon_fastsurfer_orig,existing_fastsurfer_orig_mgz_conformed,30.43,/mnt/d/YandexDisk/kondratevakate/01_insidekatesbrain/01_my_brain_years/reprocessed_2026/foundation_models/simon_model_stability/perturbed_inputs/ses-002_run-1_T1w_resample_roundtrip_0p98.nii.gz,,Existing FastSurfer orig.mgz derivative; not raw SIMON BIDS/NIfTI.,/mnt/d/data/fastserfer_simon/ses-002_run-1_T1w_orig.mgz,/mnt/d/data/fastserfer_simon/ses-002_run-1_T1w_aparcDKT+aseg.mgz,/mnt/d/YandexDisk/kondratevakate/01_insidekatesbrain/01_my_brain_years/reprocessed_2026/foundation_models/simon_model_stability/perturbed_inputs/ses-002_run-1_T1w_resample_roundtrip_0p98.nii.gz,ok,,256x256x256,256x256x256,1x1x1,1x1x1,1232006,0.07343328,1232006,c8fee8c545c35bee2a993b384d09ca7834c9abf0e8c058770e22dd225840a469,0868203ec2d772f15e7af0a81fc4dbf6af9c3daab928a8d27f246534587fc3bd,47bb1c02ba2ec808629fadce0617a6d004ccb1703015a4629ad0f003d118f025,stability_qc_perturbation_on_existing_masked_neurofm_input,ses-002_run-1_T1w,resample_roundtrip_0p98,0.98,/mnt/d/YandexDisk/kondratevakate/01_insidekatesbrain/01_my_brain_years/reprocessed_2026/foundation_models/neurofm_simon_fastsurfer_mask/masked_inputs/ses-002_run-1_T1w_neurofm_skullstripped.nii.gz,47bb1c02ba2ec808629fadce0617a6d004ccb1703015a4629ad0f003d118f025,simon_neurofm_masked_subset_perturbations,d6d8f7d2d1d9c46d2e900e12aab28bbd593d43216287ef4a2195539fe54e835d,NeuroFM,https://github.com/rockNroll87q/NeuroFM.git,d4e3c463910d939a681d24ebdeb26d44dea6878f,neurofm-s,/mnt/d/YandexDisk/kondratevakate/01_insidekatesbrain/01_my_brain_years/reprocessed_2026/foundation_models/simon_model_stability/perturbed_inputs/ses-002_run-1_T1w_resample_roundtrip_0p98.nii.gz,82.66519927978516,0.0,31253.689453125,1368823.0,application_branch_not_validation_claim,"NeuroFM output is a model estimate on this preprocessing branch; it is not a segmentation, morphometry, clinical, or validation claim.",52.2352
SIMON,SIMON,002,run-1,,ses-002_run-1_T1w,midi_simon_fastsurfer_orig,existing_fastsurfer_orig_mgz_conformed,30.43,/mnt/d/YandexDisk/kondratevakate/01_insidekatesbrain/01_my_brain_years/reprocessed_2026/foundation_models/simon_model_stability/perturbed_inputs/ses-002_run-1_T1w_resample_roundtrip_1p02.nii.gz,,Existing FastSurfer orig.mgz derivative; not raw SIMON BIDS/NIfTI.,/mnt/d/data/fastserfer_simon/ses-002_run-1_T1w_orig.mgz,/mnt/d/data/fastserfer_simon/ses-002_run-1_T1w_aparcDKT+aseg.mgz,/mnt/d/YandexDisk/kondratevakate/01_insidekatesbrain/01_my_brain_years/reprocessed_2026/foundation_models/simon_model_stability/perturbed_inputs/ses-002_run-1_T1w_resample_roundtrip_1p02.nii.gz,ok,,256x256x256,256x256x256,1x1x1,1x1x1,1232006,0.07343328,1232006,c8fee8c545c35bee2a993b384d09ca7834c9abf0e8c058770e22dd225840a469,0868203ec2d772f15e7af0a81fc4dbf6af9c3daab928a8d27f246534587fc3bd,47bb1c02ba2ec808629fadce0617a6d004ccb1703015a4629ad0f003d118f025,stability_qc_perturbation_on_existing_masked_neurofm_input,ses-002_run-1_T1w,resample_roundtrip_1p02,1.02,/mnt/d/YandexDisk/kondratevakate/01_insidekatesbrain/01_my_brain_years/reprocessed_2026/foundation_models/neurofm_simon_fastsurfer_mask/masked_inputs/ses-002_run-1_T1w_neurofm_skullstripped.nii.gz,47bb1c02ba2ec808629fadce0617a6d004ccb1703015a4629ad0f003d118f025,simon_neurofm_masked_subset_perturbations,2e93e61ae931c8a7d1717977a8544c6b323c168aa0be5bda843dc15536cca849,NeuroFM,https://github.com/rockNroll87q/NeuroFM.git,d4e3c463910d939a681d24ebdeb26d44dea6878f,neurofm-s,/mnt/d/YandexDisk/kondratevakate/01_insidekatesbrain/01_my_brain_years/reprocessed_2026/foundation_models/simon_model_stability/perturbed_inputs/ses-002_run-1_T1w_resample_roundtrip_1p02.nii.gz,82.94495391845703,0.0,31604.52734375,1365478.375,application_branch_not_validation_claim,"NeuroFM output is a model estimate on this preprocessing branch; it is not a segmentation, morphometry, clinical, or validation claim.",52.515
SIMON,SIMON,002,run-1,,ses-002_run-1_T1w,midi_simon_fastsurfer_orig,existing_fastsurfer_orig_mgz_conformed,30.43,/mnt/d/YandexDisk/kondratevakate/01_insidekatesbrain/01_my_brain_years/reprocessed_2026/foundation_models/simon_model_stability/perturbed_inputs/ses-002_run-1_T1w_rotate_z_minus2deg.nii.gz,,Existing FastSurfer orig.mgz derivative; not raw SIMON BIDS/NIfTI.,/mnt/d/data/fastserfer_simon/ses-002_run-1_T1w_orig.mgz,/mnt/d/data/fastserfer_simon/ses-002_run-1_T1w_aparcDKT+aseg.mgz,/mnt/d/YandexDisk/kondratevakate/01_insidekatesbrain/01_my_brain_years/reprocessed_2026/foundation_models/simon_model_stability/perturbed_inputs/ses-002_run-1_T1w_rotate_z_minus2deg.nii.gz,ok,,256x256x256,256x256x256,1x1x1,1x1x1,1232006,0.07343328,1232006,c8fee8c545c35bee2a993b384d09ca7834c9abf0e8c058770e22dd225840a469,0868203ec2d772f15e7af0a81fc4dbf6af9c3daab928a8d27f246534587fc3bd,47bb1c02ba2ec808629fadce0617a6d004ccb1703015a4629ad0f003d118f025,stability_qc_perturbation_on_existing_masked_neurofm_input,ses-002_run-1_T1w,rotate_z_minus2deg,-2,/mnt/d/YandexDisk/kondratevakate/01_insidekatesbrain/01_my_brain_years/reprocessed_2026/foundation_models/neurofm_simon_fastsurfer_mask/masked_inputs/ses-002_run-1_T1w_neurofm_skullstripped.nii.gz,47bb1c02ba2ec808629fadce0617a6d004ccb1703015a4629ad0f003d118f025,simon_neurofm_masked_subset_perturbations,6e6a408349344b1c423c503e2c6a52e794abd06b8265c2dc61c5a747ef4b34a0,NeuroFM,https://github.com/rockNroll87q/NeuroFM.git,d4e3c463910d939a681d24ebdeb26d44dea6878f,neurofm-s,/mnt/d/YandexDisk/kondratevakate/01_insidekatesbrain/01_my_brain_years/reprocessed_2026/foundation_models/simon_model_stability/perturbed_inputs/ses-002_run-1_T1w_rotate_z_minus2deg.nii.gz,84.71231079101562,0.0,33906.01171875,1341095.5,application_branch_not_validation_claim,"NeuroFM output is a model estimate on this preprocessing branch; it is not a segmentation, morphometry, clinical, or validation claim.",54.2823
SIMON,SIMON,002,run-1,,ses-002_run-1_T1w,midi_simon_fastsurfer_orig,existing_fastsurfer_orig_mgz_conformed,30.43,/mnt/d/YandexDisk/kondratevakate/01_insidekatesbrain/01_my_brain_years/reprocessed_2026/foundation_models/simon_model_stability/perturbed_inputs/ses-002_run-1_T1w_rotate_z_plus2deg.nii.gz,,Existing FastSurfer orig.mgz derivative; not raw SIMON BIDS/NIfTI.,/mnt/d/data/fastserfer_simon/ses-002_run-1_T1w_orig.mgz,/mnt/d/data/fastserfer_simon/ses-002_run-1_T1w_aparcDKT+aseg.mgz,/mnt/d/YandexDisk/kondratevakate/01_insidekatesbrain/01_my_brain_years/reprocessed_2026/foundation_models/simon_model_stability/perturbed_inputs/ses-002_run-1_T1w_rotate_z_plus2deg.nii.gz,ok,,256x256x256,256x256x256,1x1x1,1x1x1,1232006,0.07343328,1232006,c8fee8c545c35bee2a993b384d09ca7834c9abf0e8c058770e22dd225840a469,0868203ec2d772f15e7af0a81fc4dbf6af9c3daab928a8d27f246534587fc3bd,47bb1c02ba2ec808629fadce0617a6d004ccb1703015a4629ad0f003d118f025,stability_qc_perturbation_on_existing_masked_neurofm_input,ses-002_run-1_T1w,rotate_z_plus2deg,2,/mnt/d/YandexDisk/kondratevakate/01_insidekatesbrain/01_my_brain_years/reprocessed_2026/foundation_models/neurofm_simon_fastsurfer_mask/masked_inputs/ses-002_run-1_T1w_neurofm_skullstripped.nii.gz,47bb1c02ba2ec808629fadce0617a6d004ccb1703015a4629ad0f003d118f025,simon_neurofm_masked_subset_perturbations,14b0661dc492c643898c31cf5ae0fc07f589c0c898ba325a1d385c823873bde0,NeuroFM,https://github.com/rockNroll87q/NeuroFM.git,d4e3c463910d939a681d24ebdeb26d44dea6878f,neurofm-s,/mnt/d/YandexDisk/kondratevakate/01_insidekatesbrain/01_my_brain_years/reprocessed_2026/foundation_models/simon_model_stability/perturbed_inputs/ses-002_run-1_T1w_rotate_z_plus2deg.nii.gz,83.2835693359375,0.0,35109.88671875,1352689.625,application_branch_not_validation_claim,"NeuroFM output is a model estimate on this preprocessing branch; it is not a segmentation, morphometry, clinical, or validation claim.",52.8536
