reference_variant,session_group,structure,source_id,method,scan_id,include_in_reference,source_volume_ml,reference_volume_ml,signed_error_pct,abs_rel_error_pct,operational_accuracy_pct,n_reference_sources,n_reference_methods,reference_strength
all_source_median,2018_primary_t1,left_cerebral_white_matter,synthseg_2018_t1,SynthSeg,2018_ge_fspgr,true,211.17272,200.912971328125,5.106563605153741,5.106563605153741,94.89343639484626,2,2,weak
trusted_source_median,2018_primary_t1,left_cerebral_white_matter,synthseg_2018_t1,SynthSeg,2018_ge_fspgr,true,211.17272,200.912971328125,5.106563605153741,5.106563605153741,94.89343639484626,2,2,weak
trusted_method_balanced_median,2018_primary_t1,left_cerebral_white_matter,synthseg_2018_t1,SynthSeg,2018_ge_fspgr,true,211.17272,200.912971328125,5.106563605153741,5.106563605153741,94.89343639484626,2,2,weak
all_source_median,2018_primary_t1,left_cerebral_cortex,synthseg_2018_t1,SynthSeg,2018_ge_fspgr,true,256.64316,249.43442179687503,2.8900334409319712,2.8900334409319712,97.10996655906803,2,2,weak
trusted_source_median,2018_primary_t1,left_cerebral_cortex,synthseg_2018_t1,SynthSeg,2018_ge_fspgr,true,256.64316,249.43442179687503,2.8900334409319712,2.8900334409319712,97.10996655906803,2,2,weak
trusted_method_balanced_median,2018_primary_t1,left_cerebral_cortex,synthseg_2018_t1,SynthSeg,2018_ge_fspgr,true,256.64316,249.43442179687503,2.8900334409319712,2.8900334409319712,97.10996655906803,2,2,weak
all_source_median,2018_primary_t1,left_lateral_ventricle,synthseg_2018_t1,SynthSeg,2018_ge_fspgr,true,4.730876,5.266268078125,-10.16644177969042,10.16644177969042,89.83355822030958,2,2,weak
trusted_source_median,2018_primary_t1,left_lateral_ventricle,synthseg_2018_t1,SynthSeg,2018_ge_fspgr,true,4.730876,5.266268078125,-10.16644177969042,10.16644177969042,89.83355822030958,2,2,weak
trusted_method_balanced_median,2018_primary_t1,left_lateral_ventricle,synthseg_2018_t1,SynthSeg,2018_ge_fspgr,true,4.730876,5.266268078125,-10.16644177969042,10.16644177969042,89.83355822030958,2,2,weak
all_source_median,2018_primary_t1,left_inferior_lateral_ventricle,synthseg_2018_t1,SynthSeg,2018_ge_fspgr,true,0.352219,0.3184923125,10.589482438449757,10.589482438449757,89.41051756155025,2,2,weak
trusted_source_median,2018_primary_t1,left_inferior_lateral_ventricle,synthseg_2018_t1,SynthSeg,2018_ge_fspgr,true,0.352219,0.3184923125,10.589482438449757,10.589482438449757,89.41051756155025,2,2,weak
trusted_method_balanced_median,2018_primary_t1,left_inferior_lateral_ventricle,synthseg_2018_t1,SynthSeg,2018_ge_fspgr,true,0.352219,0.3184923125,10.589482438449757,10.589482438449757,89.41051756155025,2,2,weak
all_source_median,2018_primary_t1,left_cerebellum_white_matter,synthseg_2018_t1,SynthSeg,2018_ge_fspgr,true,12.251947,11.628805531249998,5.358602541554571,5.358602541554571,94.64139745844543,2,2,weak
trusted_source_median,2018_primary_t1,left_cerebellum_white_matter,synthseg_2018_t1,SynthSeg,2018_ge_fspgr,true,12.251947,11.628805531249998,5.358602541554571,5.358602541554571,94.64139745844543,2,2,weak
trusted_method_balanced_median,2018_primary_t1,left_cerebellum_white_matter,synthseg_2018_t1,SynthSeg,2018_ge_fspgr,true,12.251947,11.628805531249998,5.358602541554571,5.358602541554571,94.64139745844543,2,2,weak
all_source_median,2018_primary_t1,left_cerebellum_cortex,synthseg_2018_t1,SynthSeg,2018_ge_fspgr,true,52.650811999999995,49.902505609375,5.50735149881669,5.50735149881669,94.49264850118331,2,2,weak
trusted_source_median,2018_primary_t1,left_cerebellum_cortex,synthseg_2018_t1,SynthSeg,2018_ge_fspgr,true,52.650811999999995,49.902505609375,5.50735149881669,5.50735149881669,94.49264850118331,2,2,weak
trusted_method_balanced_median,2018_primary_t1,left_cerebellum_cortex,synthseg_2018_t1,SynthSeg,2018_ge_fspgr,true,52.650811999999995,49.902505609375,5.50735149881669,5.50735149881669,94.49264850118331,2,2,weak
all_source_median,2018_primary_t1,left_thalamus,synthseg_2018_t1,SynthSeg,2018_ge_fspgr,true,6.719574,6.548458875,2.613059473478026,2.613059473478026,97.38694052652197,2,2,weak
trusted_source_median,2018_primary_t1,left_thalamus,synthseg_2018_t1,SynthSeg,2018_ge_fspgr,true,6.719574,6.548458875,2.613059473478026,2.613059473478026,97.38694052652197,2,2,weak
trusted_method_balanced_median,2018_primary_t1,left_thalamus,synthseg_2018_t1,SynthSeg,2018_ge_fspgr,true,6.719574,6.548458875,2.613059473478026,2.613059473478026,97.38694052652197,2,2,weak
all_source_median,2018_primary_t1,left_caudate,synthseg_2018_t1,SynthSeg,2018_ge_fspgr,true,3.88442,3.660911171875,6.105278648717554,6.105278648717554,93.89472135128244,2,2,weak
trusted_source_median,2018_primary_t1,left_caudate,synthseg_2018_t1,SynthSeg,2018_ge_fspgr,true,3.88442,3.660911171875,6.105278648717554,6.105278648717554,93.89472135128244,2,2,weak
trusted_method_balanced_median,2018_primary_t1,left_caudate,synthseg_2018_t1,SynthSeg,2018_ge_fspgr,true,3.88442,3.660911171875,6.105278648717554,6.105278648717554,93.89472135128244,2,2,weak
all_source_median,2018_primary_t1,left_putamen,synthseg_2018_t1,SynthSeg,2018_ge_fspgr,true,5.28038,5.124418515625,3.043496230829973,3.043496230829973,96.95650376917003,2,2,weak
trusted_source_median,2018_primary_t1,left_putamen,synthseg_2018_t1,SynthSeg,2018_ge_fspgr,true,5.28038,5.124418515625,3.043496230829973,3.043496230829973,96.95650376917003,2,2,weak
trusted_method_balanced_median,2018_primary_t1,left_putamen,synthseg_2018_t1,SynthSeg,2018_ge_fspgr,true,5.28038,5.124418515625,3.043496230829973,3.043496230829973,96.95650376917003,2,2,weak
all_source_median,2018_primary_t1,left_pallidum,synthseg_2018_t1,SynthSeg,2018_ge_fspgr,true,1.4421400000000002,1.4857184375,-2.9331558658805363,2.9331558658805363,97.06684413411946,2,2,weak
trusted_source_median,2018_primary_t1,left_pallidum,synthseg_2018_t1,SynthSeg,2018_ge_fspgr,true,1.4421400000000002,1.4857184375,-2.9331558658805363,2.9331558658805363,97.06684413411946,2,2,weak
trusted_method_balanced_median,2018_primary_t1,left_pallidum,synthseg_2018_t1,SynthSeg,2018_ge_fspgr,true,1.4421400000000002,1.4857184375,-2.9331558658805363,2.9331558658805363,97.06684413411946,2,2,weak
all_source_median,2018_primary_t1,third_ventricle,synthseg_2018_t1,SynthSeg,2018_ge_fspgr,true,0.6781699999999999,0.77590140625,-12.595853733832577,12.595853733832577,87.40414626616743,2,2,weak
trusted_source_median,2018_primary_t1,third_ventricle,synthseg_2018_t1,SynthSeg,2018_ge_fspgr,true,0.6781699999999999,0.77590140625,-12.595853733832577,12.595853733832577,87.40414626616743,2,2,weak
trusted_method_balanced_median,2018_primary_t1,third_ventricle,synthseg_2018_t1,SynthSeg,2018_ge_fspgr,true,0.6781699999999999,0.77590140625,-12.595853733832577,12.595853733832577,87.40414626616743,2,2,weak
all_source_median,2018_primary_t1,fourth_ventricle,synthseg_2018_t1,SynthSeg,2018_ge_fspgr,true,1.413151,1.550764953125,-8.873940105990233,8.873940105990233,91.12605989400977,2,2,weak
trusted_source_median,2018_primary_t1,fourth_ventricle,synthseg_2018_t1,SynthSeg,2018_ge_fspgr,true,1.413151,1.550764953125,-8.873940105990233,8.873940105990233,91.12605989400977,2,2,weak
trusted_method_balanced_median,2018_primary_t1,fourth_ventricle,synthseg_2018_t1,SynthSeg,2018_ge_fspgr,true,1.413151,1.550764953125,-8.873940105990233,8.873940105990233,91.12605989400977,2,2,weak
all_source_median,2018_primary_t1,brain_stem,synthseg_2018_t1,SynthSeg,2018_ge_fspgr,true,19.397191,17.809581828124998,8.914354010085964,8.914354010085964,91.08564598991404,2,2,weak
trusted_source_median,2018_primary_t1,brain_stem,synthseg_2018_t1,SynthSeg,2018_ge_fspgr,true,19.397191,17.809581828124998,8.914354010085964,8.914354010085964,91.08564598991404,2,2,weak
trusted_method_balanced_median,2018_primary_t1,brain_stem,synthseg_2018_t1,SynthSeg,2018_ge_fspgr,true,19.397191,17.809581828124998,8.914354010085964,8.914354010085964,91.08564598991404,2,2,weak
all_source_median,2018_primary_t1,left_hippocampus,synthseg_2018_t1,SynthSeg,2018_ge_fspgr,true,3.846932,3.835966,0.28587323245304597,0.28587323245304597,99.71412676754696,2,2,weak
trusted_source_median,2018_primary_t1,left_hippocampus,synthseg_2018_t1,SynthSeg,2018_ge_fspgr,true,3.846932,3.835966,0.28587323245304597,0.28587323245304597,99.71412676754696,2,2,weak
trusted_method_balanced_median,2018_primary_t1,left_hippocampus,synthseg_2018_t1,SynthSeg,2018_ge_fspgr,true,3.846932,3.835966,0.28587323245304597,0.28587323245304597,99.71412676754696,2,2,weak
all_source_median,2018_primary_t1,left_amygdala,synthseg_2018_t1,SynthSeg,2018_ge_fspgr,true,1.712266,1.5913380781250002,7.599134560864883,7.599134560864883,92.40086543913512,2,2,weak
trusted_source_median,2018_primary_t1,left_amygdala,synthseg_2018_t1,SynthSeg,2018_ge_fspgr,true,1.712266,1.5913380781250002,7.599134560864883,7.599134560864883,92.40086543913512,2,2,weak
trusted_method_balanced_median,2018_primary_t1,left_amygdala,synthseg_2018_t1,SynthSeg,2018_ge_fspgr,true,1.712266,1.5913380781250002,7.599134560864883,7.599134560864883,92.40086543913512,2,2,weak
all_source_median,2018_primary_t1,csf,synthseg_2018_t1,SynthSeg,2018_ge_fspgr,true,202.01762,101.42277484374999,99.18368464205847,99.18368464205847,0.8163153579415336,2,2,weak
trusted_source_median,2018_primary_t1,csf,synthseg_2018_t1,SynthSeg,2018_ge_fspgr,true,202.01762,101.42277484374999,99.18368464205847,99.18368464205847,0.8163153579415336,2,2,weak
trusted_method_balanced_median,2018_primary_t1,csf,synthseg_2018_t1,SynthSeg,2018_ge_fspgr,true,202.01762,101.42277484374999,99.18368464205847,99.18368464205847,0.8163153579415336,2,2,weak
all_source_median,2018_primary_t1,left_accumbens_area,synthseg_2018_t1,SynthSeg,2018_ge_fspgr,true,0.6691079999999999,0.605257125,10.549380149799967,10.549380149799967,89.45061985020003,2,2,weak
trusted_source_median,2018_primary_t1,left_accumbens_area,synthseg_2018_t1,SynthSeg,2018_ge_fspgr,true,0.6691079999999999,0.605257125,10.549380149799967,10.549380149799967,89.45061985020003,2,2,weak
trusted_method_balanced_median,2018_primary_t1,left_accumbens_area,synthseg_2018_t1,SynthSeg,2018_ge_fspgr,true,0.6691079999999999,0.605257125,10.549380149799967,10.549380149799967,89.45061985020003,2,2,weak
all_source_median,2018_primary_t1,right_cerebral_white_matter,synthseg_2018_t1,SynthSeg,2018_ge_fspgr,true,207.64598,200.291300546875,3.6719914609590196,3.6719914609590196,96.32800853904098,2,2,weak
trusted_source_median,2018_primary_t1,right_cerebral_white_matter,synthseg_2018_t1,SynthSeg,2018_ge_fspgr,true,207.64598,200.291300546875,3.6719914609590196,3.6719914609590196,96.32800853904098,2,2,weak
trusted_method_balanced_median,2018_primary_t1,right_cerebral_white_matter,synthseg_2018_t1,SynthSeg,2018_ge_fspgr,true,207.64598,200.291300546875,3.6719914609590196,3.6719914609590196,96.32800853904098,2,2,weak
all_source_median,2018_primary_t1,right_cerebral_cortex,synthseg_2018_t1,SynthSeg,2018_ge_fspgr,true,257.87604999999996,250.21346445312497,3.062419348064502,3.062419348064502,96.93758065193549,2,2,weak
trusted_source_median,2018_primary_t1,right_cerebral_cortex,synthseg_2018_t1,SynthSeg,2018_ge_fspgr,true,257.87604999999996,250.21346445312497,3.062419348064502,3.062419348064502,96.93758065193549,2,2,weak
trusted_method_balanced_median,2018_primary_t1,right_cerebral_cortex,synthseg_2018_t1,SynthSeg,2018_ge_fspgr,true,257.87604999999996,250.21346445312497,3.062419348064502,3.062419348064502,96.93758065193549,2,2,weak
all_source_median,2018_primary_t1,right_lateral_ventricle,synthseg_2018_t1,SynthSeg,2018_ge_fspgr,true,4.548442,4.725490531249999,-3.7466698976363477,3.7466698976363477,96.25333010236365,2,2,weak
trusted_source_median,2018_primary_t1,right_lateral_ventricle,synthseg_2018_t1,SynthSeg,2018_ge_fspgr,true,4.548442,4.725490531249999,-3.7466698976363477,3.7466698976363477,96.25333010236365,2,2,weak
trusted_method_balanced_median,2018_primary_t1,right_lateral_ventricle,synthseg_2018_t1,SynthSeg,2018_ge_fspgr,true,4.548442,4.725490531249999,-3.7466698976363477,3.7466698976363477,96.25333010236365,2,2,weak
all_source_median,2018_primary_t1,right_inferior_lateral_ventricle,synthseg_2018_t1,SynthSeg,2018_ge_fspgr,true,0.447465,0.4487325,-0.2824622687235663,0.2824622687235663,99.71753773127644,2,2,weak
trusted_source_median,2018_primary_t1,right_inferior_lateral_ventricle,synthseg_2018_t1,SynthSeg,2018_ge_fspgr,true,0.447465,0.4487325,-0.2824622687235663,0.2824622687235663,99.71753773127644,2,2,weak
trusted_method_balanced_median,2018_primary_t1,right_inferior_lateral_ventricle,synthseg_2018_t1,SynthSeg,2018_ge_fspgr,true,0.447465,0.4487325,-0.2824622687235663,0.2824622687235663,99.71753773127644,2,2,weak
all_source_median,2018_primary_t1,right_cerebellum_white_matter,synthseg_2018_t1,SynthSeg,2018_ge_fspgr,true,11.740632,11.491800375,2.1652971412671214,2.1652971412671214,97.83470285873288,2,2,weak
trusted_source_median,2018_primary_t1,right_cerebellum_white_matter,synthseg_2018_t1,SynthSeg,2018_ge_fspgr,true,11.740632,11.491800375,2.1652971412671214,2.1652971412671214,97.83470285873288,2,2,weak
trusted_method_balanced_median,2018_primary_t1,right_cerebellum_white_matter,synthseg_2018_t1,SynthSeg,2018_ge_fspgr,true,11.740632,11.491800375,2.1652971412671214,2.1652971412671214,97.83470285873288,2,2,weak
all_source_median,2018_primary_t1,right_cerebellum_cortex,synthseg_2018_t1,SynthSeg,2018_ge_fspgr,true,50.690633,49.1970743125,3.0358689177590277,3.0358689177590277,96.96413108224097,2,2,weak
trusted_source_median,2018_primary_t1,right_cerebellum_cortex,synthseg_2018_t1,SynthSeg,2018_ge_fspgr,true,50.690633,49.1970743125,3.0358689177590277,3.0358689177590277,96.96413108224097,2,2,weak
trusted_method_balanced_median,2018_primary_t1,right_cerebellum_cortex,synthseg_2018_t1,SynthSeg,2018_ge_fspgr,true,50.690633,49.1970743125,3.0358689177590277,3.0358689177590277,96.96413108224097,2,2,weak
all_source_median,2018_primary_t1,right_thalamus,synthseg_2018_t1,SynthSeg,2018_ge_fspgr,true,6.856534,6.507515046875,5.3633214923199315,5.3633214923199315,94.63667850768007,2,2,weak
trusted_source_median,2018_primary_t1,right_thalamus,synthseg_2018_t1,SynthSeg,2018_ge_fspgr,true,6.856534,6.507515046875,5.3633214923199315,5.3633214923199315,94.63667850768007,2,2,weak
trusted_method_balanced_median,2018_primary_t1,right_thalamus,synthseg_2018_t1,SynthSeg,2018_ge_fspgr,true,6.856534,6.507515046875,5.3633214923199315,5.3633214923199315,94.63667850768007,2,2,weak
all_source_median,2018_primary_t1,right_caudate,synthseg_2018_t1,SynthSeg,2018_ge_fspgr,true,3.85373,3.648202890625,5.633653487396636,5.633653487396636,94.36634651260337,2,2,weak
trusted_source_median,2018_primary_t1,right_caudate,synthseg_2018_t1,SynthSeg,2018_ge_fspgr,true,3.85373,3.648202890625,5.633653487396636,5.633653487396636,94.36634651260337,2,2,weak
trusted_method_balanced_median,2018_primary_t1,right_caudate,synthseg_2018_t1,SynthSeg,2018_ge_fspgr,true,3.85373,3.648202890625,5.633653487396636,5.633653487396636,94.36634651260337,2,2,weak
all_source_median,2018_primary_t1,right_putamen,synthseg_2018_t1,SynthSeg,2018_ge_fspgr,true,5.387259,5.190162703125,3.7974974610396797,3.7974974610396797,96.20250253896032,2,2,weak
trusted_source_median,2018_primary_t1,right_putamen,synthseg_2018_t1,SynthSeg,2018_ge_fspgr,true,5.387259,5.190162703125,3.7974974610396797,3.7974974610396797,96.20250253896032,2,2,weak
trusted_method_balanced_median,2018_primary_t1,right_putamen,synthseg_2018_t1,SynthSeg,2018_ge_fspgr,true,5.387259,5.190162703125,3.7974974610396797,3.7974974610396797,96.20250253896032,2,2,weak
all_source_median,2018_primary_t1,right_pallidum,synthseg_2018_t1,SynthSeg,2018_ge_fspgr,true,1.6438920000000001,1.559787796875,5.392028537054912,5.392028537054912,94.60797146294509,2,2,weak
trusted_source_median,2018_primary_t1,right_pallidum,synthseg_2018_t1,SynthSeg,2018_ge_fspgr,true,1.6438920000000001,1.559787796875,5.392028537054912,5.392028537054912,94.60797146294509,2,2,weak
trusted_method_balanced_median,2018_primary_t1,right_pallidum,synthseg_2018_t1,SynthSeg,2018_ge_fspgr,true,1.6438920000000001,1.559787796875,5.392028537054912,5.392028537054912,94.60797146294509,2,2,weak
all_source_median,2018_primary_t1,right_hippocampus,synthseg_2018_t1,SynthSeg,2018_ge_fspgr,true,3.770984,3.7856873125,-0.388392154086551,0.388392154086551,99.61160784591345,2,2,weak
trusted_source_median,2018_primary_t1,right_hippocampus,synthseg_2018_t1,SynthSeg,2018_ge_fspgr,true,3.770984,3.7856873125,-0.388392154086551,0.388392154086551,99.61160784591345,2,2,weak
trusted_method_balanced_median,2018_primary_t1,right_hippocampus,synthseg_2018_t1,SynthSeg,2018_ge_fspgr,true,3.770984,3.7856873125,-0.388392154086551,0.388392154086551,99.61160784591345,2,2,weak
all_source_median,2018_primary_t1,right_amygdala,synthseg_2018_t1,SynthSeg,2018_ge_fspgr,true,1.852823,1.719624390625,7.745796704278482,7.745796704278482,92.25420329572152,2,2,weak
trusted_source_median,2018_primary_t1,right_amygdala,synthseg_2018_t1,SynthSeg,2018_ge_fspgr,true,1.852823,1.719624390625,7.745796704278482,7.745796704278482,92.25420329572152,2,2,weak
trusted_method_balanced_median,2018_primary_t1,right_amygdala,synthseg_2018_t1,SynthSeg,2018_ge_fspgr,true,1.852823,1.719624390625,7.745796704278482,7.745796704278482,92.25420329572152,2,2,weak
all_source_median,2018_primary_t1,right_accumbens_area,synthseg_2018_t1,SynthSeg,2018_ge_fspgr,true,0.8000929999999999,0.665036734375,20.308091063860633,20.308091063860633,79.69190893613937,2,2,weak
trusted_source_median,2018_primary_t1,right_accumbens_area,synthseg_2018_t1,SynthSeg,2018_ge_fspgr,true,0.8000929999999999,0.665036734375,20.308091063860633,20.308091063860633,79.69190893613937,2,2,weak
trusted_method_balanced_median,2018_primary_t1,right_accumbens_area,synthseg_2018_t1,SynthSeg,2018_ge_fspgr,true,0.8000929999999999,0.665036734375,20.308091063860633,20.308091063860633,79.69190893613937,2,2,weak
all_source_median,2018_primary_t1,left_cerebral_white_matter,tigerbx_2018_t1,TIGERBx,kate_2018_t1,true,190.65322265625,200.912971328125,-5.106563605153741,5.106563605153741,94.89343639484626,2,2,weak
trusted_source_median,2018_primary_t1,left_cerebral_white_matter,tigerbx_2018_t1,TIGERBx,kate_2018_t1,true,190.65322265625,200.912971328125,-5.106563605153741,5.106563605153741,94.89343639484626,2,2,weak
trusted_method_balanced_median,2018_primary_t1,left_cerebral_white_matter,tigerbx_2018_t1,TIGERBx,kate_2018_t1,true,190.65322265625,200.912971328125,-5.106563605153741,5.106563605153741,94.89343639484626,2,2,weak
all_source_median,2018_primary_t1,left_cerebral_cortex,tigerbx_2018_t1,TIGERBx,kate_2018_t1,true,242.22568359375,249.43442179687503,-2.8900334409319828,2.8900334409319828,97.10996655906801,2,2,weak
trusted_source_median,2018_primary_t1,left_cerebral_cortex,tigerbx_2018_t1,TIGERBx,kate_2018_t1,true,242.22568359375,249.43442179687503,-2.8900334409319828,2.8900334409319828,97.10996655906801,2,2,weak
trusted_method_balanced_median,2018_primary_t1,left_cerebral_cortex,tigerbx_2018_t1,TIGERBx,kate_2018_t1,true,242.22568359375,249.43442179687503,-2.8900334409319828,2.8900334409319828,97.10996655906801,2,2,weak
all_source_median,2018_primary_t1,left_lateral_ventricle,tigerbx_2018_t1,TIGERBx,kate_2018_t1,true,5.80166015625,5.266268078125,10.16644177969042,10.16644177969042,89.83355822030958,2,2,weak
trusted_source_median,2018_primary_t1,left_lateral_ventricle,tigerbx_2018_t1,TIGERBx,kate_2018_t1,true,5.80166015625,5.266268078125,10.16644177969042,10.16644177969042,89.83355822030958,2,2,weak
trusted_method_balanced_median,2018_primary_t1,left_lateral_ventricle,tigerbx_2018_t1,TIGERBx,kate_2018_t1,true,5.80166015625,5.266268078125,10.16644177969042,10.16644177969042,89.83355822030958,2,2,weak
all_source_median,2018_primary_t1,left_inferior_lateral_ventricle,tigerbx_2018_t1,TIGERBx,kate_2018_t1,true,0.284765625,0.3184923125,-10.589482438449739,10.589482438449739,89.41051756155026,2,2,weak
trusted_source_median,2018_primary_t1,left_inferior_lateral_ventricle,tigerbx_2018_t1,TIGERBx,kate_2018_t1,true,0.284765625,0.3184923125,-10.589482438449739,10.589482438449739,89.41051756155026,2,2,weak
trusted_method_balanced_median,2018_primary_t1,left_inferior_lateral_ventricle,tigerbx_2018_t1,TIGERBx,kate_2018_t1,true,0.284765625,0.3184923125,-10.589482438449739,10.589482438449739,89.41051756155026,2,2,weak
all_source_median,2018_primary_t1,left_cerebellum_white_matter,tigerbx_2018_t1,TIGERBx,kate_2018_t1,true,11.0056640625,11.628805531249998,-5.358602541554556,5.358602541554556,94.64139745844544,2,2,weak
trusted_source_median,2018_primary_t1,left_cerebellum_white_matter,tigerbx_2018_t1,TIGERBx,kate_2018_t1,true,11.0056640625,11.628805531249998,-5.358602541554556,5.358602541554556,94.64139745844544,2,2,weak
trusted_method_balanced_median,2018_primary_t1,left_cerebellum_white_matter,tigerbx_2018_t1,TIGERBx,kate_2018_t1,true,11.0056640625,11.628805531249998,-5.358602541554556,5.358602541554556,94.64139745844544,2,2,weak
all_source_median,2018_primary_t1,left_cerebellum_cortex,tigerbx_2018_t1,TIGERBx,kate_2018_t1,true,47.15419921875,49.902505609375,-5.50735149881669,5.50735149881669,94.49264850118331,2,2,weak
trusted_source_median,2018_primary_t1,left_cerebellum_cortex,tigerbx_2018_t1,TIGERBx,kate_2018_t1,true,47.15419921875,49.902505609375,-5.50735149881669,5.50735149881669,94.49264850118331,2,2,weak
trusted_method_balanced_median,2018_primary_t1,left_cerebellum_cortex,tigerbx_2018_t1,TIGERBx,kate_2018_t1,true,47.15419921875,49.902505609375,-5.50735149881669,5.50735149881669,94.49264850118331,2,2,weak
all_source_median,2018_primary_t1,left_thalamus,tigerbx_2018_t1,TIGERBx,kate_2018_t1,true,6.37734375,6.548458875,-2.613059473478026,2.613059473478026,97.38694052652197,2,2,weak
trusted_source_median,2018_primary_t1,left_thalamus,tigerbx_2018_t1,TIGERBx,kate_2018_t1,true,6.37734375,6.548458875,-2.613059473478026,2.613059473478026,97.38694052652197,2,2,weak
trusted_method_balanced_median,2018_primary_t1,left_thalamus,tigerbx_2018_t1,TIGERBx,kate_2018_t1,true,6.37734375,6.548458875,-2.613059473478026,2.613059473478026,97.38694052652197,2,2,weak
all_source_median,2018_primary_t1,left_caudate,tigerbx_2018_t1,TIGERBx,kate_2018_t1,true,3.43740234375,3.660911171875,-6.105278648717554,6.105278648717554,93.89472135128244,2,2,weak
trusted_source_median,2018_primary_t1,left_caudate,tigerbx_2018_t1,TIGERBx,kate_2018_t1,true,3.43740234375,3.660911171875,-6.105278648717554,6.105278648717554,93.89472135128244,2,2,weak
trusted_method_balanced_median,2018_primary_t1,left_caudate,tigerbx_2018_t1,TIGERBx,kate_2018_t1,true,3.43740234375,3.660911171875,-6.105278648717554,6.105278648717554,93.89472135128244,2,2,weak
all_source_median,2018_primary_t1,left_putamen,tigerbx_2018_t1,TIGERBx,kate_2018_t1,true,4.96845703125,5.124418515625,-3.043496230829973,3.043496230829973,96.95650376917003,2,2,weak
trusted_source_median,2018_primary_t1,left_putamen,tigerbx_2018_t1,TIGERBx,kate_2018_t1,true,4.96845703125,5.124418515625,-3.043496230829973,3.043496230829973,96.95650376917003,2,2,weak
trusted_method_balanced_median,2018_primary_t1,left_putamen,tigerbx_2018_t1,TIGERBx,kate_2018_t1,true,4.96845703125,5.124418515625,-3.043496230829973,3.043496230829973,96.95650376917003,2,2,weak
all_source_median,2018_primary_t1,left_pallidum,tigerbx_2018_t1,TIGERBx,kate_2018_t1,true,1.529296875,1.4857184375,2.9331558658805363,2.9331558658805363,97.06684413411946,2,2,weak
trusted_source_median,2018_primary_t1,left_pallidum,tigerbx_2018_t1,TIGERBx,kate_2018_t1,true,1.529296875,1.4857184375,2.9331558658805363,2.9331558658805363,97.06684413411946,2,2,weak
trusted_method_balanced_median,2018_primary_t1,left_pallidum,tigerbx_2018_t1,TIGERBx,kate_2018_t1,true,1.529296875,1.4857184375,2.9331558658805363,2.9331558658805363,97.06684413411946,2,2,weak
all_source_median,2018_primary_t1,third_ventricle,tigerbx_2018_t1,TIGERBx,kate_2018_t1,true,0.8736328125,0.77590140625,12.595853733832563,12.595853733832563,87.40414626616743,2,2,weak
trusted_source_median,2018_primary_t1,third_ventricle,tigerbx_2018_t1,TIGERBx,kate_2018_t1,true,0.8736328125,0.77590140625,12.595853733832563,12.595853733832563,87.40414626616743,2,2,weak
trusted_method_balanced_median,2018_primary_t1,third_ventricle,tigerbx_2018_t1,TIGERBx,kate_2018_t1,true,0.8736328125,0.77590140625,12.595853733832563,12.595853733832563,87.40414626616743,2,2,weak
all_source_median,2018_primary_t1,fourth_ventricle,tigerbx_2018_t1,TIGERBx,kate_2018_t1,true,1.68837890625,1.550764953125,8.873940105990233,8.873940105990233,91.12605989400977,2,2,weak
trusted_source_median,2018_primary_t1,fourth_ventricle,tigerbx_2018_t1,TIGERBx,kate_2018_t1,true,1.68837890625,1.550764953125,8.873940105990233,8.873940105990233,91.12605989400977,2,2,weak
trusted_method_balanced_median,2018_primary_t1,fourth_ventricle,tigerbx_2018_t1,TIGERBx,kate_2018_t1,true,1.68837890625,1.550764953125,8.873940105990233,8.873940105990233,91.12605989400977,2,2,weak
all_source_median,2018_primary_t1,brain_stem,tigerbx_2018_t1,TIGERBx,kate_2018_t1,true,16.22197265625,17.809581828124998,-8.914354010085944,8.914354010085944,91.08564598991406,2,2,weak
trusted_source_median,2018_primary_t1,brain_stem,tigerbx_2018_t1,TIGERBx,kate_2018_t1,true,16.22197265625,17.809581828124998,-8.914354010085944,8.914354010085944,91.08564598991406,2,2,weak
trusted_method_balanced_median,2018_primary_t1,brain_stem,tigerbx_2018_t1,TIGERBx,kate_2018_t1,true,16.22197265625,17.809581828124998,-8.914354010085944,8.914354010085944,91.08564598991406,2,2,weak
all_source_median,2018_primary_t1,left_hippocampus,tigerbx_2018_t1,TIGERBx,kate_2018_t1,true,3.825,3.835966,-0.28587323245304597,0.28587323245304597,99.71412676754696,2,2,weak
trusted_source_median,2018_primary_t1,left_hippocampus,tigerbx_2018_t1,TIGERBx,kate_2018_t1,true,3.825,3.835966,-0.28587323245304597,0.28587323245304597,99.71412676754696,2,2,weak
trusted_method_balanced_median,2018_primary_t1,left_hippocampus,tigerbx_2018_t1,TIGERBx,kate_2018_t1,true,3.825,3.835966,-0.28587323245304597,0.28587323245304597,99.71412676754696,2,2,weak
all_source_median,2018_primary_t1,left_amygdala,tigerbx_2018_t1,TIGERBx,kate_2018_t1,true,1.47041015625,1.5913380781250002,-7.599134560864897,7.599134560864897,92.4008654391351,2,2,weak
trusted_source_median,2018_primary_t1,left_amygdala,tigerbx_2018_t1,TIGERBx,kate_2018_t1,true,1.47041015625,1.5913380781250002,-7.599134560864897,7.599134560864897,92.4008654391351,2,2,weak
trusted_method_balanced_median,2018_primary_t1,left_amygdala,tigerbx_2018_t1,TIGERBx,kate_2018_t1,true,1.47041015625,1.5913380781250002,-7.599134560864897,7.599134560864897,92.4008654391351,2,2,weak
all_source_median,2018_primary_t1,csf,tigerbx_2018_t1,TIGERBx,kate_2018_t1,true,0.8279296875,101.42277484374999,-99.18368464205845,99.18368464205845,0.8163153579415479,2,2,weak
trusted_source_median,2018_primary_t1,csf,tigerbx_2018_t1,TIGERBx,kate_2018_t1,true,0.8279296875,101.42277484374999,-99.18368464205845,99.18368464205845,0.8163153579415479,2,2,weak
trusted_method_balanced_median,2018_primary_t1,csf,tigerbx_2018_t1,TIGERBx,kate_2018_t1,true,0.8279296875,101.42277484374999,-99.18368464205845,99.18368464205845,0.8163153579415479,2,2,weak
all_source_median,2018_primary_t1,left_accumbens_area,tigerbx_2018_t1,TIGERBx,kate_2018_t1,true,0.54140625,0.605257125,-10.549380149799967,10.549380149799967,89.45061985020003,2,2,weak
trusted_source_median,2018_primary_t1,left_accumbens_area,tigerbx_2018_t1,TIGERBx,kate_2018_t1,true,0.54140625,0.605257125,-10.549380149799967,10.549380149799967,89.45061985020003,2,2,weak
trusted_method_balanced_median,2018_primary_t1,left_accumbens_area,tigerbx_2018_t1,TIGERBx,kate_2018_t1,true,0.54140625,0.605257125,-10.549380149799967,10.549380149799967,89.45061985020003,2,2,weak
all_source_median,2018_primary_t1,right_cerebral_white_matter,tigerbx_2018_t1,TIGERBx,kate_2018_t1,true,192.93662109375,200.291300546875,-3.671991460959005,3.671991460959005,96.328008539041,2,2,weak
trusted_source_median,2018_primary_t1,right_cerebral_white_matter,tigerbx_2018_t1,TIGERBx,kate_2018_t1,true,192.93662109375,200.291300546875,-3.671991460959005,3.671991460959005,96.328008539041,2,2,weak
trusted_method_balanced_median,2018_primary_t1,right_cerebral_white_matter,tigerbx_2018_t1,TIGERBx,kate_2018_t1,true,192.93662109375,200.291300546875,-3.671991460959005,3.671991460959005,96.328008539041,2,2,weak
all_source_median,2018_primary_t1,right_cerebral_cortex,tigerbx_2018_t1,TIGERBx,kate_2018_t1,true,242.55087890625,250.21346445312497,-3.0624193480644903,3.0624193480644903,96.9375806519355,2,2,weak
trusted_source_median,2018_primary_t1,right_cerebral_cortex,tigerbx_2018_t1,TIGERBx,kate_2018_t1,true,242.55087890625,250.21346445312497,-3.0624193480644903,3.0624193480644903,96.9375806519355,2,2,weak
trusted_method_balanced_median,2018_primary_t1,right_cerebral_cortex,tigerbx_2018_t1,TIGERBx,kate_2018_t1,true,242.55087890625,250.21346445312497,-3.0624193480644903,3.0624193480644903,96.9375806519355,2,2,weak
all_source_median,2018_primary_t1,right_lateral_ventricle,tigerbx_2018_t1,TIGERBx,kate_2018_t1,true,4.9025390625,4.725490531249999,3.7466698976363664,3.7466698976363664,96.25333010236363,2,2,weak
trusted_source_median,2018_primary_t1,right_lateral_ventricle,tigerbx_2018_t1,TIGERBx,kate_2018_t1,true,4.9025390625,4.725490531249999,3.7466698976363664,3.7466698976363664,96.25333010236363,2,2,weak
trusted_method_balanced_median,2018_primary_t1,right_lateral_ventricle,tigerbx_2018_t1,TIGERBx,kate_2018_t1,true,4.9025390625,4.725490531249999,3.7466698976363664,3.7466698976363664,96.25333010236363,2,2,weak
all_source_median,2018_primary_t1,right_inferior_lateral_ventricle,tigerbx_2018_t1,TIGERBx,kate_2018_t1,true,0.45,0.4487325,0.28246226872357866,0.28246226872357866,99.71753773127642,2,2,weak
trusted_source_median,2018_primary_t1,right_inferior_lateral_ventricle,tigerbx_2018_t1,TIGERBx,kate_2018_t1,true,0.45,0.4487325,0.28246226872357866,0.28246226872357866,99.71753773127642,2,2,weak
trusted_method_balanced_median,2018_primary_t1,right_inferior_lateral_ventricle,tigerbx_2018_t1,TIGERBx,kate_2018_t1,true,0.45,0.4487325,0.28246226872357866,0.28246226872357866,99.71753773127642,2,2,weak
all_source_median,2018_primary_t1,right_cerebellum_white_matter,tigerbx_2018_t1,TIGERBx,kate_2018_t1,true,11.24296875,11.491800375,-2.165297141267137,2.165297141267137,97.83470285873287,2,2,weak
trusted_source_median,2018_primary_t1,right_cerebellum_white_matter,tigerbx_2018_t1,TIGERBx,kate_2018_t1,true,11.24296875,11.491800375,-2.165297141267137,2.165297141267137,97.83470285873287,2,2,weak
trusted_method_balanced_median,2018_primary_t1,right_cerebellum_white_matter,tigerbx_2018_t1,TIGERBx,kate_2018_t1,true,11.24296875,11.491800375,-2.165297141267137,2.165297141267137,97.83470285873287,2,2,weak
all_source_median,2018_primary_t1,right_cerebellum_cortex,tigerbx_2018_t1,TIGERBx,kate_2018_t1,true,47.703515625,49.1970743125,-3.0358689177590277,3.0358689177590277,96.96413108224097,2,2,weak
trusted_source_median,2018_primary_t1,right_cerebellum_cortex,tigerbx_2018_t1,TIGERBx,kate_2018_t1,true,47.703515625,49.1970743125,-3.0358689177590277,3.0358689177590277,96.96413108224097,2,2,weak
trusted_method_balanced_median,2018_primary_t1,right_cerebellum_cortex,tigerbx_2018_t1,TIGERBx,kate_2018_t1,true,47.703515625,49.1970743125,-3.0358689177590277,3.0358689177590277,96.96413108224097,2,2,weak
all_source_median,2018_primary_t1,right_thalamus,tigerbx_2018_t1,TIGERBx,kate_2018_t1,true,6.15849609375,6.507515046875,-5.363321492319917,5.363321492319917,94.63667850768009,2,2,weak
trusted_source_median,2018_primary_t1,right_thalamus,tigerbx_2018_t1,TIGERBx,kate_2018_t1,true,6.15849609375,6.507515046875,-5.363321492319917,5.363321492319917,94.63667850768009,2,2,weak
trusted_method_balanced_median,2018_primary_t1,right_thalamus,tigerbx_2018_t1,TIGERBx,kate_2018_t1,true,6.15849609375,6.507515046875,-5.363321492319917,5.363321492319917,94.63667850768009,2,2,weak
all_source_median,2018_primary_t1,right_caudate,tigerbx_2018_t1,TIGERBx,kate_2018_t1,true,3.44267578125,3.648202890625,-5.633653487396623,5.633653487396623,94.36634651260337,2,2,weak
trusted_source_median,2018_primary_t1,right_caudate,tigerbx_2018_t1,TIGERBx,kate_2018_t1,true,3.44267578125,3.648202890625,-5.633653487396623,5.633653487396623,94.36634651260337,2,2,weak
trusted_method_balanced_median,2018_primary_t1,right_caudate,tigerbx_2018_t1,TIGERBx,kate_2018_t1,true,3.44267578125,3.648202890625,-5.633653487396623,5.633653487396623,94.36634651260337,2,2,weak
all_source_median,2018_primary_t1,right_putamen,tigerbx_2018_t1,TIGERBx,kate_2018_t1,true,4.99306640625,5.190162703125,-3.7974974610396797,3.7974974610396797,96.20250253896032,2,2,weak
trusted_source_median,2018_primary_t1,right_putamen,tigerbx_2018_t1,TIGERBx,kate_2018_t1,true,4.99306640625,5.190162703125,-3.7974974610396797,3.7974974610396797,96.20250253896032,2,2,weak
trusted_method_balanced_median,2018_primary_t1,right_putamen,tigerbx_2018_t1,TIGERBx,kate_2018_t1,true,4.99306640625,5.190162703125,-3.7974974610396797,3.7974974610396797,96.20250253896032,2,2,weak
all_source_median,2018_primary_t1,right_pallidum,tigerbx_2018_t1,TIGERBx,kate_2018_t1,true,1.47568359375,1.559787796875,-5.392028537054912,5.392028537054912,94.60797146294509,2,2,weak
trusted_source_median,2018_primary_t1,right_pallidum,tigerbx_2018_t1,TIGERBx,kate_2018_t1,true,1.47568359375,1.559787796875,-5.392028537054912,5.392028537054912,94.60797146294509,2,2,weak
trusted_method_balanced_median,2018_primary_t1,right_pallidum,tigerbx_2018_t1,TIGERBx,kate_2018_t1,true,1.47568359375,1.559787796875,-5.392028537054912,5.392028537054912,94.60797146294509,2,2,weak
all_source_median,2018_primary_t1,right_hippocampus,tigerbx_2018_t1,TIGERBx,kate_2018_t1,true,3.800390625,3.7856873125,0.388392154086551,0.388392154086551,99.61160784591345,2,2,weak
trusted_source_median,2018_primary_t1,right_hippocampus,tigerbx_2018_t1,TIGERBx,kate_2018_t1,true,3.800390625,3.7856873125,0.388392154086551,0.388392154086551,99.61160784591345,2,2,weak
trusted_method_balanced_median,2018_primary_t1,right_hippocampus,tigerbx_2018_t1,TIGERBx,kate_2018_t1,true,3.800390625,3.7856873125,0.388392154086551,0.388392154086551,99.61160784591345,2,2,weak
all_source_median,2018_primary_t1,right_amygdala,tigerbx_2018_t1,TIGERBx,kate_2018_t1,true,1.58642578125,1.719624390625,-7.745796704278468,7.745796704278468,92.25420329572154,2,2,weak
trusted_source_median,2018_primary_t1,right_amygdala,tigerbx_2018_t1,TIGERBx,kate_2018_t1,true,1.58642578125,1.719624390625,-7.745796704278468,7.745796704278468,92.25420329572154,2,2,weak
trusted_method_balanced_median,2018_primary_t1,right_amygdala,tigerbx_2018_t1,TIGERBx,kate_2018_t1,true,1.58642578125,1.719624390625,-7.745796704278468,7.745796704278468,92.25420329572154,2,2,weak
all_source_median,2018_primary_t1,right_accumbens_area,tigerbx_2018_t1,TIGERBx,kate_2018_t1,true,0.52998046875,0.665036734375,-20.308091063860633,20.308091063860633,79.69190893613937,2,2,weak
trusted_source_median,2018_primary_t1,right_accumbens_area,tigerbx_2018_t1,TIGERBx,kate_2018_t1,true,0.52998046875,0.665036734375,-20.308091063860633,20.308091063860633,79.69190893613937,2,2,weak
trusted_method_balanced_median,2018_primary_t1,right_accumbens_area,tigerbx_2018_t1,TIGERBx,kate_2018_t1,true,0.52998046875,0.665036734375,-20.308091063860633,20.308091063860633,79.69190893613937,2,2,weak
all_source_median,2022_primary_t1,left_cerebral_white_matter,synthseg_2022_t1,SynthSeg,2022_sie_t1se,true,207.99132999999998,183.10237671160237,13.592916561426863,13.592916561426863,86.40708343857314,2,2,weak
trusted_source_median,2022_primary_t1,left_cerebral_white_matter,synthseg_2022_t1,SynthSeg,2022_sie_t1se,true,207.99132999999998,183.10237671160237,13.592916561426863,13.592916561426863,86.40708343857314,2,2,weak
trusted_method_balanced_median,2022_primary_t1,left_cerebral_white_matter,synthseg_2022_t1,SynthSeg,2022_sie_t1se,true,207.99132999999998,183.10237671160237,13.592916561426863,13.592916561426863,86.40708343857314,2,2,weak
all_source_median,2022_primary_t1,left_cerebral_cortex,synthseg_2022_t1,SynthSeg,2022_sie_t1se,true,244.02151999999998,257.09023977335875,-5.083320076592432,5.083320076592432,94.91667992340757,2,2,weak
trusted_source_median,2022_primary_t1,left_cerebral_cortex,synthseg_2022_t1,SynthSeg,2022_sie_t1se,true,244.02151999999998,257.09023977335875,-5.083320076592432,5.083320076592432,94.91667992340757,2,2,weak
trusted_method_balanced_median,2022_primary_t1,left_cerebral_cortex,synthseg_2022_t1,SynthSeg,2022_sie_t1se,true,244.02151999999998,257.09023977335875,-5.083320076592432,5.083320076592432,94.91667992340757,2,2,weak
all_source_median,2022_primary_t1,left_lateral_ventricle,synthseg_2022_t1,SynthSeg,2022_sie_t1se,true,5.0000029999999995,5.877027239466363,-14.922922826983493,14.922922826983493,85.0770771730165,2,2,weak
trusted_source_median,2022_primary_t1,left_lateral_ventricle,synthseg_2022_t1,SynthSeg,2022_sie_t1se,true,5.0000029999999995,5.877027239466363,-14.922922826983493,14.922922826983493,85.0770771730165,2,2,weak
trusted_method_balanced_median,2022_primary_t1,left_lateral_ventricle,synthseg_2022_t1,SynthSeg,2022_sie_t1se,true,5.0000029999999995,5.877027239466363,-14.922922826983493,14.922922826983493,85.0770771730165,2,2,weak
all_source_median,2022_primary_t1,left_inferior_lateral_ventricle,synthseg_2022_t1,SynthSeg,2022_sie_t1se,true,0.204739,0.3069437990406425,-33.29756110404743,33.29756110404743,66.70243889595257,2,2,weak
trusted_source_median,2022_primary_t1,left_inferior_lateral_ventricle,synthseg_2022_t1,SynthSeg,2022_sie_t1se,true,0.204739,0.3069437990406425,-33.29756110404743,33.29756110404743,66.70243889595257,2,2,weak
trusted_method_balanced_median,2022_primary_t1,left_inferior_lateral_ventricle,synthseg_2022_t1,SynthSeg,2022_sie_t1se,true,0.204739,0.3069437990406425,-33.29756110404743,33.29756110404743,66.70243889595257,2,2,weak
all_source_median,2022_primary_t1,left_cerebellum_white_matter,synthseg_2022_t1,SynthSeg,2022_sie_t1se,true,13.856853,11.10205216148826,24.813438078302553,24.813438078302553,75.18656192169745,2,2,weak
trusted_source_median,2022_primary_t1,left_cerebellum_white_matter,synthseg_2022_t1,SynthSeg,2022_sie_t1se,true,13.856853,11.10205216148826,24.813438078302553,24.813438078302553,75.18656192169745,2,2,weak
trusted_method_balanced_median,2022_primary_t1,left_cerebellum_white_matter,synthseg_2022_t1,SynthSeg,2022_sie_t1se,true,13.856853,11.10205216148826,24.813438078302553,24.813438078302553,75.18656192169745,2,2,weak
all_source_median,2022_primary_t1,left_cerebellum_cortex,synthseg_2022_t1,SynthSeg,2022_sie_t1se,true,50.738836000000006,47.464992101685155,6.8973863754179785,6.8973863754179785,93.10261362458202,2,2,weak
trusted_source_median,2022_primary_t1,left_cerebellum_cortex,synthseg_2022_t1,SynthSeg,2022_sie_t1se,true,50.738836000000006,47.464992101685155,6.8973863754179785,6.8973863754179785,93.10261362458202,2,2,weak
trusted_method_balanced_median,2022_primary_t1,left_cerebellum_cortex,synthseg_2022_t1,SynthSeg,2022_sie_t1se,true,50.738836000000006,47.464992101685155,6.8973863754179785,6.8973863754179785,93.10261362458202,2,2,weak
all_source_median,2022_primary_t1,left_thalamus,synthseg_2022_t1,SynthSeg,2022_sie_t1se,true,6.666837999999999,6.502770829834196,2.5230347871568264,2.5230347871568264,97.47696521284317,2,2,weak
trusted_source_median,2022_primary_t1,left_thalamus,synthseg_2022_t1,SynthSeg,2022_sie_t1se,true,6.666837999999999,6.502770829834196,2.5230347871568264,2.5230347871568264,97.47696521284317,2,2,weak
trusted_method_balanced_median,2022_primary_t1,left_thalamus,synthseg_2022_t1,SynthSeg,2022_sie_t1se,true,6.666837999999999,6.502770829834196,2.5230347871568264,2.5230347871568264,97.47696521284317,2,2,weak
all_source_median,2022_primary_t1,left_caudate,synthseg_2022_t1,SynthSeg,2022_sie_t1se,true,3.3700129999999997,3.101528540326873,8.656520685920588,8.656520685920588,91.34347931407942,2,2,weak
trusted_source_median,2022_primary_t1,left_caudate,synthseg_2022_t1,SynthSeg,2022_sie_t1se,true,3.3700129999999997,3.101528540326873,8.656520685920588,8.656520685920588,91.34347931407942,2,2,weak
trusted_method_balanced_median,2022_primary_t1,left_caudate,synthseg_2022_t1,SynthSeg,2022_sie_t1se,true,3.3700129999999997,3.101528540326873,8.656520685920588,8.656520685920588,91.34347931407942,2,2,weak
all_source_median,2022_primary_t1,left_putamen,synthseg_2022_t1,SynthSeg,2022_sie_t1se,true,4.517906,4.558864058911466,-0.8984268533167327,0.8984268533167327,99.10157314668326,2,2,weak
trusted_source_median,2022_primary_t1,left_putamen,synthseg_2022_t1,SynthSeg,2022_sie_t1se,true,4.517906,4.558864058911466,-0.8984268533167327,0.8984268533167327,99.10157314668326,2,2,weak
trusted_method_balanced_median,2022_primary_t1,left_putamen,synthseg_2022_t1,SynthSeg,2022_sie_t1se,true,4.517906,4.558864058911466,-0.8984268533167327,0.8984268533167327,99.10157314668326,2,2,weak
all_source_median,2022_primary_t1,left_pallidum,synthseg_2022_t1,SynthSeg,2022_sie_t1se,true,0.992264,1.17494671954395,-15.54817052596712,15.54817052596712,84.45182947403288,2,2,weak
trusted_source_median,2022_primary_t1,left_pallidum,synthseg_2022_t1,SynthSeg,2022_sie_t1se,true,0.992264,1.17494671954395,-15.54817052596712,15.54817052596712,84.45182947403288,2,2,weak
trusted_method_balanced_median,2022_primary_t1,left_pallidum,synthseg_2022_t1,SynthSeg,2022_sie_t1se,true,0.992264,1.17494671954395,-15.54817052596712,15.54817052596712,84.45182947403288,2,2,weak
all_source_median,2022_primary_t1,third_ventricle,synthseg_2022_t1,SynthSeg,2022_sie_t1se,true,0.6786019999999999,1.188594302077819,-42.90718045562607,42.90718045562607,57.09281954437393,2,2,weak
trusted_source_median,2022_primary_t1,third_ventricle,synthseg_2022_t1,SynthSeg,2022_sie_t1se,true,0.6786019999999999,1.188594302077819,-42.90718045562607,42.90718045562607,57.09281954437393,2,2,weak
trusted_method_balanced_median,2022_primary_t1,third_ventricle,synthseg_2022_t1,SynthSeg,2022_sie_t1se,true,0.6786019999999999,1.188594302077819,-42.90718045562607,42.90718045562607,57.09281954437393,2,2,weak
all_source_median,2022_primary_t1,fourth_ventricle,synthseg_2022_t1,SynthSeg,2022_sie_t1se,true,1.356955,1.5897630139083163,-14.64419613939658,14.64419613939658,85.35580386060342,2,2,weak
trusted_source_median,2022_primary_t1,fourth_ventricle,synthseg_2022_t1,SynthSeg,2022_sie_t1se,true,1.356955,1.5897630139083163,-14.64419613939658,14.64419613939658,85.35580386060342,2,2,weak
trusted_method_balanced_median,2022_primary_t1,fourth_ventricle,synthseg_2022_t1,SynthSeg,2022_sie_t1se,true,1.356955,1.5897630139083163,-14.64419613939658,14.64419613939658,85.35580386060342,2,2,weak
all_source_median,2022_primary_t1,brain_stem,synthseg_2022_t1,SynthSeg,2022_sie_t1se,true,20.061918000000002,18.908243734127275,6.101435342672643,6.101435342672643,93.89856465732736,2,2,weak
trusted_source_median,2022_primary_t1,brain_stem,synthseg_2022_t1,SynthSeg,2022_sie_t1se,true,20.061918000000002,18.908243734127275,6.101435342672643,6.101435342672643,93.89856465732736,2,2,weak
trusted_method_balanced_median,2022_primary_t1,brain_stem,synthseg_2022_t1,SynthSeg,2022_sie_t1se,true,20.061918000000002,18.908243734127275,6.101435342672643,6.101435342672643,93.89856465732736,2,2,weak
all_source_median,2022_primary_t1,left_hippocampus,synthseg_2022_t1,SynthSeg,2022_sie_t1se,true,3.7885999999999997,3.99428617575811,-5.149510243067933,5.149510243067933,94.85048975693206,2,2,weak
trusted_source_median,2022_primary_t1,left_hippocampus,synthseg_2022_t1,SynthSeg,2022_sie_t1se,true,3.7885999999999997,3.99428617575811,-5.149510243067933,5.149510243067933,94.85048975693206,2,2,weak
trusted_method_balanced_median,2022_primary_t1,left_hippocampus,synthseg_2022_t1,SynthSeg,2022_sie_t1se,true,3.7885999999999997,3.99428617575811,-5.149510243067933,5.149510243067933,94.85048975693206,2,2,weak
all_source_median,2022_primary_t1,left_amygdala,synthseg_2022_t1,SynthSeg,2022_sie_t1se,true,1.7161590000000002,1.543093440727,11.215494454533065,11.215494454533065,88.78450554546694,2,2,weak
trusted_source_median,2022_primary_t1,left_amygdala,synthseg_2022_t1,SynthSeg,2022_sie_t1se,true,1.7161590000000002,1.543093440727,11.215494454533065,11.215494454533065,88.78450554546694,2,2,weak
trusted_method_balanced_median,2022_primary_t1,left_amygdala,synthseg_2022_t1,SynthSeg,2022_sie_t1se,true,1.7161590000000002,1.543093440727,11.215494454533065,11.215494454533065,88.78450554546694,2,2,weak
all_source_median,2022_primary_t1,csf,synthseg_2022_t1,SynthSeg,2022_sie_t1se,true,211.83077,106.37412736754568,99.13749258602962,99.13749258602962,0.862507413970377,2,2,weak
trusted_source_median,2022_primary_t1,csf,synthseg_2022_t1,SynthSeg,2022_sie_t1se,true,211.83077,106.37412736754568,99.13749258602962,99.13749258602962,0.862507413970377,2,2,weak
trusted_method_balanced_median,2022_primary_t1,csf,synthseg_2022_t1,SynthSeg,2022_sie_t1se,true,211.83077,106.37412736754568,99.13749258602962,99.13749258602962,0.862507413970377,2,2,weak
all_source_median,2022_primary_t1,left_accumbens_area,synthseg_2022_t1,SynthSeg,2022_sie_t1se,true,0.646222,0.5540319890686041,16.639835379610236,16.639835379610236,83.36016462038977,2,2,weak
trusted_source_median,2022_primary_t1,left_accumbens_area,synthseg_2022_t1,SynthSeg,2022_sie_t1se,true,0.646222,0.5540319890686041,16.639835379610236,16.639835379610236,83.36016462038977,2,2,weak
trusted_method_balanced_median,2022_primary_t1,left_accumbens_area,synthseg_2022_t1,SynthSeg,2022_sie_t1se,true,0.646222,0.5540319890686041,16.639835379610236,16.639835379610236,83.36016462038977,2,2,weak
all_source_median,2022_primary_t1,right_cerebral_white_matter,synthseg_2022_t1,SynthSeg,2022_sie_t1se,true,208.8328,199.1079537657895,4.8842078130388655,4.8842078130388655,95.11579218696113,2,2,weak
trusted_source_median,2022_primary_t1,right_cerebral_white_matter,synthseg_2022_t1,SynthSeg,2022_sie_t1se,true,208.8328,199.1079537657895,4.8842078130388655,4.8842078130388655,95.11579218696113,2,2,weak
trusted_method_balanced_median,2022_primary_t1,right_cerebral_white_matter,synthseg_2022_t1,SynthSeg,2022_sie_t1se,true,208.8328,199.1079537657895,4.8842078130388655,4.8842078130388655,95.11579218696113,2,2,weak
all_source_median,2022_primary_t1,right_cerebral_cortex,synthseg_2022_t1,SynthSeg,2022_sie_t1se,true,251.02598,265.70217783348755,-5.523551953226725,5.523551953226725,94.47644804677327,2,2,weak
trusted_source_median,2022_primary_t1,right_cerebral_cortex,synthseg_2022_t1,SynthSeg,2022_sie_t1se,true,251.02598,265.70217783348755,-5.523551953226725,5.523551953226725,94.47644804677327,2,2,weak
trusted_method_balanced_median,2022_primary_t1,right_cerebral_cortex,synthseg_2022_t1,SynthSeg,2022_sie_t1se,true,251.02598,265.70217783348755,-5.523551953226725,5.523551953226725,94.47644804677327,2,2,weak
all_source_median,2022_primary_t1,right_lateral_ventricle,synthseg_2022_t1,SynthSeg,2022_sie_t1se,true,5.177888,6.103902410789221,-15.170858714130214,15.170858714130214,84.82914128586978,2,2,weak
trusted_source_median,2022_primary_t1,right_lateral_ventricle,synthseg_2022_t1,SynthSeg,2022_sie_t1se,true,5.177888,6.103902410789221,-15.170858714130214,15.170858714130214,84.82914128586978,2,2,weak
trusted_method_balanced_median,2022_primary_t1,right_lateral_ventricle,synthseg_2022_t1,SynthSeg,2022_sie_t1se,true,5.177888,6.103902410789221,-15.170858714130214,15.170858714130214,84.82914128586978,2,2,weak
all_source_median,2022_primary_t1,right_inferior_lateral_ventricle,synthseg_2022_t1,SynthSeg,2022_sie_t1se,true,0.308591,0.4022643473219909,-23.286514936162224,23.286514936162224,76.71348506383778,2,2,weak
trusted_source_median,2022_primary_t1,right_inferior_lateral_ventricle,synthseg_2022_t1,SynthSeg,2022_sie_t1se,true,0.308591,0.4022643473219909,-23.286514936162224,23.286514936162224,76.71348506383778,2,2,weak
trusted_method_balanced_median,2022_primary_t1,right_inferior_lateral_ventricle,synthseg_2022_t1,SynthSeg,2022_sie_t1se,true,0.308591,0.4022643473219909,-23.286514936162224,23.286514936162224,76.71348506383778,2,2,weak
all_source_median,2022_primary_t1,right_cerebellum_white_matter,synthseg_2022_t1,SynthSeg,2022_sie_t1se,true,12.644433999999999,11.560558899677059,9.375628892416419,9.375628892416419,90.62437110758358,2,2,weak
trusted_source_median,2022_primary_t1,right_cerebellum_white_matter,synthseg_2022_t1,SynthSeg,2022_sie_t1se,true,12.644433999999999,11.560558899677059,9.375628892416419,9.375628892416419,90.62437110758358,2,2,weak
trusted_method_balanced_median,2022_primary_t1,right_cerebellum_white_matter,synthseg_2022_t1,SynthSeg,2022_sie_t1se,true,12.644433999999999,11.560558899677059,9.375628892416419,9.375628892416419,90.62437110758358,2,2,weak
all_source_median,2022_primary_t1,right_cerebellum_cortex,synthseg_2022_t1,SynthSeg,2022_sie_t1se,true,50.1418,50.76822160903707,-1.2338852715013353,1.2338852715013353,98.76611472849866,2,2,weak
trusted_source_median,2022_primary_t1,right_cerebellum_cortex,synthseg_2022_t1,SynthSeg,2022_sie_t1se,true,50.1418,50.76822160903707,-1.2338852715013353,1.2338852715013353,98.76611472849866,2,2,weak
trusted_method_balanced_median,2022_primary_t1,right_cerebellum_cortex,synthseg_2022_t1,SynthSeg,2022_sie_t1se,true,50.1418,50.76822160903707,-1.2338852715013353,1.2338852715013353,98.76611472849866,2,2,weak
all_source_median,2022_primary_t1,right_thalamus,synthseg_2022_t1,SynthSeg,2022_sie_t1se,true,6.775493,6.719827885889252,0.8283711287849675,0.8283711287849675,99.17162887121503,2,2,weak
trusted_source_median,2022_primary_t1,right_thalamus,synthseg_2022_t1,SynthSeg,2022_sie_t1se,true,6.775493,6.719827885889252,0.8283711287849675,0.8283711287849675,99.17162887121503,2,2,weak
trusted_method_balanced_median,2022_primary_t1,right_thalamus,synthseg_2022_t1,SynthSeg,2022_sie_t1se,true,6.775493,6.719827885889252,0.8283711287849675,0.8283711287849675,99.17162887121503,2,2,weak
all_source_median,2022_primary_t1,right_caudate,synthseg_2022_t1,SynthSeg,2022_sie_t1se,true,3.690667,3.27270417739721,12.771176371192736,12.771176371192736,87.22882362880726,2,2,weak
trusted_source_median,2022_primary_t1,right_caudate,synthseg_2022_t1,SynthSeg,2022_sie_t1se,true,3.690667,3.27270417739721,12.771176371192736,12.771176371192736,87.22882362880726,2,2,weak
trusted_method_balanced_median,2022_primary_t1,right_caudate,synthseg_2022_t1,SynthSeg,2022_sie_t1se,true,3.690667,3.27270417739721,12.771176371192736,12.771176371192736,87.22882362880726,2,2,weak
all_source_median,2022_primary_t1,right_putamen,synthseg_2022_t1,SynthSeg,2022_sie_t1se,true,4.577466,4.04621220539461,13.129657260612678,13.129657260612678,86.87034273938733,2,2,weak
trusted_source_median,2022_primary_t1,right_putamen,synthseg_2022_t1,SynthSeg,2022_sie_t1se,true,4.577466,4.04621220539461,13.129657260612678,13.129657260612678,86.87034273938733,2,2,weak
trusted_method_balanced_median,2022_primary_t1,right_putamen,synthseg_2022_t1,SynthSeg,2022_sie_t1se,true,4.577466,4.04621220539461,13.129657260612678,13.129657260612678,86.87034273938733,2,2,weak
all_source_median,2022_primary_t1,right_pallidum,synthseg_2022_t1,SynthSeg,2022_sie_t1se,true,1.286781,1.3733487943041107,-6.303409204067166,6.303409204067166,93.69659079593283,2,2,weak
trusted_source_median,2022_primary_t1,right_pallidum,synthseg_2022_t1,SynthSeg,2022_sie_t1se,true,1.286781,1.3733487943041107,-6.303409204067166,6.303409204067166,93.69659079593283,2,2,weak
trusted_method_balanced_median,2022_primary_t1,right_pallidum,synthseg_2022_t1,SynthSeg,2022_sie_t1se,true,1.286781,1.3733487943041107,-6.303409204067166,6.303409204067166,93.69659079593283,2,2,weak
all_source_median,2022_primary_t1,right_hippocampus,synthseg_2022_t1,SynthSeg,2022_sie_t1se,true,3.5783780000000003,3.758991530914065,-4.804840059592937,4.804840059592937,95.19515994040707,2,2,weak
trusted_source_median,2022_primary_t1,right_hippocampus,synthseg_2022_t1,SynthSeg,2022_sie_t1se,true,3.5783780000000003,3.758991530914065,-4.804840059592937,4.804840059592937,95.19515994040707,2,2,weak
trusted_method_balanced_median,2022_primary_t1,right_hippocampus,synthseg_2022_t1,SynthSeg,2022_sie_t1se,true,3.5783780000000003,3.758991530914065,-4.804840059592937,4.804840059592937,95.19515994040707,2,2,weak
all_source_median,2022_primary_t1,right_amygdala,synthseg_2022_t1,SynthSeg,2022_sie_t1se,true,1.568425,1.4568279983609003,7.660272987934006,7.660272987934006,92.33972701206599,2,2,weak
trusted_source_median,2022_primary_t1,right_amygdala,synthseg_2022_t1,SynthSeg,2022_sie_t1se,true,1.568425,1.4568279983609003,7.660272987934006,7.660272987934006,92.33972701206599,2,2,weak
trusted_method_balanced_median,2022_primary_t1,right_amygdala,synthseg_2022_t1,SynthSeg,2022_sie_t1se,true,1.568425,1.4568279983609003,7.660272987934006,7.660272987934006,92.33972701206599,2,2,weak
all_source_median,2022_primary_t1,right_accumbens_area,synthseg_2022_t1,SynthSeg,2022_sie_t1se,true,0.764338,0.571245246083018,33.802076295777205,33.802076295777205,66.1979237042228,2,2,weak
trusted_source_median,2022_primary_t1,right_accumbens_area,synthseg_2022_t1,SynthSeg,2022_sie_t1se,true,0.764338,0.571245246083018,33.802076295777205,33.802076295777205,66.1979237042228,2,2,weak
trusted_method_balanced_median,2022_primary_t1,right_accumbens_area,synthseg_2022_t1,SynthSeg,2022_sie_t1se,true,0.764338,0.571245246083018,33.802076295777205,33.802076295777205,66.1979237042228,2,2,weak
all_source_median,2022_primary_t1,left_cerebral_white_matter,tigerbx_2022_t1,TIGERBx,kate_2022_t1,true,158.21342342320477,183.10237671160237,-13.592916561426863,13.592916561426863,86.40708343857314,2,2,weak
trusted_source_median,2022_primary_t1,left_cerebral_white_matter,tigerbx_2022_t1,TIGERBx,kate_2022_t1,true,158.21342342320477,183.10237671160237,-13.592916561426863,13.592916561426863,86.40708343857314,2,2,weak
trusted_method_balanced_median,2022_primary_t1,left_cerebral_white_matter,tigerbx_2022_t1,TIGERBx,kate_2022_t1,true,158.21342342320477,183.10237671160237,-13.592916561426863,13.592916561426863,86.40708343857314,2,2,weak
all_source_median,2022_primary_t1,left_cerebral_cortex,tigerbx_2022_t1,TIGERBx,kate_2022_t1,true,270.15895954671754,257.09023977335875,5.083320076592442,5.083320076592442,94.91667992340756,2,2,weak
trusted_source_median,2022_primary_t1,left_cerebral_cortex,tigerbx_2022_t1,TIGERBx,kate_2022_t1,true,270.15895954671754,257.09023977335875,5.083320076592442,5.083320076592442,94.91667992340756,2,2,weak
trusted_method_balanced_median,2022_primary_t1,left_cerebral_cortex,tigerbx_2022_t1,TIGERBx,kate_2022_t1,true,270.15895954671754,257.09023977335875,5.083320076592442,5.083320076592442,94.91667992340756,2,2,weak
all_source_median,2022_primary_t1,left_lateral_ventricle,tigerbx_2022_t1,TIGERBx,kate_2022_t1,true,6.754051478932727,5.877027239466363,14.922922826983493,14.922922826983493,85.0770771730165,2,2,weak
trusted_source_median,2022_primary_t1,left_lateral_ventricle,tigerbx_2022_t1,TIGERBx,kate_2022_t1,true,6.754051478932727,5.877027239466363,14.922922826983493,14.922922826983493,85.0770771730165,2,2,weak
trusted_method_balanced_median,2022_primary_t1,left_lateral_ventricle,tigerbx_2022_t1,TIGERBx,kate_2022_t1,true,6.754051478932727,5.877027239466363,14.922922826983493,14.922922826983493,85.0770771730165,2,2,weak
all_source_median,2022_primary_t1,left_inferior_lateral_ventricle,tigerbx_2022_t1,TIGERBx,kate_2022_t1,true,0.40914859808128495,0.3069437990406425,33.29756110404742,33.29756110404742,66.70243889595258,2,2,weak
trusted_source_median,2022_primary_t1,left_inferior_lateral_ventricle,tigerbx_2022_t1,TIGERBx,kate_2022_t1,true,0.40914859808128495,0.3069437990406425,33.29756110404742,33.29756110404742,66.70243889595258,2,2,weak
trusted_method_balanced_median,2022_primary_t1,left_inferior_lateral_ventricle,tigerbx_2022_t1,TIGERBx,kate_2022_t1,true,0.40914859808128495,0.3069437990406425,33.29756110404742,33.29756110404742,66.70243889595258,2,2,weak
all_source_median,2022_primary_t1,left_cerebellum_white_matter,tigerbx_2022_t1,TIGERBx,kate_2022_t1,true,8.347251322976518,11.10205216148826,-24.813438078302568,24.813438078302568,75.18656192169743,2,2,weak
trusted_source_median,2022_primary_t1,left_cerebellum_white_matter,tigerbx_2022_t1,TIGERBx,kate_2022_t1,true,8.347251322976518,11.10205216148826,-24.813438078302568,24.813438078302568,75.18656192169743,2,2,weak
trusted_method_balanced_median,2022_primary_t1,left_cerebellum_white_matter,tigerbx_2022_t1,TIGERBx,kate_2022_t1,true,8.347251322976518,11.10205216148826,-24.813438078302568,24.813438078302568,75.18656192169743,2,2,weak
all_source_median,2022_primary_t1,left_cerebellum_cortex,tigerbx_2022_t1,TIGERBx,kate_2022_t1,true,44.1911482033703,47.464992101685155,-6.897386375417993,6.897386375417993,93.102613624582,2,2,weak
trusted_source_median,2022_primary_t1,left_cerebellum_cortex,tigerbx_2022_t1,TIGERBx,kate_2022_t1,true,44.1911482033703,47.464992101685155,-6.897386375417993,6.897386375417993,93.102613624582,2,2,weak
trusted_method_balanced_median,2022_primary_t1,left_cerebellum_cortex,tigerbx_2022_t1,TIGERBx,kate_2022_t1,true,44.1911482033703,47.464992101685155,-6.897386375417993,6.897386375417993,93.102613624582,2,2,weak
all_source_median,2022_primary_t1,left_thalamus,tigerbx_2022_t1,TIGERBx,kate_2022_t1,true,6.338703659668392,6.502770829834196,-2.52303478715684,2.52303478715684,97.47696521284315,2,2,weak
trusted_source_median,2022_primary_t1,left_thalamus,tigerbx_2022_t1,TIGERBx,kate_2022_t1,true,6.338703659668392,6.502770829834196,-2.52303478715684,2.52303478715684,97.47696521284315,2,2,weak
trusted_method_balanced_median,2022_primary_t1,left_thalamus,tigerbx_2022_t1,TIGERBx,kate_2022_t1,true,6.338703659668392,6.502770829834196,-2.52303478715684,2.52303478715684,97.47696521284315,2,2,weak
all_source_median,2022_primary_t1,left_caudate,tigerbx_2022_t1,TIGERBx,kate_2022_t1,true,2.833044080653746,3.101528540326873,-8.656520685920603,8.656520685920603,91.3434793140794,2,2,weak
trusted_source_median,2022_primary_t1,left_caudate,tigerbx_2022_t1,TIGERBx,kate_2022_t1,true,2.833044080653746,3.101528540326873,-8.656520685920603,8.656520685920603,91.3434793140794,2,2,weak
trusted_method_balanced_median,2022_primary_t1,left_caudate,tigerbx_2022_t1,TIGERBx,kate_2022_t1,true,2.833044080653746,3.101528540326873,-8.656520685920603,8.656520685920603,91.3434793140794,2,2,weak
all_source_median,2022_primary_t1,left_putamen,tigerbx_2022_t1,TIGERBx,kate_2022_t1,true,4.5998221178229315,4.558864058911466,0.8984268533167327,0.8984268533167327,99.10157314668326,2,2,weak
trusted_source_median,2022_primary_t1,left_putamen,tigerbx_2022_t1,TIGERBx,kate_2022_t1,true,4.5998221178229315,4.558864058911466,0.8984268533167327,0.8984268533167327,99.10157314668326,2,2,weak
trusted_method_balanced_median,2022_primary_t1,left_putamen,tigerbx_2022_t1,TIGERBx,kate_2022_t1,true,4.5998221178229315,4.558864058911466,0.8984268533167327,0.8984268533167327,99.10157314668326,2,2,weak
all_source_median,2022_primary_t1,left_pallidum,tigerbx_2022_t1,TIGERBx,kate_2022_t1,true,1.3576294390879002,1.17494671954395,15.548170525967139,15.548170525967139,84.45182947403286,2,2,weak
trusted_source_median,2022_primary_t1,left_pallidum,tigerbx_2022_t1,TIGERBx,kate_2022_t1,true,1.3576294390879002,1.17494671954395,15.548170525967139,15.548170525967139,84.45182947403286,2,2,weak
trusted_method_balanced_median,2022_primary_t1,left_pallidum,tigerbx_2022_t1,TIGERBx,kate_2022_t1,true,1.3576294390879002,1.17494671954395,15.548170525967139,15.548170525967139,84.45182947403286,2,2,weak
all_source_median,2022_primary_t1,third_ventricle,tigerbx_2022_t1,TIGERBx,kate_2022_t1,true,1.6985866041556377,1.188594302077819,42.90718045562605,42.90718045562605,57.09281954437395,2,2,weak
trusted_source_median,2022_primary_t1,third_ventricle,tigerbx_2022_t1,TIGERBx,kate_2022_t1,true,1.6985866041556377,1.188594302077819,42.90718045562605,42.90718045562605,57.09281954437395,2,2,weak
trusted_method_balanced_median,2022_primary_t1,third_ventricle,tigerbx_2022_t1,TIGERBx,kate_2022_t1,true,1.6985866041556377,1.188594302077819,42.90718045562605,42.90718045562605,57.09281954437395,2,2,weak
all_source_median,2022_primary_t1,fourth_ventricle,tigerbx_2022_t1,TIGERBx,kate_2022_t1,true,1.822571027816633,1.5897630139083163,14.644196139396595,14.644196139396595,85.3558038606034,2,2,weak
trusted_source_median,2022_primary_t1,fourth_ventricle,tigerbx_2022_t1,TIGERBx,kate_2022_t1,true,1.822571027816633,1.5897630139083163,14.644196139396595,14.644196139396595,85.3558038606034,2,2,weak
trusted_method_balanced_median,2022_primary_t1,fourth_ventricle,tigerbx_2022_t1,TIGERBx,kate_2022_t1,true,1.822571027816633,1.5897630139083163,14.644196139396595,14.644196139396595,85.3558038606034,2,2,weak
all_source_median,2022_primary_t1,brain_stem,tigerbx_2022_t1,TIGERBx,kate_2022_t1,true,17.754569468254548,18.908243734127275,-6.101435342672643,6.101435342672643,93.89856465732736,2,2,weak
trusted_source_median,2022_primary_t1,brain_stem,tigerbx_2022_t1,TIGERBx,kate_2022_t1,true,17.754569468254548,18.908243734127275,-6.101435342672643,6.101435342672643,93.89856465732736,2,2,weak
trusted_method_balanced_median,2022_primary_t1,brain_stem,tigerbx_2022_t1,TIGERBx,kate_2022_t1,true,17.754569468254548,18.908243734127275,-6.101435342672643,6.101435342672643,93.89856465732736,2,2,weak
all_source_median,2022_primary_t1,left_hippocampus,tigerbx_2022_t1,TIGERBx,kate_2022_t1,true,4.19997235151622,3.99428617575811,5.149510243067933,5.149510243067933,94.85048975693206,2,2,weak
trusted_source_median,2022_primary_t1,left_hippocampus,tigerbx_2022_t1,TIGERBx,kate_2022_t1,true,4.19997235151622,3.99428617575811,5.149510243067933,5.149510243067933,94.85048975693206,2,2,weak
trusted_method_balanced_median,2022_primary_t1,left_hippocampus,tigerbx_2022_t1,TIGERBx,kate_2022_t1,true,4.19997235151622,3.99428617575811,5.149510243067933,5.149510243067933,94.85048975693206,2,2,weak
all_source_median,2022_primary_t1,left_amygdala,tigerbx_2022_t1,TIGERBx,kate_2022_t1,true,1.3700278814539997,1.543093440727,-11.21549445453308,11.21549445453308,88.78450554546691,2,2,weak
trusted_source_median,2022_primary_t1,left_amygdala,tigerbx_2022_t1,TIGERBx,kate_2022_t1,true,1.3700278814539997,1.543093440727,-11.21549445453308,11.21549445453308,88.78450554546691,2,2,weak
trusted_method_balanced_median,2022_primary_t1,left_amygdala,tigerbx_2022_t1,TIGERBx,kate_2022_t1,true,1.3700278814539997,1.543093440727,-11.21549445453308,11.21549445453308,88.78450554546691,2,2,weak
all_source_median,2022_primary_t1,csf,tigerbx_2022_t1,TIGERBx,kate_2022_t1,true,0.9174847350913663,106.37412736754568,-99.13749258602962,99.13749258602962,0.862507413970377,2,2,weak
trusted_source_median,2022_primary_t1,csf,tigerbx_2022_t1,TIGERBx,kate_2022_t1,true,0.9174847350913663,106.37412736754568,-99.13749258602962,99.13749258602962,0.862507413970377,2,2,weak
trusted_method_balanced_median,2022_primary_t1,csf,tigerbx_2022_t1,TIGERBx,kate_2022_t1,true,0.9174847350913663,106.37412736754568,-99.13749258602962,99.13749258602962,0.862507413970377,2,2,weak
all_source_median,2022_primary_t1,left_accumbens_area,tigerbx_2022_t1,TIGERBx,kate_2022_t1,true,0.46184197813720806,0.5540319890686041,-16.639835379610258,16.639835379610258,83.36016462038974,2,2,weak
trusted_source_median,2022_primary_t1,left_accumbens_area,tigerbx_2022_t1,TIGERBx,kate_2022_t1,true,0.46184197813720806,0.5540319890686041,-16.639835379610258,16.639835379610258,83.36016462038974,2,2,weak
trusted_method_balanced_median,2022_primary_t1,left_accumbens_area,tigerbx_2022_t1,TIGERBx,kate_2022_t1,true,0.46184197813720806,0.5540319890686041,-16.639835379610258,16.639835379610258,83.36016462038974,2,2,weak
all_source_median,2022_primary_t1,right_cerebral_white_matter,tigerbx_2022_t1,TIGERBx,kate_2022_t1,true,189.38310753157901,199.1079537657895,-4.884207813038851,4.884207813038851,95.11579218696114,2,2,weak
trusted_source_median,2022_primary_t1,right_cerebral_white_matter,tigerbx_2022_t1,TIGERBx,kate_2022_t1,true,189.38310753157901,199.1079537657895,-4.884207813038851,4.884207813038851,95.11579218696114,2,2,weak
trusted_method_balanced_median,2022_primary_t1,right_cerebral_white_matter,tigerbx_2022_t1,TIGERBx,kate_2022_t1,true,189.38310753157901,199.1079537657895,-4.884207813038851,4.884207813038851,95.11579218696114,2,2,weak
all_source_median,2022_primary_t1,right_cerebral_cortex,tigerbx_2022_t1,TIGERBx,kate_2022_t1,true,280.3783756669751,265.70217783348755,5.523551953226725,5.523551953226725,94.47644804677327,2,2,weak
trusted_source_median,2022_primary_t1,right_cerebral_cortex,tigerbx_2022_t1,TIGERBx,kate_2022_t1,true,280.3783756669751,265.70217783348755,5.523551953226725,5.523551953226725,94.47644804677327,2,2,weak
trusted_method_balanced_median,2022_primary_t1,right_cerebral_cortex,tigerbx_2022_t1,TIGERBx,kate_2022_t1,true,280.3783756669751,265.70217783348755,5.523551953226725,5.523551953226725,94.47644804677327,2,2,weak
all_source_median,2022_primary_t1,right_lateral_ventricle,tigerbx_2022_t1,TIGERBx,kate_2022_t1,true,7.029916821578442,6.103902410789221,15.170858714130214,15.170858714130214,84.82914128586978,2,2,weak
trusted_source_median,2022_primary_t1,right_lateral_ventricle,tigerbx_2022_t1,TIGERBx,kate_2022_t1,true,7.029916821578442,6.103902410789221,15.170858714130214,15.170858714130214,84.82914128586978,2,2,weak
trusted_method_balanced_median,2022_primary_t1,right_lateral_ventricle,tigerbx_2022_t1,TIGERBx,kate_2022_t1,true,7.029916821578442,6.103902410789221,15.170858714130214,15.170858714130214,84.82914128586978,2,2,weak
all_source_median,2022_primary_t1,right_inferior_lateral_ventricle,tigerbx_2022_t1,TIGERBx,kate_2022_t1,true,0.4959376946439818,0.4022643473219909,23.286514936162224,23.286514936162224,76.71348506383778,2,2,weak
trusted_source_median,2022_primary_t1,right_inferior_lateral_ventricle,tigerbx_2022_t1,TIGERBx,kate_2022_t1,true,0.4959376946439818,0.4022643473219909,23.286514936162224,23.286514936162224,76.71348506383778,2,2,weak
trusted_method_balanced_median,2022_primary_t1,right_inferior_lateral_ventricle,tigerbx_2022_t1,TIGERBx,kate_2022_t1,true,0.4959376946439818,0.4022643473219909,23.286514936162224,23.286514936162224,76.71348506383778,2,2,weak
all_source_median,2022_primary_t1,right_cerebellum_white_matter,tigerbx_2022_t1,TIGERBx,kate_2022_t1,true,10.476683799354117,11.560558899677059,-9.375628892416435,9.375628892416435,90.62437110758357,2,2,weak
trusted_source_median,2022_primary_t1,right_cerebellum_white_matter,tigerbx_2022_t1,TIGERBx,kate_2022_t1,true,10.476683799354117,11.560558899677059,-9.375628892416435,9.375628892416435,90.62437110758357,2,2,weak
trusted_method_balanced_median,2022_primary_t1,right_cerebellum_white_matter,tigerbx_2022_t1,TIGERBx,kate_2022_t1,true,10.476683799354117,11.560558899677059,-9.375628892416435,9.375628892416435,90.62437110758357,2,2,weak
all_source_median,2022_primary_t1,right_cerebellum_cortex,tigerbx_2022_t1,TIGERBx,kate_2022_t1,true,51.39464321807414,50.76822160903707,1.2338852715013353,1.2338852715013353,98.76611472849866,2,2,weak
trusted_source_median,2022_primary_t1,right_cerebellum_cortex,tigerbx_2022_t1,TIGERBx,kate_2022_t1,true,51.39464321807414,50.76822160903707,1.2338852715013353,1.2338852715013353,98.76611472849866,2,2,weak
trusted_method_balanced_median,2022_primary_t1,right_cerebellum_cortex,tigerbx_2022_t1,TIGERBx,kate_2022_t1,true,51.39464321807414,50.76822160903707,1.2338852715013353,1.2338852715013353,98.76611472849866,2,2,weak
all_source_median,2022_primary_t1,right_thalamus,tigerbx_2022_t1,TIGERBx,kate_2022_t1,true,6.664162771778505,6.719827885889252,-0.8283711287849542,0.8283711287849542,99.17162887121505,2,2,weak
trusted_source_median,2022_primary_t1,right_thalamus,tigerbx_2022_t1,TIGERBx,kate_2022_t1,true,6.664162771778505,6.719827885889252,-0.8283711287849542,0.8283711287849542,99.17162887121505,2,2,weak
trusted_method_balanced_median,2022_primary_t1,right_thalamus,tigerbx_2022_t1,TIGERBx,kate_2022_t1,true,6.664162771778505,6.719827885889252,-0.8283711287849542,0.8283711287849542,99.17162887121505,2,2,weak
all_source_median,2022_primary_t1,right_caudate,tigerbx_2022_t1,TIGERBx,kate_2022_t1,true,2.8547413547944203,3.27270417739721,-12.771176371192722,12.771176371192722,87.22882362880728,2,2,weak
trusted_source_median,2022_primary_t1,right_caudate,tigerbx_2022_t1,TIGERBx,kate_2022_t1,true,2.8547413547944203,3.27270417739721,-12.771176371192722,12.771176371192722,87.22882362880728,2,2,weak
trusted_method_balanced_median,2022_primary_t1,right_caudate,tigerbx_2022_t1,TIGERBx,kate_2022_t1,true,2.8547413547944203,3.27270417739721,-12.771176371192722,12.771176371192722,87.22882362880728,2,2,weak
all_source_median,2022_primary_t1,right_putamen,tigerbx_2022_t1,TIGERBx,kate_2022_t1,true,3.514958410789221,4.04621220539461,-13.129657260612671,13.129657260612671,86.87034273938733,2,2,weak
trusted_source_median,2022_primary_t1,right_putamen,tigerbx_2022_t1,TIGERBx,kate_2022_t1,true,3.514958410789221,4.04621220539461,-13.129657260612671,13.129657260612671,86.87034273938733,2,2,weak
trusted_method_balanced_median,2022_primary_t1,right_putamen,tigerbx_2022_t1,TIGERBx,kate_2022_t1,true,3.514958410789221,4.04621220539461,-13.129657260612671,13.129657260612671,86.87034273938733,2,2,weak
all_source_median,2022_primary_t1,right_pallidum,tigerbx_2022_t1,TIGERBx,kate_2022_t1,true,1.4599165886082215,1.3733487943041107,6.303409204067166,6.303409204067166,93.69659079593283,2,2,weak
trusted_source_median,2022_primary_t1,right_pallidum,tigerbx_2022_t1,TIGERBx,kate_2022_t1,true,1.4599165886082215,1.3733487943041107,6.303409204067166,6.303409204067166,93.69659079593283,2,2,weak
trusted_method_balanced_median,2022_primary_t1,right_pallidum,tigerbx_2022_t1,TIGERBx,kate_2022_t1,true,1.4599165886082215,1.3733487943041107,6.303409204067166,6.303409204067166,93.69659079593283,2,2,weak
all_source_median,2022_primary_t1,right_hippocampus,tigerbx_2022_t1,TIGERBx,kate_2022_t1,true,3.93960506182813,3.758991530914065,4.804840059592937,4.804840059592937,95.19515994040707,2,2,weak
trusted_source_median,2022_primary_t1,right_hippocampus,tigerbx_2022_t1,TIGERBx,kate_2022_t1,true,3.93960506182813,3.758991530914065,4.804840059592937,4.804840059592937,95.19515994040707,2,2,weak
trusted_method_balanced_median,2022_primary_t1,right_hippocampus,tigerbx_2022_t1,TIGERBx,kate_2022_t1,true,3.93960506182813,3.758991530914065,4.804840059592937,4.804840059592937,95.19515994040707,2,2,weak
all_source_median,2022_primary_t1,right_amygdala,tigerbx_2022_t1,TIGERBx,kate_2022_t1,true,1.3452309967218008,1.4568279983609003,-7.66027298793399,7.66027298793399,92.339727012066,2,2,weak
trusted_source_median,2022_primary_t1,right_amygdala,tigerbx_2022_t1,TIGERBx,kate_2022_t1,true,1.3452309967218008,1.4568279983609003,-7.66027298793399,7.66027298793399,92.339727012066,2,2,weak
trusted_method_balanced_median,2022_primary_t1,right_amygdala,tigerbx_2022_t1,TIGERBx,kate_2022_t1,true,1.3452309967218008,1.4568279983609003,-7.66027298793399,7.66027298793399,92.339727012066,2,2,weak
all_source_median,2022_primary_t1,right_accumbens_area,tigerbx_2022_t1,TIGERBx,kate_2022_t1,true,0.3781524921660361,0.571245246083018,-33.80207629577719,33.80207629577719,66.1979237042228,2,2,weak
trusted_source_median,2022_primary_t1,right_accumbens_area,tigerbx_2022_t1,TIGERBx,kate_2022_t1,true,0.3781524921660361,0.571245246083018,-33.80207629577719,33.80207629577719,66.1979237042228,2,2,weak
trusted_method_balanced_median,2022_primary_t1,right_accumbens_area,tigerbx_2022_t1,TIGERBx,kate_2022_t1,true,0.3781524921660361,0.571245246083018,-33.80207629577719,33.80207629577719,66.1979237042228,2,2,weak
all_source_median,2024_t1like,total_intracranial,synthseg_2024_3di,SynthSeg,2024_phi_3di,false,917.13425,1307.1279,-29.83592118261725,29.83592118261725,70.16407881738274,3,1,weak
trusted_source_median,2024_t1like,total_intracranial,synthseg_2024_3di,SynthSeg,2024_phi_3di,false,917.13425,1310.7148499999998,-30.02793475636596,30.02793475636596,69.97206524363403,2,1,weak
trusted_leave_one_source_out,2024_t1like,total_intracranial,synthseg_2024_3di,SynthSeg,2024_phi_3di,false,917.13425,1310.7148499999998,-30.02793475636596,30.02793475636596,69.97206524363403,2,1,weak
all_source_median,2024_t1like,left_cerebral_white_matter,synthseg_2024_3di,SynthSeg,2024_phi_3di,false,128.60539,183.93287407674603,-30.080258547833395,30.080258547833395,69.9197414521666,6,2,moderate
trusted_source_median,2024_t1like,left_cerebral_white_matter,synthseg_2024_3di,SynthSeg,2024_phi_3di,false,128.60539,193.09451718916978,-33.39769980418005,33.39769980418005,66.60230019581995,4,2,moderate
trusted_method_balanced_median,2024_t1like,left_cerebral_white_matter,synthseg_2024_3di,SynthSeg,2024_phi_3di,false,128.60539,193.62163953837302,-33.579020244525786,33.579020244525786,66.4209797554742,4,2,moderate
trusted_leave_one_source_out,2024_t1like,left_cerebral_white_matter,synthseg_2024_3di,SynthSeg,2024_phi_3di,false,128.60539,193.09451718916978,-33.39769980418005,33.39769980418005,66.60230019581995,4,2,moderate
trusted_leave_one_method_out,2024_t1like,left_cerebral_white_matter,synthseg_2024_3di,SynthSeg,2024_phi_3di,false,128.60539,183.93287407674603,-30.080258547833395,30.080258547833395,69.9197414521666,2,1,weak
all_source_median,2024_t1like,left_cerebral_cortex,synthseg_2024_3di,SynthSeg,2024_phi_3di,false,160.30231,244.95529,-34.55854331621088,34.55854331621088,65.44145668378911,6,2,moderate
trusted_source_median,2024_t1like,left_cerebral_cortex,synthseg_2024_3di,SynthSeg,2024_phi_3di,false,160.30231,247.36589467999107,-35.196276670485354,35.196276670485354,64.80372332951464,4,2,moderate
trusted_method_balanced_median,2024_t1like,left_cerebral_cortex,synthseg_2024_3di,SynthSeg,2024_phi_3di,false,160.30231,249.67368765337577,-35.795272819237105,35.795272819237105,64.20472718076289,4,2,moderate
trusted_leave_one_source_out,2024_t1like,left_cerebral_cortex,synthseg_2024_3di,SynthSeg,2024_phi_3di,false,160.30231,247.36589467999107,-35.196276670485354,35.196276670485354,64.80372332951464,4,2,moderate
trusted_leave_one_method_out,2024_t1like,left_cerebral_cortex,synthseg_2024_3di,SynthSeg,2024_phi_3di,false,160.30231,254.39208530675154,-36.986125253580916,36.986125253580916,63.013874746419084,2,1,weak
all_source_median,2024_t1like,left_lateral_ventricle,synthseg_2024_3di,SynthSeg,2024_phi_3di,false,4.282012,5.406187057663709,-20.79423160303157,20.79423160303157,79.20576839696844,6,2,moderate
trusted_source_median,2024_t1like,left_lateral_ventricle,synthseg_2024_3di,SynthSeg,2024_phi_3di,false,4.282012,5.623397352039613,-23.853646969355477,23.853646969355477,76.14635303064452,4,2,moderate
trusted_method_balanced_median,2024_t1like,left_lateral_ventricle,synthseg_2024_3di,SynthSeg,2024_phi_3di,false,4.282012,5.604260293735547,-23.59362742686236,23.59362742686236,76.40637257313765,4,2,moderate
trusted_leave_one_source_out,2024_t1like,left_lateral_ventricle,synthseg_2024_3di,SynthSeg,2024_phi_3di,false,4.282012,5.623397352039613,-23.853646969355477,23.853646969355477,76.14635303064452,4,2,moderate
trusted_leave_one_method_out,2024_t1like,left_lateral_ventricle,synthseg_2024_3di,SynthSeg,2024_phi_3di,false,4.282012,6.386625087471094,-32.953446595758386,32.953446595758386,67.04655340424162,2,1,weak
all_source_median,2024_t1like,left_inferior_lateral_ventricle,synthseg_2024_3di,SynthSeg,2024_phi_3di,false,0.290244,0.2718758356252686,6.756085671419711,6.756085671419711,93.24391432858029,6,2,moderate
trusted_source_median,2024_t1like,left_inferior_lateral_ventricle,synthseg_2024_3di,SynthSeg,2024_phi_3di,false,0.290244,0.2381393356252686,21.879906668053483,21.879906668053483,78.12009333194652,4,2,moderate
trusted_method_balanced_median,2024_t1like,left_inferior_lateral_ventricle,synthseg_2024_3di,SynthSeg,2024_phi_3di,false,0.290244,0.2546801636539844,13.964117124698273,13.964117124698273,86.03588287530172,4,2,moderate
trusted_leave_one_source_out,2024_t1like,left_inferior_lateral_ventricle,synthseg_2024_3di,SynthSeg,2024_phi_3di,false,0.290244,0.2381393356252686,21.879906668053483,21.879906668053483,78.12009333194652,4,2,moderate
trusted_leave_one_method_out,2024_t1like,left_inferior_lateral_ventricle,synthseg_2024_3di,SynthSeg,2024_phi_3di,false,0.290244,0.30131632730796876,-3.674652285487329,3.674652285487329,96.32534771451267,2,1,weak
all_source_median,2024_t1like,left_cerebellum_white_matter,synthseg_2024_3di,SynthSeg,2024_phi_3di,false,12.564103999999999,11.646874581613934,7.8753266548781,7.8753266548781,92.1246733451219,6,2,moderate
trusted_source_median,2024_t1like,left_cerebellum_white_matter,synthseg_2024_3di,SynthSeg,2024_phi_3di,false,12.564103999999999,11.368271807274734,10.519032382389316,10.519032382389316,89.48096761761069,4,2,moderate
trusted_method_balanced_median,2024_t1like,left_cerebellum_white_matter,synthseg_2024_3di,SynthSeg,2024_phi_3di,false,12.564103999999999,11.492001660115843,9.329117516620238,9.329117516620238,90.67088248337976,4,2,moderate
trusted_leave_one_source_out,2024_t1like,left_cerebellum_white_matter,synthseg_2024_3di,SynthSeg,2024_phi_3di,false,12.564103999999999,11.368271807274734,10.519032382389316,10.519032382389316,89.48096761761069,4,2,moderate
trusted_leave_one_method_out,2024_t1like,left_cerebellum_white_matter,synthseg_2024_3di,SynthSeg,2024_phi_3di,false,12.564103999999999,9.968653820231687,26.036115072034764,26.036115072034764,73.96388492796524,2,1,weak
all_source_median,2024_t1like,left_cerebellum_cortex,synthseg_2024_3di,SynthSeg,2024_phi_3di,false,49.949777000000005,48.89087840565227,2.165840804826513,2.165840804826513,97.83415919517348,6,2,moderate
trusted_source_median,2024_t1like,left_cerebellum_cortex,synthseg_2024_3di,SynthSeg,2024_phi_3di,false,49.949777000000005,48.89087840565227,2.165840804826513,2.165840804826513,97.83415919517348,4,2,moderate
trusted_method_balanced_median,2024_t1like,left_cerebellum_cortex,synthseg_2024_3di,SynthSeg,2024_phi_3di,false,49.949777000000005,48.65517197125434,2.6607757742805265,2.6607757742805265,97.33922422571948,4,2,moderate
trusted_leave_one_source_out,2024_t1like,left_cerebellum_cortex,synthseg_2024_3di,SynthSeg,2024_phi_3di,false,49.949777000000005,48.89087840565227,2.165840804826513,2.165840804826513,97.83415919517348,4,2,moderate
trusted_leave_one_method_out,2024_t1like,left_cerebellum_cortex,synthseg_2024_3di,SynthSeg,2024_phi_3di,false,49.949777000000005,46.83735044250868,6.645180669029789,6.645180669029789,93.35481933097022,2,1,weak
all_source_median,2024_t1like,left_thalamus,synthseg_2024_3di,SynthSeg,2024_phi_3di,false,7.1211400000000005,6.5120130970054575,9.35389554536752,9.35389554536752,90.64610445463248,6,2,moderate
trusted_source_median,2024_t1like,left_thalamus,synthseg_2024_3di,SynthSeg,2024_phi_3di,false,7.1211400000000005,6.5120130970054575,9.35389554536752,9.35389554536752,90.64610445463248,4,2,moderate
trusted_method_balanced_median,2024_t1like,left_thalamus,synthseg_2024_3di,SynthSeg,2024_phi_3di,false,7.1211400000000005,6.725002189154715,5.890523150819632,5.890523150819632,94.10947684918037,4,2,moderate
trusted_leave_one_source_out,2024_t1like,left_thalamus,synthseg_2024_3di,SynthSeg,2024_phi_3di,false,7.1211400000000005,6.5120130970054575,9.35389554536752,9.35389554536752,90.64610445463248,4,2,moderate
trusted_leave_one_method_out,2024_t1like,left_thalamus,synthseg_2024_3di,SynthSeg,2024_phi_3di,false,7.1211400000000005,6.420533878309429,10.911960515580153,10.911960515580153,89.08803948441985,2,1,weak
all_source_median,2024_t1like,left_caudate,synthseg_2024_3di,SynthSeg,2024_phi_3di,false,4.3714129999999995,3.287454681937226,32.97257066442723,32.97257066442723,67.02742933557278,6,2,moderate
trusted_source_median,2024_t1like,left_caudate,synthseg_2024_3di,SynthSeg,2024_phi_3di,false,4.3714129999999995,3.287454681937226,32.97257066442723,32.97257066442723,67.02742933557278,4,2,moderate
trusted_method_balanced_median,2024_t1like,left_caudate,synthseg_2024_3di,SynthSeg,2024_phi_3di,false,4.3714129999999995,3.321708867627617,31.601328539128932,31.601328539128932,68.39867146087107,4,2,moderate
trusted_leave_one_source_out,2024_t1like,left_caudate,synthseg_2024_3di,SynthSeg,2024_phi_3di,false,4.3714129999999995,3.287454681937226,32.97257066442723,32.97257066442723,67.02742933557278,4,2,moderate
trusted_leave_one_method_out,2024_t1like,left_caudate,synthseg_2024_3di,SynthSeg,2024_phi_3di,false,4.3714129999999995,3.0446317352552343,43.57772565336346,43.57772565336346,56.42227434663654,2,1,weak
all_source_median,2024_t1like,left_putamen,synthseg_2024_3di,SynthSeg,2024_phi_3di,false,5.339073999999999,4.907912685748109,8.785024140790497,8.785024140790497,91.2149758592095,6,2,moderate
trusted_source_median,2024_t1like,left_putamen,synthseg_2024_3di,SynthSeg,2024_phi_3di,false,5.339073999999999,4.907912685748109,8.785024140790497,8.785024140790497,91.2149758592095,4,2,moderate
trusted_method_balanced_median,2024_t1like,left_putamen,synthseg_2024_3di,SynthSeg,2024_phi_3di,false,5.339073999999999,4.912801537498348,8.676769440979978,8.676769440979978,91.32323055902002,4,2,moderate
trusted_leave_one_source_out,2024_t1like,left_putamen,synthseg_2024_3di,SynthSeg,2024_phi_3di,false,5.339073999999999,4.907912685748109,8.785024140790497,8.785024140790497,91.2149758592095,4,2,moderate
trusted_leave_one_method_out,2024_t1like,left_putamen,synthseg_2024_3di,SynthSeg,2024_phi_3di,false,5.339073999999999,4.771025574996695,11.906212114649946,11.906212114649946,88.09378788535005,2,1,weak
all_source_median,2024_t1like,left_pallidum,synthseg_2024_3di,SynthSeg,2024_phi_3di,false,1.268248,1.3852020892137231,-8.443106614148212,8.443106614148212,91.5568933858518,6,2,moderate
trusted_source_median,2024_t1like,left_pallidum,synthseg_2024_3di,SynthSeg,2024_phi_3di,false,1.268248,1.332445589213723,-4.818027072430478,4.818027072430478,95.18197292756952,4,2,moderate
trusted_method_balanced_median,2024_t1like,left_pallidum,synthseg_2024_3di,SynthSeg,2024_phi_3di,false,1.268248,1.3720793966655491,-7.5674481314916555,7.5674481314916555,92.43255186850834,4,2,moderate
trusted_leave_one_source_out,2024_t1like,left_pallidum,synthseg_2024_3di,SynthSeg,2024_phi_3di,false,1.268248,1.332445589213723,-4.818027072430478,4.818027072430478,95.18197292756952,4,2,moderate
trusted_leave_one_method_out,2024_t1like,left_pallidum,synthseg_2024_3di,SynthSeg,2024_phi_3di,false,1.268248,1.6048727933310984,-20.975169791020935,20.975169791020935,79.02483020897907,2,1,weak
all_source_median,2024_t1like,third_ventricle,synthseg_2024_3di,SynthSeg,2024_phi_3di,false,0.6377269999999999,0.6984497706375525,-8.693935224880123,8.693935224880123,91.30606477511988,6,2,moderate
trusted_source_median,2024_t1like,third_ventricle,synthseg_2024_3di,SynthSeg,2024_phi_3di,false,0.6377269999999999,0.6984497706375525,-8.693935224880123,8.693935224880123,91.30606477511988,4,2,moderate
trusted_method_balanced_median,2024_t1like,third_ventricle,synthseg_2024_3di,SynthSeg,2024_phi_3di,false,0.6377269999999999,0.9342134891972123,-31.73648128887423,31.73648128887423,68.26351871112577,4,2,moderate
trusted_leave_one_source_out,2024_t1like,third_ventricle,synthseg_2024_3di,SynthSeg,2024_phi_3di,false,0.6377269999999999,0.6984497706375525,-8.693935224880123,8.693935224880123,91.30606477511988,4,2,moderate
trusted_leave_one_method_out,2024_t1like,third_ventricle,synthseg_2024_3di,SynthSeg,2024_phi_3di,false,0.6377269999999999,1.2453309783944244,-48.7905616206379,48.7905616206379,51.2094383793621,2,1,weak
all_source_median,2024_t1like,fourth_ventricle,synthseg_2024_3di,SynthSeg,2024_phi_3di,false,1.202957,1.5401296131386268,-21.892482961320603,21.892482961320603,78.10751703867939,6,2,moderate
trusted_source_median,2024_t1like,fourth_ventricle,synthseg_2024_3di,SynthSeg,2024_phi_3di,false,1.202957,1.5401296131386268,-21.892482961320603,21.892482961320603,78.10751703867939,4,2,moderate
trusted_method_balanced_median,2024_t1like,fourth_ventricle,synthseg_2024_3di,SynthSeg,2024_phi_3di,false,1.202957,1.5546779100099968,-22.623394064159253,22.623394064159253,77.37660593584074,4,2,moderate
trusted_leave_one_source_out,2024_t1like,fourth_ventricle,synthseg_2024_3di,SynthSeg,2024_phi_3di,false,1.202957,1.5401296131386268,-21.892482961320603,21.892482961320603,78.10751703867939,4,2,moderate
trusted_leave_one_method_out,2024_t1like,fourth_ventricle,synthseg_2024_3di,SynthSeg,2024_phi_3di,false,1.202957,1.7707213200199936,-32.064013326138905,32.064013326138905,67.9359866738611,2,1,weak
all_source_median,2024_t1like,brain_stem,synthseg_2024_3di,SynthSeg,2024_phi_3di,false,20.145428,18.583624379553953,8.404192791177866,8.404192791177866,91.59580720882214,6,2,moderate
trusted_source_median,2024_t1like,brain_stem,synthseg_2024_3di,SynthSeg,2024_phi_3di,false,20.145428,18.462650848361967,9.114493717392321,9.114493717392321,90.88550628260768,4,2,moderate
trusted_method_balanced_median,2024_t1like,brain_stem,synthseg_2024_3di,SynthSeg,2024_phi_3di,false,20.145428,18.499015867933974,8.899998485432413,8.899998485432413,91.1000015145676,4,2,moderate
trusted_leave_one_source_out,2024_t1like,brain_stem,synthseg_2024_3di,SynthSeg,2024_phi_3di,false,20.145428,18.462650848361967,9.114493717392321,9.114493717392321,90.88550628260768,4,2,moderate
trusted_leave_one_method_out,2024_t1like,brain_stem,synthseg_2024_3di,SynthSeg,2024_phi_3di,false,20.145428,16.816808235867946,19.79340976864185,19.79340976864185,80.20659023135815,2,1,weak
all_source_median,2024_t1like,left_hippocampus,synthseg_2024_3di,SynthSeg,2024_phi_3di,false,3.585194,3.9114385703107897,-8.340782155882545,8.340782155882545,91.65921784411745,6,2,moderate
trusted_source_median,2024_t1like,left_hippocampus,synthseg_2024_3di,SynthSeg,2024_phi_3di,false,3.585194,3.9114385703107897,-8.340782155882545,8.340782155882545,91.65921784411745,4,2,moderate
trusted_method_balanced_median,2024_t1like,left_hippocampus,synthseg_2024_3di,SynthSeg,2024_phi_3di,false,3.585194,3.8924247995573253,-7.893043934779828,7.893043934779828,92.10695606522017,4,2,moderate
trusted_leave_one_source_out,2024_t1like,left_hippocampus,synthseg_2024_3di,SynthSeg,2024_phi_3di,false,3.585194,3.9114385703107897,-8.340782155882545,8.340782155882545,91.65921784411745,4,2,moderate
trusted_leave_one_method_out,2024_t1like,left_hippocampus,synthseg_2024_3di,SynthSeg,2024_phi_3di,false,3.585194,3.994399599114651,-10.244483281175732,10.244483281175732,89.75551671882427,2,1,weak
all_source_median,2024_t1like,left_amygdala,synthseg_2024_3di,SynthSeg,2024_phi_3di,false,1.611121,1.507377177701961,6.882406330192654,6.882406330192654,93.11759366980735,6,2,moderate
trusted_source_median,2024_t1like,left_amygdala,synthseg_2024_3di,SynthSeg,2024_phi_3di,false,1.611121,1.482798795862354,8.654053705446756,8.654053705446756,91.34594629455324,4,2,moderate
trusted_method_balanced_median,2024_t1like,left_amygdala,synthseg_2024_3di,SynthSeg,2024_phi_3di,false,1.611121,1.498971881077701,7.48173600439177,7.48173600439177,92.51826399560824,4,2,moderate
trusted_leave_one_source_out,2024_t1like,left_amygdala,synthseg_2024_3di,SynthSeg,2024_phi_3di,false,1.611121,1.482798795862354,8.654053705446756,8.654053705446756,91.34594629455324,4,2,moderate
trusted_leave_one_method_out,2024_t1like,left_amygdala,synthseg_2024_3di,SynthSeg,2024_phi_3di,false,1.611121,1.417737262155402,13.640308610538632,13.640308610538632,86.35969138946137,2,1,weak
all_source_median,2024_t1like,csf,synthseg_2024_3di,SynthSeg,2024_phi_3di,false,102.26195,51.75802184512338,97.57700614216012,97.57700614216012,2.4229938578398844,6,2,moderate
trusted_source_median,2024_t1like,csf,synthseg_2024_3di,SynthSeg,2024_phi_3di,false,102.26195,98.8891618451234,3.4106752367452966,3.4106752367452966,96.58932476325471,4,2,moderate
trusted_method_balanced_median,2024_t1like,csf,synthseg_2024_3di,SynthSeg,2024_phi_3di,false,102.26195,103.02836992102924,-0.7438921159450517,0.7438921159450517,99.25610788405494,4,2,moderate
trusted_leave_one_source_out,2024_t1like,csf,synthseg_2024_3di,SynthSeg,2024_phi_3di,false,102.26195,98.8891618451234,3.4106752367452966,3.4106752367452966,96.58932476325471,4,2,moderate
trusted_leave_one_method_out,2024_t1like,csf,synthseg_2024_3di,SynthSeg,2024_phi_3di,false,102.26195,1.1531948420584606,8767.707890321615,8767.707890321615,0.0,2,1,weak
all_source_median,2024_t1like,left_accumbens_area,synthseg_2024_3di,SynthSeg,2024_phi_3di,false,0.763522,0.6427775527482953,18.784795258552993,18.784795258552993,81.21520474144701,6,2,moderate
trusted_source_median,2024_t1like,left_accumbens_area,synthseg_2024_3di,SynthSeg,2024_phi_3di,false,0.763522,0.6427775527482953,18.784795258552993,18.784795258552993,81.21520474144701,4,2,moderate
trusted_method_balanced_median,2024_t1like,left_accumbens_area,synthseg_2024_3di,SynthSeg,2024_phi_3di,false,0.763522,0.642968269588982,18.749561387855437,18.749561387855437,81.25043861214456,4,2,moderate
trusted_leave_one_source_out,2024_t1like,left_accumbens_area,synthseg_2024_3di,SynthSeg,2024_phi_3di,false,0.763522,0.6427775527482953,18.784795258552993,18.784795258552993,81.21520474144701,4,2,moderate
trusted_leave_one_method_out,2024_t1like,left_accumbens_area,synthseg_2024_3di,SynthSeg,2024_phi_3di,false,0.763522,0.593326539177964,28.684956694813746,28.684956694813746,71.31504330518625,2,1,weak
all_source_median,2024_t1like,right_cerebral_white_matter,synthseg_2024_3di,SynthSeg,2024_phi_3di,false,145.63730999999999,190.60175363504274,-23.59078170977326,23.59078170977326,76.40921829022673,6,2,moderate
trusted_source_median,2024_t1like,right_cerebral_white_matter,synthseg_2024_3di,SynthSeg,2024_phi_3di,false,145.63730999999999,194.5192581508988,-25.129618843692334,25.129618843692334,74.87038115630767,4,2,moderate
trusted_method_balanced_median,2024_t1like,right_cerebral_white_matter,synthseg_2024_3di,SynthSeg,2024_phi_3di,false,145.63730999999999,195.65082681752136,-25.562640153914472,25.562640153914472,74.43735984608553,4,2,moderate
trusted_leave_one_source_out,2024_t1like,right_cerebral_white_matter,synthseg_2024_3di,SynthSeg,2024_phi_3di,false,145.63730999999999,194.5192581508988,-25.129618843692334,25.129618843692334,74.87038115630767,4,2,moderate
trusted_leave_one_method_out,2024_t1like,right_cerebral_white_matter,synthseg_2024_3di,SynthSeg,2024_phi_3di,false,145.63730999999999,190.60175363504274,-23.59078170977326,23.59078170977326,76.40921829022673,2,1,weak
all_source_median,2024_t1like,right_cerebral_cortex,synthseg_2024_3di,SynthSeg,2024_phi_3di,false,170.26760000000002,246.65231,-30.968576779191725,30.968576779191725,69.03142322080828,6,2,moderate
trusted_source_median,2024_t1like,right_cerebral_cortex,synthseg_2024_3di,SynthSeg,2024_phi_3di,false,170.26760000000002,251.32404158167452,-32.251765916048676,32.251765916048676,67.74823408395133,4,2,moderate
trusted_method_balanced_median,2024_t1like,right_cerebral_cortex,synthseg_2024_3di,SynthSeg,2024_phi_3di,false,170.26760000000002,253.92616949245905,-32.946021144521495,32.946021144521495,67.0539788554785,4,2,moderate
trusted_leave_one_source_out,2024_t1like,right_cerebral_cortex,synthseg_2024_3di,SynthSeg,2024_phi_3di,false,170.26760000000002,251.32404158167452,-32.251765916048676,32.251765916048676,67.74823408395133,4,2,moderate
trusted_leave_one_method_out,2024_t1like,right_cerebral_cortex,synthseg_2024_3di,SynthSeg,2024_phi_3di,false,170.26760000000002,261.2000289849181,-34.81333035769632,34.81333035769632,65.18666964230368,2,1,weak
all_source_median,2024_t1like,right_lateral_ventricle,synthseg_2024_3di,SynthSeg,2024_phi_3di,false,4.4043280000000005,5.115146748437133,-13.896351041234817,13.896351041234817,86.10364895876518,6,2,moderate
trusted_source_median,2024_t1like,right_lateral_ventricle,synthseg_2024_3di,SynthSeg,2024_phi_3di,false,4.4043280000000005,5.115146748437133,-13.896351041234817,13.896351041234817,86.10364895876518,4,2,moderate
trusted_method_balanced_median,2024_t1like,right_lateral_ventricle,synthseg_2024_3di,SynthSeg,2024_phi_3di,false,4.4043280000000005,5.1052407495029755,-13.72927906624605,13.72927906624605,86.27072093375395,4,2,moderate
trusted_leave_one_source_out,2024_t1like,right_lateral_ventricle,synthseg_2024_3di,SynthSeg,2024_phi_3di,false,4.4043280000000005,5.115146748437133,-13.896351041234817,13.896351041234817,86.10364895876518,4,2,moderate
trusted_leave_one_method_out,2024_t1like,right_lateral_ventricle,synthseg_2024_3di,SynthSeg,2024_phi_3di,false,4.4043280000000005,5.22076249900595,-15.638223327749564,15.638223327749564,84.36177667225044,2,1,weak
all_source_median,2024_t1like,right_inferior_lateral_ventricle,synthseg_2024_3di,SynthSeg,2024_phi_3di,false,0.384662,0.4060385,-5.264648549337075,5.264648549337075,94.73535145066293,6,2,moderate
trusted_source_median,2024_t1like,right_inferior_lateral_ventricle,synthseg_2024_3di,SynthSeg,2024_phi_3di,false,0.384662,0.39546771712302664,-2.7323891825195608,2.7323891825195608,97.26761081748045,4,2,moderate
trusted_method_balanced_median,2024_t1like,right_inferior_lateral_ventricle,synthseg_2024_3di,SynthSeg,2024_phi_3di,false,0.384662,0.4443989132366852,-13.44218256557021,13.44218256557021,86.5578174344298,4,2,moderate
trusted_leave_one_source_out,2024_t1like,right_inferior_lateral_ventricle,synthseg_2024_3di,SynthSeg,2024_phi_3di,false,0.384662,0.39546771712302664,-2.7323891825195608,2.7323891825195608,97.26761081748045,4,2,moderate
trusted_leave_one_method_out,2024_t1like,right_inferior_lateral_ventricle,synthseg_2024_3di,SynthSeg,2024_phi_3di,false,0.384662,0.5102133264733704,-24.607614101573898,24.607614101573898,75.3923858984261,2,1,weak
all_source_median,2024_t1like,right_cerebellum_white_matter,synthseg_2024_3di,SynthSeg,2024_phi_3di,false,12.157741,11.379415723171789,6.8397648505214095,6.8397648505214095,93.1602351494786,6,2,moderate
trusted_source_median,2024_t1like,right_cerebellum_white_matter,synthseg_2024_3di,SynthSeg,2024_phi_3di,false,12.157741,11.379415723171789,6.8397648505214095,6.8397648505214095,93.1602351494786,4,2,moderate
trusted_method_balanced_median,2024_t1like,right_cerebellum_white_matter,synthseg_2024_3di,SynthSeg,2024_phi_3di,false,12.157741,11.58568742120741,4.937588578002326,4.937588578002326,95.06241142199768,4,2,moderate
trusted_leave_one_source_out,2024_t1like,right_cerebellum_white_matter,synthseg_2024_3di,SynthSeg,2024_phi_3di,false,12.157741,11.379415723171789,6.8397648505214095,6.8397648505214095,93.1602351494786,4,2,moderate
trusted_leave_one_method_out,2024_t1like,right_cerebellum_white_matter,synthseg_2024_3di,SynthSeg,2024_phi_3di,false,12.157741,10.75363884241482,13.056995665942207,13.056995665942207,86.94300433405779,2,1,weak
all_source_median,2024_t1like,right_cerebellum_cortex,synthseg_2024_3di,SynthSeg,2024_phi_3di,false,49.018707,48.70032950829567,0.6537481263860844,0.6537481263860844,99.34625187361391,6,2,moderate
trusted_source_median,2024_t1like,right_cerebellum_cortex,synthseg_2024_3di,SynthSeg,2024_phi_3di,false,49.018707,49.394191661751705,-0.7601797885933658,0.7601797885933658,99.23982021140664,4,2,moderate
trusted_method_balanced_median,2024_t1like,right_cerebellum_cortex,synthseg_2024_3di,SynthSeg,2024_phi_3di,false,49.018707,49.532186032327914,-1.03665732013682,1.03665732013682,98.96334267986317,4,2,moderate
trusted_leave_one_source_out,2024_t1like,right_cerebellum_cortex,synthseg_2024_3di,SynthSeg,2024_phi_3di,false,49.018707,49.394191661751705,-0.7601797885933658,0.7601797885933658,99.23982021140664,4,2,moderate
trusted_leave_one_method_out,2024_t1like,right_cerebellum_cortex,synthseg_2024_3di,SynthSeg,2024_phi_3di,false,49.018707,50.94257106465582,-3.776535075573775,3.776535075573775,96.22346492442622,2,1,weak
all_source_median,2024_t1like,right_thalamus,synthseg_2024_3di,SynthSeg,2024_phi_3di,false,7.0773,6.652521562648483,6.385224510003782,6.385224510003782,93.61477548999622,6,2,moderate
trusted_source_median,2024_t1like,right_thalamus,synthseg_2024_3di,SynthSeg,2024_phi_3di,false,7.0773,6.652521562648483,6.385224510003782,6.385224510003782,93.61477548999622,4,2,moderate
trusted_method_balanced_median,2024_t1like,right_thalamus,synthseg_2024_3di,SynthSeg,2024_phi_3di,false,7.0773,6.686422206468542,5.845843733189883,5.845843733189883,94.15415626681012,4,2,moderate
trusted_leave_one_source_out,2024_t1like,right_thalamus,synthseg_2024_3di,SynthSeg,2024_phi_3di,false,7.0773,6.652521562648483,6.385224510003782,6.385224510003782,93.61477548999622,4,2,moderate
trusted_leave_one_method_out,2024_t1like,right_thalamus,synthseg_2024_3di,SynthSeg,2024_phi_3di,false,7.0773,6.432941412937085,10.016546797193987,10.016546797193987,89.98345320280602,2,1,weak
all_source_median,2024_t1like,right_caudate,synthseg_2024_3di,SynthSeg,2024_phi_3di,false,4.099666,3.4782652612645997,17.8652486817373,17.8652486817373,82.1347513182627,6,2,moderate
trusted_source_median,2024_t1like,right_caudate,synthseg_2024_3di,SynthSeg,2024_phi_3di,false,4.099666,3.4621257904987393,18.414703799928063,18.414703799928063,81.58529620007194,4,2,moderate
trusted_method_balanced_median,2024_t1like,right_caudate,synthseg_2024_3di,SynthSeg,2024_phi_3di,false,4.099666,3.307702365482191,23.943013820784262,23.943013820784262,76.05698617921574,4,2,moderate
trusted_leave_one_source_out,2024_t1like,right_caudate,synthseg_2024_3di,SynthSeg,2024_phi_3di,false,4.099666,3.4621257904987393,18.414703799928063,18.414703799928063,81.58529620007194,4,2,moderate
trusted_leave_one_method_out,2024_t1like,right_caudate,synthseg_2024_3di,SynthSeg,2024_phi_3di,false,4.099666,2.8805587309643825,42.321902897896216,42.321902897896216,57.678097102103784,2,1,weak
all_source_median,2024_t1like,right_putamen,synthseg_2024_3di,SynthSeg,2024_phi_3di,false,5.161859000000001,4.6157947663279115,11.830340414084521,11.830340414084521,88.16965958591548,6,2,moderate
trusted_source_median,2024_t1like,right_putamen,synthseg_2024_3di,SynthSeg,2024_phi_3di,false,5.161859000000001,4.6157947663279115,11.830340414084521,11.830340414084521,88.16965958591548,4,2,moderate
trusted_method_balanced_median,2024_t1like,right_putamen,synthseg_2024_3di,SynthSeg,2024_phi_3di,false,5.161859000000001,4.6638293540978655,10.678556355509498,10.678556355509498,89.3214436444905,4,2,moderate
trusted_leave_one_source_out,2024_t1like,right_putamen,synthseg_2024_3di,SynthSeg,2024_phi_3di,false,5.161859000000001,4.6157947663279115,11.830340414084521,11.830340414084521,88.16965958591548,4,2,moderate
trusted_leave_one_method_out,2024_t1like,right_putamen,synthseg_2024_3di,SynthSeg,2024_phi_3di,false,5.161859000000001,4.45713620819573,15.811111863901184,15.811111863901184,84.18888813609881,2,1,weak
all_source_median,2024_t1like,right_pallidum,synthseg_2024_3di,SynthSeg,2024_phi_3di,false,1.426801,1.4158300952924814,0.7748743824556321,0.7748743824556321,99.22512561754436,6,2,moderate
trusted_source_median,2024_t1like,right_pallidum,synthseg_2024_3di,SynthSeg,2024_phi_3di,false,1.426801,1.4033877713299001,1.6683363749074618,1.6683363749074618,98.33166362509253,4,2,moderate
trusted_method_balanced_median,2024_t1like,right_pallidum,synthseg_2024_3di,SynthSeg,2024_phi_3di,false,1.426801,1.39000788566495,2.646971626168071,2.646971626168071,97.35302837383193,4,2,moderate
trusted_leave_one_source_out,2024_t1like,right_pallidum,synthseg_2024_3di,SynthSeg,2024_phi_3di,false,1.426801,1.4033877713299001,1.6683363749074618,1.6683363749074618,98.33166362509253,4,2,moderate
trusted_leave_one_method_out,2024_t1like,right_pallidum,synthseg_2024_3di,SynthSeg,2024_phi_3di,false,1.426801,1.4033877713299001,1.6683363749074618,1.6683363749074618,98.33166362509253,2,1,weak
all_source_median,2024_t1like,right_hippocampus,synthseg_2024_3di,SynthSeg,2024_phi_3di,false,3.258008,3.6667269409186494,-11.146696972648051,11.146696972648051,88.85330302735196,6,2,moderate
trusted_source_median,2024_t1like,right_hippocampus,synthseg_2024_3di,SynthSeg,2024_phi_3di,false,3.258008,3.7120177869022846,-12.230808497314891,12.230808497314891,87.7691915026851,4,2,moderate
trusted_method_balanced_median,2024_t1like,right_hippocampus,synthseg_2024_3di,SynthSeg,2024_phi_3di,false,3.258008,3.7111692195086623,-12.210739869432805,12.210739869432805,87.7892601305672,4,2,moderate
trusted_leave_one_source_out,2024_t1like,right_hippocampus,synthseg_2024_3di,SynthSeg,2024_phi_3di,false,3.258008,3.7120177869022846,-12.230808497314891,12.230808497314891,87.7691915026851,4,2,moderate
trusted_leave_one_method_out,2024_t1like,right_hippocampus,synthseg_2024_3di,SynthSeg,2024_phi_3di,false,3.258008,3.8268224390173247,-14.863883759482412,14.863883759482412,85.1361162405176,2,1,weak
all_source_median,2024_t1like,right_amygdala,synthseg_2024_3di,SynthSeg,2024_phi_3di,false,1.445269,1.4494881199674077,-0.2910765469055812,0.2910765469055812,99.70892345309441,6,2,moderate
trusted_source_median,2024_t1like,right_amygdala,synthseg_2024_3di,SynthSeg,2024_phi_3di,false,1.445269,1.5086138868411025,-4.198880004594213,4.198880004594213,95.80111999540578,4,2,moderate
trusted_method_balanced_median,2024_t1like,right_amygdala,synthseg_2024_3di,SynthSeg,2024_phi_3di,false,1.445269,1.515495614668985,-4.633904182185581,4.633904182185581,95.36609581781443,4,2,moderate
trusted_leave_one_source_out,2024_t1like,right_amygdala,synthseg_2024_3di,SynthSeg,2024_phi_3di,false,1.445269,1.5086138868411025,-4.198880004594213,4.198880004594213,95.80111999540578,4,2,moderate
trusted_leave_one_method_out,2024_t1like,right_amygdala,synthseg_2024_3di,SynthSeg,2024_phi_3di,false,1.445269,1.3805137293379701,4.690664734865288,4.690664734865288,95.3093352651347,2,1,weak
all_source_median,2024_t1like,right_accumbens_area,synthseg_2024_3di,SynthSeg,2024_phi_3di,false,0.7434959999999999,0.6493495619227931,14.498575743768761,14.498575743768761,85.50142425623125,6,2,moderate
trusted_source_median,2024_t1like,right_accumbens_area,synthseg_2024_3di,SynthSeg,2024_phi_3di,false,0.7434959999999999,0.6493495619227931,14.498575743768761,14.498575743768761,85.50142425623125,4,2,moderate
trusted_method_balanced_median,2024_t1like,right_accumbens_area,synthseg_2024_3di,SynthSeg,2024_phi_3di,false,0.7434959999999999,0.6423453380442079,15.747084311964068,15.747084311964068,84.25291568803593,4,2,moderate
trusted_leave_one_source_out,2024_t1like,right_accumbens_area,synthseg_2024_3di,SynthSeg,2024_phi_3di,false,0.7434959999999999,0.6493495619227931,14.498575743768761,14.498575743768761,85.50142425623125,4,2,moderate
trusted_leave_one_method_out,2024_t1like,right_accumbens_area,synthseg_2024_3di,SynthSeg,2024_phi_3di,false,0.7434959999999999,0.5215551760884157,42.553661450760885,42.553661450760885,57.446338549239115,2,1,weak
all_source_median,2024_t1like,left_cerebral_white_matter,tigerbx_2024_3di,TIGERBx,kate_2024_3di,false,101.82045736879166,183.93287407674603,-44.6425997093336,44.6425997093336,55.3574002906664,6,2,moderate
trusted_source_median,2024_t1like,left_cerebral_white_matter,tigerbx_2024_3di,TIGERBx,kate_2024_3di,false,101.82045736879166,193.09451718916978,-47.2691100446727,47.2691100446727,52.7308899553273,4,2,moderate
trusted_method_balanced_median,2024_t1like,left_cerebral_white_matter,tigerbx_2024_3di,TIGERBx,kate_2024_3di,false,101.82045736879166,193.62163953837302,-47.41266647077828,47.41266647077828,52.58733352922172,4,2,moderate
trusted_leave_one_source_out,2024_t1like,left_cerebral_white_matter,tigerbx_2024_3di,TIGERBx,kate_2024_3di,false,101.82045736879166,193.09451718916978,-47.2691100446727,47.2691100446727,52.7308899553273,4,2,moderate
trusted_leave_one_method_out,2024_t1like,left_cerebral_white_matter,tigerbx_2024_3di,TIGERBx,kate_2024_3di,false,101.82045736879166,203.310405,-49.9187179481583,49.9187179481583,50.0812820518417,2,1,weak
all_source_median,2024_t1like,left_cerebral_cortex,tigerbx_2024_3di,TIGERBx,kate_2024_3di,false,155.30165517141126,244.95529,-36.5999994646324,36.5999994646324,63.4000005353676,6,2,moderate
trusted_source_median,2024_t1like,left_cerebral_cortex,tigerbx_2024_3di,TIGERBx,kate_2024_3di,false,155.30165517141126,247.36589467999107,-37.21783863037393,37.21783863037393,62.78216136962607,4,2,moderate
trusted_method_balanced_median,2024_t1like,left_cerebral_cortex,tigerbx_2024_3di,TIGERBx,kate_2024_3di,false,155.30165517141126,249.67368765337577,-37.798149003583454,37.798149003583454,62.201850996416546,4,2,moderate
trusted_leave_one_source_out,2024_t1like,left_cerebral_cortex,tigerbx_2024_3di,TIGERBx,kate_2024_3di,false,155.30165517141126,247.36589467999107,-37.21783863037393,37.21783863037393,62.78216136962607,4,2,moderate
trusted_leave_one_method_out,2024_t1like,left_cerebral_cortex,tigerbx_2024_3di,TIGERBx,kate_2024_3di,false,155.30165517141126,244.95529,-36.5999994646324,36.5999994646324,63.4000005353676,2,1,weak
all_source_median,2024_t1like,left_lateral_ventricle,tigerbx_2024_3di,TIGERBx,kate_2024_3di,false,5.776329115327418,5.406187057663709,6.846638004117938,6.846638004117938,93.15336199588207,6,2,moderate
trusted_source_median,2024_t1like,left_lateral_ventricle,tigerbx_2024_3di,TIGERBx,kate_2024_3di,false,5.776329115327418,5.623397352039613,2.7195617473543208,2.7195617473543208,97.28043825264568,4,2,moderate
trusted_method_balanced_median,2024_t1like,left_lateral_ventricle,tigerbx_2024_3di,TIGERBx,kate_2024_3di,false,5.776329115327418,5.604260293735547,3.070321729777794,3.070321729777794,96.92967827022221,4,2,moderate
trusted_leave_one_source_out,2024_t1like,left_lateral_ventricle,tigerbx_2024_3di,TIGERBx,kate_2024_3di,false,5.776329115327418,5.623397352039613,2.7195617473543208,2.7195617473543208,97.28043825264568,4,2,moderate
trusted_leave_one_method_out,2024_t1like,left_lateral_ventricle,tigerbx_2024_3di,TIGERBx,kate_2024_3di,false,5.776329115327418,4.8218955,19.793743255684788,19.793743255684788,80.20625674431521,2,1,weak
all_source_median,2024_t1like,left_inferior_lateral_ventricle,tigerbx_2024_3di,TIGERBx,kate_2024_3di,false,0.3451010643708061,0.2718758356252686,26.933334688289527,26.933334688289527,73.06666531171047,6,2,moderate
trusted_source_median,2024_t1like,left_inferior_lateral_ventricle,tigerbx_2024_3di,TIGERBx,kate_2024_3di,false,0.3451010643708061,0.2381393356252686,44.915607270295915,44.915607270295915,55.084392729704085,4,2,moderate
trusted_method_balanced_median,2024_t1like,left_inferior_lateral_ventricle,tigerbx_2024_3di,TIGERBx,kate_2024_3di,false,0.3451010643708061,0.2546801636539844,35.50370763844416,35.50370763844416,64.49629236155585,4,2,moderate
trusted_leave_one_source_out,2024_t1like,left_inferior_lateral_ventricle,tigerbx_2024_3di,TIGERBx,kate_2024_3di,false,0.3451010643708061,0.2381393356252686,44.915607270295915,44.915607270295915,55.084392729704085,4,2,moderate
trusted_leave_one_method_out,2024_t1like,left_inferior_lateral_ventricle,tigerbx_2024_3di,TIGERBx,kate_2024_3di,false,0.3451010643708061,0.208044,65.87888349137975,65.87888349137975,34.12111650862025,2,1,weak
all_source_median,2024_t1like,left_cerebellum_white_matter,tigerbx_2024_3di,TIGERBx,kate_2024_3di,false,10.72964516322787,11.646874581613934,-7.8753266548781,7.8753266548781,92.1246733451219,6,2,moderate
trusted_source_median,2024_t1like,left_cerebellum_white_matter,tigerbx_2024_3di,TIGERBx,kate_2024_3di,false,10.72964516322787,11.368271807274734,-5.617622932257804,5.617622932257804,94.3823770677422,4,2,moderate
trusted_method_balanced_median,2024_t1like,left_cerebellum_white_matter,tigerbx_2024_3di,TIGERBx,kate_2024_3di,false,10.72964516322787,11.492001660115843,-6.63380078975979,6.63380078975979,93.36619921024021,4,2,moderate
trusted_leave_one_source_out,2024_t1like,left_cerebellum_white_matter,tigerbx_2024_3di,TIGERBx,kate_2024_3di,false,10.72964516322787,11.368271807274734,-5.617622932257804,5.617622932257804,94.3823770677422,4,2,moderate
trusted_leave_one_method_out,2024_t1like,left_cerebellum_white_matter,tigerbx_2024_3di,TIGERBx,kate_2024_3di,false,10.72964516322787,13.015349500000001,-17.561605524093924,17.561605524093924,82.43839447590608,2,1,weak
all_source_median,2024_t1like,left_cerebellum_cortex,tigerbx_2024_3di,TIGERBx,kate_2024_3di,false,46.485271156995175,48.89087840565227,-4.920360048959534,4.920360048959534,95.07963995104046,6,2,moderate
trusted_source_median,2024_t1like,left_cerebellum_cortex,tigerbx_2024_3di,TIGERBx,kate_2024_3di,false,46.485271156995175,48.89087840565227,-4.920360048959534,4.920360048959534,95.07963995104046,4,2,moderate
trusted_method_balanced_median,2024_t1like,left_cerebellum_cortex,tigerbx_2024_3di,TIGERBx,kate_2024_3di,false,46.485271156995175,48.65517197125434,-4.459753663066181,4.459753663066181,95.54024633693382,4,2,moderate
trusted_leave_one_source_out,2024_t1like,left_cerebellum_cortex,tigerbx_2024_3di,TIGERBx,kate_2024_3di,false,46.485271156995175,48.89087840565227,-4.920360048959534,4.920360048959534,95.07963995104046,4,2,moderate
trusted_leave_one_method_out,2024_t1like,left_cerebellum_cortex,tigerbx_2024_3di,TIGERBx,kate_2024_3di,false,46.485271156995175,50.4729935,-7.900705043390831,7.900705043390831,92.09929495660917,2,1,weak
all_source_median,2024_t1like,left_thalamus,tigerbx_2024_3di,TIGERBx,kate_2024_3di,false,6.041139520567668,6.5120130970054575,-7.2308450462779295,7.2308450462779295,92.76915495372207,6,2,moderate
trusted_source_median,2024_t1like,left_thalamus,tigerbx_2024_3di,TIGERBx,kate_2024_3di,false,6.041139520567668,6.5120130970054575,-7.2308450462779295,7.2308450462779295,92.76915495372207,4,2,moderate
trusted_method_balanced_median,2024_t1like,left_thalamus,tigerbx_2024_3di,TIGERBx,kate_2024_3di,false,6.041139520567668,6.725002189154715,-10.168958304428497,10.168958304428497,89.8310416955715,4,2,moderate
trusted_leave_one_source_out,2024_t1like,left_thalamus,tigerbx_2024_3di,TIGERBx,kate_2024_3di,false,6.041139520567668,6.5120130970054575,-7.2308450462779295,7.2308450462779295,92.76915495372207,4,2,moderate
trusted_leave_one_method_out,2024_t1like,left_thalamus,tigerbx_2024_3di,TIGERBx,kate_2024_3di,false,6.041139520567668,7.0294705,-14.059821140615528,14.059821140615528,85.94017885938447,2,1,weak
all_source_median,2024_t1like,left_caudate,tigerbx_2024_3di,TIGERBx,kate_2024_3di,false,2.698234997350945,3.287454681937226,-17.92327930248658,17.92327930248658,82.07672069751342,6,2,moderate
trusted_source_median,2024_t1like,left_caudate,tigerbx_2024_3di,TIGERBx,kate_2024_3di,false,2.698234997350945,3.287454681937226,-17.92327930248658,17.92327930248658,82.07672069751342,4,2,moderate
trusted_method_balanced_median,2024_t1like,left_caudate,tigerbx_2024_3di,TIGERBx,kate_2024_3di,false,2.698234997350945,3.321708867627617,-18.769672331999413,18.769672331999413,81.23032766800058,4,2,moderate
trusted_leave_one_source_out,2024_t1like,left_caudate,tigerbx_2024_3di,TIGERBx,kate_2024_3di,false,2.698234997350945,3.287454681937226,-17.92327930248658,17.92327930248658,82.07672069751342,4,2,moderate
trusted_leave_one_method_out,2024_t1like,left_caudate,tigerbx_2024_3di,TIGERBx,kate_2024_3di,false,2.698234997350945,3.598786,-25.02374419176508,25.02374419176508,74.97625580823492,2,1,weak
all_source_median,2024_t1like,left_putamen,tigerbx_2024_3di,TIGERBx,kate_2024_3di,false,2.13358563990557,4.907912685748109,-56.52763656327456,56.52763656327456,43.47236343672544,6,2,moderate
trusted_source_median,2024_t1like,left_putamen,tigerbx_2024_3di,TIGERBx,kate_2024_3di,false,2.13358563990557,4.907912685748109,-56.52763656327456,56.52763656327456,43.47236343672544,4,2,moderate
trusted_method_balanced_median,2024_t1like,left_putamen,tigerbx_2024_3di,TIGERBx,kate_2024_3di,false,2.13358563990557,4.912801537498348,-56.570897000003484,56.570897000003484,43.429102999996516,4,2,moderate
trusted_leave_one_source_out,2024_t1like,left_putamen,tigerbx_2024_3di,TIGERBx,kate_2024_3di,false,2.13358563990557,4.907912685748109,-56.52763656327456,56.52763656327456,43.47236343672544,4,2,moderate
trusted_leave_one_method_out,2024_t1like,left_putamen,tigerbx_2024_3di,TIGERBx,kate_2024_3di,false,2.13358563990557,5.054577500000001,-57.789040925664516,57.789040925664516,42.210959074335484,2,1,weak
all_source_median,2024_t1like,left_pallidum,tigerbx_2024_3di,TIGERBx,kate_2024_3di,false,1.894246443204772,1.3852020892137231,36.74874286971339,36.74874286971339,63.25125713028661,6,2,moderate
trusted_source_median,2024_t1like,left_pallidum,tigerbx_2024_3di,TIGERBx,kate_2024_3di,false,1.894246443204772,1.332445589213723,42.16313660676892,42.16313660676892,57.83686339323108,4,2,moderate
trusted_method_balanced_median,2024_t1like,left_pallidum,tigerbx_2024_3di,TIGERBx,kate_2024_3di,false,1.894246443204772,1.3720793966655491,38.05662032446535,38.05662032446535,61.94337967553465,4,2,moderate
trusted_leave_one_source_out,2024_t1like,left_pallidum,tigerbx_2024_3di,TIGERBx,kate_2024_3di,false,1.894246443204772,1.332445589213723,42.16313660676892,42.16313660676892,57.83686339323108,4,2,moderate
trusted_leave_one_method_out,2024_t1like,left_pallidum,tigerbx_2024_3di,TIGERBx,kate_2024_3di,false,1.894246443204772,1.1392859999999998,66.26610378822986,66.26610378822986,33.733896211770144,2,1,weak
all_source_median,2024_t1like,third_ventricle,tigerbx_2024_3di,TIGERBx,kate_2024_3di,false,1.0289917432088374,0.6984497706375525,47.32508857001449,47.32508857001449,52.67491142998551,6,2,moderate
trusted_source_median,2024_t1like,third_ventricle,tigerbx_2024_3di,TIGERBx,kate_2024_3di,false,1.0289917432088374,0.6984497706375525,47.32508857001449,47.32508857001449,52.67491142998551,4,2,moderate
trusted_method_balanced_median,2024_t1like,third_ventricle,tigerbx_2024_3di,TIGERBx,kate_2024_3di,false,1.0289917432088374,0.9342134891972123,10.145245718199797,10.145245718199797,89.8547542818002,4,2,moderate
trusted_leave_one_source_out,2024_t1like,third_ventricle,tigerbx_2024_3di,TIGERBx,kate_2024_3di,false,1.0289917432088374,0.6984497706375525,47.32508857001449,47.32508857001449,52.67491142998551,4,2,moderate
trusted_leave_one_method_out,2024_t1like,third_ventricle,tigerbx_2024_3di,TIGERBx,kate_2024_3di,false,1.0289917432088374,0.623096,65.14176679176842,65.14176679176842,34.85823320823158,2,1,weak
all_source_median,2024_t1like,fourth_ventricle,tigerbx_2024_3di,TIGERBx,kate_2024_3di,false,1.7441240990695948,1.5401296131386268,13.24528040956553,13.24528040956553,86.75471959043448,6,2,moderate
trusted_source_median,2024_t1like,fourth_ventricle,tigerbx_2024_3di,TIGERBx,kate_2024_3di,false,1.7441240990695948,1.5401296131386268,13.24528040956553,13.24528040956553,86.75471959043448,4,2,moderate
trusted_method_balanced_median,2024_t1like,fourth_ventricle,tigerbx_2024_3di,TIGERBx,kate_2024_3di,false,1.7441240990695948,1.5546779100099968,12.18555868323747,12.18555868323747,87.81444131676253,4,2,moderate
trusted_leave_one_source_out,2024_t1like,fourth_ventricle,tigerbx_2024_3di,TIGERBx,kate_2024_3di,false,1.7441240990695948,1.5401296131386268,13.24528040956553,13.24528040956553,86.75471959043448,4,2,moderate
trusted_leave_one_method_out,2024_t1like,fourth_ventricle,tigerbx_2024_3di,TIGERBx,kate_2024_3di,false,1.7441240990695948,1.3386345,30.29128556522298,30.29128556522298,69.70871443477702,2,1,weak
all_source_median,2024_t1like,brain_stem,tigerbx_2024_3di,TIGERBx,kate_2024_3di,false,17.101008759107902,18.583624379553953,-7.97807569807132,7.97807569807132,92.02192430192868,6,2,moderate
trusted_source_median,2024_t1like,brain_stem,tigerbx_2024_3di,TIGERBx,kate_2024_3di,false,17.101008759107902,18.462650848361967,-7.37511693438579,7.37511693438579,92.62488306561421,4,2,moderate
trusted_method_balanced_median,2024_t1like,brain_stem,tigerbx_2024_3di,TIGERBx,kate_2024_3di,false,17.101008759107902,18.499015867933974,-7.5571971979837285,7.5571971979837285,92.44280280201627,4,2,moderate
trusted_leave_one_source_out,2024_t1like,brain_stem,tigerbx_2024_3di,TIGERBx,kate_2024_3di,false,17.101008759107902,18.462650848361967,-7.37511693438579,7.37511693438579,92.62488306561421,4,2,moderate
trusted_leave_one_method_out,2024_t1like,brain_stem,tigerbx_2024_3di,TIGERBx,kate_2024_3di,false,17.101008759107902,20.1812235,-15.26277502893766,15.26277502893766,84.73722497106235,2,1,weak
all_source_median,2024_t1like,left_hippocampus,tigerbx_2024_3di,TIGERBx,kate_2024_3di,false,3.979549491347947,3.9114385703107897,1.74132661967757,1.74132661967757,98.25867338032243,6,2,moderate
trusted_source_median,2024_t1like,left_hippocampus,tigerbx_2024_3di,TIGERBx,kate_2024_3di,false,3.979549491347947,3.9114385703107897,1.74132661967757,1.74132661967757,98.25867338032243,4,2,moderate
trusted_method_balanced_median,2024_t1like,left_hippocampus,tigerbx_2024_3di,TIGERBx,kate_2024_3di,false,3.979549491347947,3.8924247995573253,2.238314065837067,2.238314065837067,97.76168593416293,4,2,moderate
trusted_leave_one_source_out,2024_t1like,left_hippocampus,tigerbx_2024_3di,TIGERBx,kate_2024_3di,false,3.979549491347947,3.9114385703107897,1.74132661967757,1.74132661967757,98.25867338032243,4,2,moderate
trusted_leave_one_method_out,2024_t1like,left_hippocampus,tigerbx_2024_3di,TIGERBx,kate_2024_3di,false,3.979549491347947,3.79045,4.988840146894098,4.988840146894098,95.01115985310591,2,1,weak
all_source_median,2024_t1like,left_amygdala,tigerbx_2024_3di,TIGERBx,kate_2024_3di,false,1.4697563554039217,1.507377177701961,-2.495780276797955,2.495780276797955,97.50421972320204,6,2,moderate
trusted_source_median,2024_t1like,left_amygdala,tigerbx_2024_3di,TIGERBx,kate_2024_3di,false,1.4697563554039217,1.482798795862354,-0.8795826173332757,0.8795826173332757,99.12041738266673,4,2,moderate
trusted_method_balanced_median,2024_t1like,left_amygdala,tigerbx_2024_3di,TIGERBx,kate_2024_3di,false,1.4697563554039217,1.498971881077701,-1.9490376065476682,1.9490376065476682,98.05096239345234,4,2,moderate
trusted_leave_one_source_out,2024_t1like,left_amygdala,tigerbx_2024_3di,TIGERBx,kate_2024_3di,false,1.4697563554039217,1.482798795862354,-0.8795826173332757,0.8795826173332757,99.12041738266673,4,2,moderate
trusted_leave_one_method_out,2024_t1like,left_amygdala,tigerbx_2024_3di,TIGERBx,kate_2024_3di,false,1.4697563554039217,1.5802065,-6.989601966330247,6.989601966330247,93.01039803366976,2,1,weak
all_source_median,2024_t1like,csf,tigerbx_2024_3di,TIGERBx,kate_2024_3di,false,0.962541192081134,51.75802184512338,-98.14030529419891,98.14030529419891,1.8596947058010898,6,2,moderate
trusted_source_median,2024_t1like,csf,tigerbx_2024_3di,TIGERBx,kate_2024_3di,false,0.962541192081134,98.8891618451234,-99.0266464250262,99.0266464250262,0.9733535749737996,4,2,moderate
trusted_method_balanced_median,2024_t1like,csf,tigerbx_2024_3di,TIGERBx,kate_2024_3di,false,0.962541192081134,103.02836992102924,-99.06575131410997,99.06575131410997,0.9342486858900259,4,2,moderate
trusted_leave_one_source_out,2024_t1like,csf,tigerbx_2024_3di,TIGERBx,kate_2024_3di,false,0.962541192081134,98.8891618451234,-99.0266464250262,99.0266464250262,0.9733535749737996,4,2,moderate
trusted_leave_one_method_out,2024_t1like,csf,tigerbx_2024_3di,TIGERBx,kate_2024_3di,false,0.962541192081134,204.903545,-99.53024668651723,99.53024668651723,0.4697533134827694,2,1,weak
all_source_median,2024_t1like,left_accumbens_area,tigerbx_2024_3di,TIGERBx,kate_2024_3di,false,0.4994610962983881,0.6427775527482953,-22.296431453950973,22.296431453950973,77.70356854604903,6,2,moderate
trusted_source_median,2024_t1like,left_accumbens_area,tigerbx_2024_3di,TIGERBx,kate_2024_3di,false,0.4994610962983881,0.6427775527482953,-22.296431453950973,22.296431453950973,77.70356854604903,4,2,moderate
trusted_method_balanced_median,2024_t1like,left_accumbens_area,tigerbx_2024_3di,TIGERBx,kate_2024_3di,false,0.4994610962983881,0.642968269588982,-22.319479837213585,22.319479837213585,77.68052016278642,4,2,moderate
trusted_leave_one_source_out,2024_t1like,left_accumbens_area,tigerbx_2024_3di,TIGERBx,kate_2024_3di,false,0.4994610962983881,0.6427775527482953,-22.296431453950973,22.296431453950973,77.70356854604903,4,2,moderate
trusted_leave_one_method_out,2024_t1like,left_accumbens_area,tigerbx_2024_3di,TIGERBx,kate_2024_3di,false,0.4994610962983881,0.6926100000000001,-27.887108719425356,27.887108719425356,72.11289128057464,2,1,weak
all_source_median,2024_t1like,left_ventral_dc,tigerbx_2024_3di,TIGERBx,kate_2024_3di,false,4.397322393179986,3.9276560628607537,11.95792917715778,11.95792917715778,88.04207082284222,3,1,weak
trusted_source_median,2024_t1like,left_ventral_dc,tigerbx_2024_3di,TIGERBx,kate_2024_3di,false,4.397322393179986,3.8412197477669023,14.47724113509452,14.47724113509452,85.52275886490548,2,1,weak
trusted_leave_one_source_out,2024_t1like,left_ventral_dc,tigerbx_2024_3di,TIGERBx,kate_2024_3di,false,4.397322393179986,3.8412197477669023,14.47724113509452,14.47724113509452,85.52275886490548,2,1,weak
all_source_median,2024_t1like,right_cerebral_white_matter,tigerbx_2024_3di,TIGERBx,kate_2024_3di,false,136.24053548117618,190.60175363504274,-28.520838406322024,28.520838406322024,71.47916159367797,6,2,moderate
trusted_source_median,2024_t1like,right_cerebral_white_matter,tigerbx_2024_3di,TIGERBx,kate_2024_3di,false,136.24053548117618,194.5192581508988,-29.960387071038873,29.960387071038873,70.03961292896113,4,2,moderate
trusted_method_balanced_median,2024_t1like,right_cerebral_white_matter,tigerbx_2024_3di,TIGERBx,kate_2024_3di,false,136.24053548117618,195.65082681752136,-30.365469087312203,30.365469087312203,69.6345309126878,4,2,moderate
trusted_leave_one_source_out,2024_t1like,right_cerebral_white_matter,tigerbx_2024_3di,TIGERBx,kate_2024_3di,false,136.24053548117618,194.5192581508988,-29.960387071038873,29.960387071038873,70.03961292896113,4,2,moderate
trusted_leave_one_method_out,2024_t1like,right_cerebral_white_matter,tigerbx_2024_3di,TIGERBx,kate_2024_3di,false,136.24053548117618,200.6999,-32.1172878107183,32.1172878107183,67.8827121892817,2,1,weak
all_source_median,2024_t1like,right_cerebral_cortex,tigerbx_2024_3di,TIGERBx,kate_2024_3di,false,164.47949513048866,246.65231,-33.31524236262427,33.31524236262427,66.68475763737572,6,2,moderate
trusted_source_median,2024_t1like,right_cerebral_cortex,tigerbx_2024_3di,TIGERBx,kate_2024_3di,false,164.47949513048866,251.32404158167452,-34.55481055638021,34.55481055638021,65.4451894436198,4,2,moderate
trusted_method_balanced_median,2024_t1like,right_cerebral_cortex,tigerbx_2024_3di,TIGERBx,kate_2024_3di,false,164.47949513048866,253.92616949245905,-35.22546515814186,35.22546515814186,64.77453484185814,4,2,moderate
trusted_leave_one_source_out,2024_t1like,right_cerebral_cortex,tigerbx_2024_3di,TIGERBx,kate_2024_3di,false,164.47949513048866,251.32404158167452,-34.55481055638021,34.55481055638021,65.4451894436198,4,2,moderate
trusted_leave_one_method_out,2024_t1like,right_cerebral_cortex,tigerbx_2024_3di,TIGERBx,kate_2024_3di,false,164.47949513048866,246.65231,-33.31524236262427,33.31524236262427,66.68475763737572,2,1,weak
all_source_median,2024_t1like,right_lateral_ventricle,tigerbx_2024_3di,TIGERBx,kate_2024_3di,false,6.211683913319433,5.115146748437133,21.437061707317255,21.437061707317255,78.56293829268274,6,2,moderate
trusted_source_median,2024_t1like,right_lateral_ventricle,tigerbx_2024_3di,TIGERBx,kate_2024_3di,false,6.211683913319433,5.115146748437133,21.437061707317255,21.437061707317255,78.56293829268274,4,2,moderate
trusted_method_balanced_median,2024_t1like,right_lateral_ventricle,tigerbx_2024_3di,TIGERBx,kate_2024_3di,false,6.211683913319433,5.1052407495029755,21.672693181495433,21.672693181495433,78.32730681850457,4,2,moderate
trusted_leave_one_source_out,2024_t1like,right_lateral_ventricle,tigerbx_2024_3di,TIGERBx,kate_2024_3di,false,6.211683913319433,5.115146748437133,21.437061707317255,21.437061707317255,78.56293829268274,4,2,moderate
trusted_leave_one_method_out,2024_t1like,right_lateral_ventricle,tigerbx_2024_3di,TIGERBx,kate_2024_3di,false,6.211683913319433,4.989719,24.48965389272288,24.48965389272288,75.51034610727712,2,1,weak
all_source_median,2024_t1like,right_inferior_lateral_ventricle,tigerbx_2024_3di,TIGERBx,kate_2024_3di,false,0.5453092716694018,0.4060385,34.29989315530467,34.29989315530467,65.70010684469533,6,2,moderate
trusted_source_median,2024_t1like,right_inferior_lateral_ventricle,tigerbx_2024_3di,TIGERBx,kate_2024_3di,false,0.5453092716694018,0.39546771712302664,37.889705798605235,37.889705798605235,62.110294201394765,4,2,moderate
trusted_method_balanced_median,2024_t1like,right_inferior_lateral_ventricle,tigerbx_2024_3di,TIGERBx,kate_2024_3di,false,0.5453092716694018,0.4443989132366852,22.707156886986386,22.707156886986386,77.29284311301362,4,2,moderate
trusted_leave_one_source_out,2024_t1like,right_inferior_lateral_ventricle,tigerbx_2024_3di,TIGERBx,kate_2024_3di,false,0.5453092716694018,0.39546771712302664,37.889705798605235,37.889705798605235,62.110294201394765,4,2,moderate
trusted_leave_one_method_out,2024_t1like,right_inferior_lateral_ventricle,tigerbx_2024_3di,TIGERBx,kate_2024_3di,false,0.5453092716694018,0.3785845,44.03898513261949,44.03898513261949,55.96101486738051,2,1,weak
all_source_median,2024_t1like,right_cerebellum_white_matter,tigerbx_2024_3di,TIGERBx,kate_2024_3di,false,10.595301443851644,11.379415723171789,-6.890637431616639,6.890637431616639,93.10936256838336,6,2,moderate
trusted_source_median,2024_t1like,right_cerebellum_white_matter,tigerbx_2024_3di,TIGERBx,kate_2024_3di,false,10.595301443851644,11.379415723171789,-6.890637431616639,6.890637431616639,93.10936256838336,4,2,moderate
trusted_method_balanced_median,2024_t1like,right_cerebellum_white_matter,tigerbx_2024_3di,TIGERBx,kate_2024_3di,false,10.595301443851644,11.58568742120741,-8.548357480652212,8.548357480652212,91.45164251934779,4,2,moderate
trusted_leave_one_source_out,2024_t1like,right_cerebellum_white_matter,tigerbx_2024_3di,TIGERBx,kate_2024_3di,false,10.595301443851644,11.379415723171789,-6.890637431616639,6.890637431616639,93.10936256838336,4,2,moderate
trusted_leave_one_method_out,2024_t1like,right_cerebellum_white_matter,tigerbx_2024_3di,TIGERBx,kate_2024_3di,false,10.595301443851644,12.417736000000001,-14.676061370191448,14.676061370191448,85.32393862980855,2,1,weak
all_source_median,2024_t1like,right_cerebellum_cortex,tigerbx_2024_3di,TIGERBx,kate_2024_3di,false,48.38195201659133,48.70032950829567,-0.6537481263860989,0.6537481263860989,99.3462518736139,6,2,moderate
trusted_source_median,2024_t1like,right_cerebellum_cortex,tigerbx_2024_3di,TIGERBx,kate_2024_3di,false,48.38195201659133,49.394191661751705,-2.0493090606525777,2.0493090606525777,97.95069093934742,4,2,moderate
trusted_method_balanced_median,2024_t1like,right_cerebellum_cortex,tigerbx_2024_3di,TIGERBx,kate_2024_3di,false,48.38195201659133,49.532186032327914,-2.322195137896537,2.322195137896537,97.67780486210346,4,2,moderate
trusted_leave_one_source_out,2024_t1like,right_cerebellum_cortex,tigerbx_2024_3di,TIGERBx,kate_2024_3di,false,48.38195201659133,49.394191661751705,-2.0493090606525777,2.0493090606525777,97.95069093934742,4,2,moderate
trusted_leave_one_method_out,2024_t1like,right_cerebellum_cortex,tigerbx_2024_3di,TIGERBx,kate_2024_3di,false,48.38195201659133,48.121801000000005,0.5406094767552913,0.5406094767552913,99.4593905232447,2,1,weak
all_source_median,2024_t1like,right_thalamus,tigerbx_2024_3di,TIGERBx,kate_2024_3di,false,6.404047890023579,6.652521562648483,-3.735029947441197,3.735029947441197,96.26497005255881,6,2,moderate
trusted_source_median,2024_t1like,right_thalamus,tigerbx_2024_3di,TIGERBx,kate_2024_3di,false,6.404047890023579,6.652521562648483,-3.735029947441197,3.735029947441197,96.26497005255881,4,2,moderate
trusted_method_balanced_median,2024_t1like,right_thalamus,tigerbx_2024_3di,TIGERBx,kate_2024_3di,false,6.404047890023579,6.686422206468542,-4.223100302756689,4.223100302756689,95.77689969724331,4,2,moderate
trusted_leave_one_source_out,2024_t1like,right_thalamus,tigerbx_2024_3di,TIGERBx,kate_2024_3di,false,6.404047890023579,6.652521562648483,-3.735029947441197,3.735029947441197,96.26497005255881,4,2,moderate
trusted_leave_one_method_out,2024_t1like,right_thalamus,tigerbx_2024_3di,TIGERBx,kate_2024_3di,false,6.404047890023579,6.939902999999999,-7.721363108049502,7.721363108049502,92.2786368919505,2,1,weak
all_source_median,2024_t1like,right_caudate,tigerbx_2024_3di,TIGERBx,kate_2024_3di,false,3.2943965225292,3.4782652612645997,-5.286219564190178,5.286219564190178,94.71378043580982,6,2,moderate
trusted_source_median,2024_t1like,right_caudate,tigerbx_2024_3di,TIGERBx,kate_2024_3di,false,3.2943965225292,3.4621257904987393,-4.844690173587745,4.844690173587745,95.15530982641225,4,2,moderate
trusted_method_balanced_median,2024_t1like,right_caudate,tigerbx_2024_3di,TIGERBx,kate_2024_3di,false,3.2943965225292,3.307702365482191,-0.40226844748323076,0.40226844748323076,99.59773155251676,4,2,moderate
trusted_leave_one_source_out,2024_t1like,right_caudate,tigerbx_2024_3di,TIGERBx,kate_2024_3di,false,3.2943965225292,3.4621257904987393,-4.844690173587745,4.844690173587745,95.15530982641225,4,2,moderate
trusted_leave_one_method_out,2024_t1like,right_caudate,tigerbx_2024_3di,TIGERBx,kate_2024_3di,false,3.2943965225292,3.734846,-11.792975599818583,11.792975599818583,88.20702440018141,2,1,weak
all_source_median,2024_t1like,right_putamen,tigerbx_2024_3di,TIGERBx,kate_2024_3di,false,3.5242234625896014,4.6157947663279115,-23.64861002272655,23.64861002272655,76.35138997727344,6,2,moderate
trusted_source_median,2024_t1like,right_putamen,tigerbx_2024_3di,TIGERBx,kate_2024_3di,false,3.5242234625896014,4.6157947663279115,-23.64861002272655,23.64861002272655,76.35138997727344,4,2,moderate
trusted_method_balanced_median,2024_t1like,right_putamen,tigerbx_2024_3di,TIGERBx,kate_2024_3di,false,3.5242234625896014,4.6638293540978655,-24.434982607306406,24.434982607306406,75.56501739269359,4,2,moderate
trusted_leave_one_source_out,2024_t1like,right_putamen,tigerbx_2024_3di,TIGERBx,kate_2024_3di,false,3.5242234625896014,4.6157947663279115,-23.64861002272655,23.64861002272655,76.35138997727344,4,2,moderate
trusted_leave_one_method_out,2024_t1like,right_putamen,tigerbx_2024_3di,TIGERBx,kate_2024_3di,false,3.5242234625896014,4.8705225,-27.641778421317188,27.641778421317188,72.35822157868282,2,1,weak
all_source_median,2024_t1like,right_pallidum,tigerbx_2024_3di,TIGERBx,kate_2024_3di,false,1.4167852579988667,1.4158300952924814,0.0674630882307934,0.0674630882307934,99.9325369117692,6,2,moderate
trusted_source_median,2024_t1like,right_pallidum,tigerbx_2024_3di,TIGERBx,kate_2024_3di,false,1.4167852579988667,1.4033877713299001,0.9546532286134023,0.9546532286134023,99.0453467713866,4,2,moderate
trusted_method_balanced_median,2024_t1like,right_pallidum,tigerbx_2024_3di,TIGERBx,kate_2024_3di,false,1.4167852579988667,1.39000788566495,1.9264187354668794,1.9264187354668794,98.07358126453312,4,2,moderate
trusted_leave_one_source_out,2024_t1like,right_pallidum,tigerbx_2024_3di,TIGERBx,kate_2024_3di,false,1.4167852579988667,1.4033877713299001,0.9546532286134023,0.9546532286134023,99.0453467713866,4,2,moderate
trusted_leave_one_method_out,2024_t1like,right_pallidum,tigerbx_2024_3di,TIGERBx,kate_2024_3di,false,1.4167852579988667,1.376628,2.9170740388010934,2.9170740388010934,97.08292596119891,2,1,weak
all_source_median,2024_t1like,right_hippocampus,tigerbx_2024_3di,TIGERBx,kate_2024_3di,false,3.6354853080327296,3.6667269409186494,-0.8520305272061675,0.8520305272061675,99.14796947279383,6,2,moderate
trusted_source_median,2024_t1like,right_hippocampus,tigerbx_2024_3di,TIGERBx,kate_2024_3di,false,3.6354853080327296,3.7120177869022846,-2.0617487108924135,2.0617487108924135,97.93825128910758,4,2,moderate
trusted_method_balanced_median,2024_t1like,right_hippocampus,tigerbx_2024_3di,TIGERBx,kate_2024_3di,false,3.6354853080327296,3.7111692195086623,-2.0393549040577783,2.0393549040577783,97.96064509594223,4,2,moderate
trusted_leave_one_source_out,2024_t1like,right_hippocampus,tigerbx_2024_3di,TIGERBx,kate_2024_3di,false,3.6354853080327296,3.7120177869022846,-2.0617487108924135,2.0617487108924135,97.93825128910758,4,2,moderate
trusted_leave_one_method_out,2024_t1like,right_hippocampus,tigerbx_2024_3di,TIGERBx,kate_2024_3di,false,3.6354853080327296,3.595516,1.1116431697906417,1.1116431697906417,98.88835683020936,2,1,weak
all_source_median,2024_t1like,right_amygdala,tigerbx_2024_3di,TIGERBx,kate_2024_3di,false,1.4537072399348157,1.4494881199674077,0.29107654690559653,0.29107654690559653,99.7089234530944,6,2,moderate
trusted_source_median,2024_t1like,right_amygdala,tigerbx_2024_3di,TIGERBx,kate_2024_3di,false,1.4537072399348157,1.5086138868411025,-3.639542720984513,3.639542720984513,96.36045727901549,4,2,moderate
trusted_method_balanced_median,2024_t1like,right_amygdala,tigerbx_2024_3di,TIGERBx,kate_2024_3di,false,1.4537072399348157,1.515495614668985,-4.077106798337074,4.077106798337074,95.92289320166293,4,2,moderate
trusted_leave_one_source_out,2024_t1like,right_amygdala,tigerbx_2024_3di,TIGERBx,kate_2024_3di,false,1.4537072399348157,1.5086138868411025,-3.639542720984513,3.639542720984513,96.36045727901549,4,2,moderate
trusted_leave_one_method_out,2024_t1like,right_amygdala,tigerbx_2024_3di,TIGERBx,kate_2024_3di,false,1.4537072399348157,1.6504775,-11.922020146605112,11.922020146605112,88.0779798533949,2,1,weak
all_source_median,2024_t1like,right_accumbens_area,tigerbx_2024_3di,TIGERBx,kate_2024_3di,false,0.44301870144636335,0.6493495619227931,-31.775005725030773,31.775005725030773,68.22499427496922,6,2,moderate
trusted_source_median,2024_t1like,right_accumbens_area,tigerbx_2024_3di,TIGERBx,kate_2024_3di,false,0.44301870144636335,0.6493495619227931,-31.775005725030773,31.775005725030773,68.22499427496922,4,2,moderate
trusted_method_balanced_median,2024_t1like,right_accumbens_area,tigerbx_2024_3di,TIGERBx,kate_2024_3di,false,0.44301870144636335,0.6423453380442079,-31.03107079515013,31.03107079515013,68.96892920484987,4,2,moderate
trusted_leave_one_source_out,2024_t1like,right_accumbens_area,tigerbx_2024_3di,TIGERBx,kate_2024_3di,false,0.44301870144636335,0.6493495619227931,-31.775005725030773,31.775005725030773,68.22499427496922,4,2,moderate
trusted_leave_one_method_out,2024_t1like,right_accumbens_area,tigerbx_2024_3di,TIGERBx,kate_2024_3di,false,0.44301870144636335,0.7631355,-41.94757006503257,41.94757006503257,58.05242993496743,2,1,weak
all_source_median,2024_t1like,right_ventral_dc,tigerbx_2024_3di,TIGERBx,kate_2024_3di,false,4.046045124260677,3.6495538332860353,10.864103095518479,10.864103095518479,89.13589690448153,3,1,weak
trusted_source_median,2024_t1like,right_ventral_dc,tigerbx_2024_3di,TIGERBx,kate_2024_3di,false,4.046045124260677,3.614042456390694,11.953447506021252,11.953447506021252,88.04655249397875,2,1,weak
trusted_leave_one_source_out,2024_t1like,right_ventral_dc,tigerbx_2024_3di,TIGERBx,kate_2024_3di,false,4.046045124260677,3.614042456390694,11.953447506021252,11.953447506021252,88.04655249397875,2,1,weak
all_source_median,2024_t1like,total_intracranial,synthseg_2024_t1ffe_ax,SynthSeg,2024_phi_t1ffe_ax,true,1307.1279,1307.1279,0.0,0.0,100.0,3,1,weak
trusted_source_median,2024_t1like,total_intracranial,synthseg_2024_t1ffe_ax,SynthSeg,2024_phi_t1ffe_ax,true,1307.1279,1310.7148499999998,-0.27366364240093016,0.27366364240093016,99.72633635759907,2,1,weak
all_source_median,2024_t1like,left_cerebral_white_matter,synthseg_2024_t1ffe_ax,SynthSeg,2024_phi_t1ffe_ax,true,205.18147,183.93287407674603,11.552364431813302,11.552364431813302,88.4476355681867,6,2,moderate
trusted_source_median,2024_t1like,left_cerebral_white_matter,synthseg_2024_t1ffe_ax,SynthSeg,2024_phi_t1ffe_ax,true,205.18147,193.09451718916978,6.2596043568595645,6.2596043568595645,93.74039564314043,4,2,moderate
trusted_method_balanced_median,2024_t1like,left_cerebral_white_matter,synthseg_2024_t1ffe_ax,SynthSeg,2024_phi_t1ffe_ax,true,205.18147,193.62163953837302,5.970319479365829,5.970319479365829,94.02968052063417,4,2,moderate
trusted_leave_one_source_out,2024_t1like,left_cerebral_white_matter,synthseg_2024_t1ffe_ax,SynthSeg,2024_phi_t1ffe_ax,true,205.18147,184.7496943783396,11.059166127668492,11.059166127668492,88.94083387233151,3,2,limited
trusted_leave_one_method_out,2024_t1like,left_cerebral_white_matter,synthseg_2024_t1ffe_ax,SynthSeg,2024_phi_t1ffe_ax,true,205.18147,183.93287407674603,11.552364431813302,11.552364431813302,88.4476355681867,2,1,weak
all_source_median,2024_t1like,left_cerebral_cortex,synthseg_2024_t1ffe_ax,SynthSeg,2024_phi_t1ffe_ax,true,245.18552,244.95529,0.09398858052831027,0.09398858052831027,99.9060114194717,6,2,moderate
trusted_source_median,2024_t1like,left_cerebral_cortex,synthseg_2024_t1ffe_ax,SynthSeg,2024_phi_t1ffe_ax,true,245.18552,247.36589467999107,-0.8814370642370698,0.8814370642370698,99.11856293576292,4,2,moderate
trusted_method_balanced_median,2024_t1like,left_cerebral_cortex,synthseg_2024_t1ffe_ax,SynthSeg,2024_phi_t1ffe_ax,true,245.18552,249.67368765337577,-1.7976133951314612,1.7976133951314612,98.20238660486854,4,2,moderate
trusted_leave_one_source_out,2024_t1like,left_cerebral_cortex,synthseg_2024_t1ffe_ax,SynthSeg,2024_phi_t1ffe_ax,true,245.18552,249.54626935998212,-1.7474712690220742,1.7474712690220742,98.25252873097793,3,2,limited
trusted_leave_one_method_out,2024_t1like,left_cerebral_cortex,synthseg_2024_t1ffe_ax,SynthSeg,2024_phi_t1ffe_ax,true,245.18552,254.39208530675154,-3.6190454965020096,3.6190454965020096,96.38095450349799,2,1,weak
all_source_median,2024_t1like,left_lateral_ventricle,synthseg_2024_t1ffe_ax,SynthSeg,2024_phi_t1ffe_ax,true,5.036045,5.406187057663709,-6.846638004117955,6.846638004117955,93.15336199588205,6,2,moderate
trusted_source_median,2024_t1like,left_lateral_ventricle,synthseg_2024_t1ffe_ax,SynthSeg,2024_phi_t1ffe_ax,true,5.036045,5.623397352039613,-10.444795472732869,10.444795472732869,89.55520452726714,4,2,moderate
trusted_method_balanced_median,2024_t1like,left_lateral_ventricle,synthseg_2024_t1ffe_ax,SynthSeg,2024_phi_t1ffe_ax,true,5.036045,5.604260293735547,-10.138988268812202,10.138988268812202,89.8610117311878,4,2,moderate
trusted_leave_one_source_out,2024_t1like,left_lateral_ventricle,synthseg_2024_t1ffe_ax,SynthSeg,2024_phi_t1ffe_ax,true,5.036045,6.210749704079227,-18.91405643521071,18.91405643521071,81.08594356478929,3,2,limited
trusted_leave_one_method_out,2024_t1like,left_lateral_ventricle,synthseg_2024_t1ffe_ax,SynthSeg,2024_phi_t1ffe_ax,true,5.036045,6.386625087471094,-21.147007519207335,21.147007519207335,78.85299248079266,2,1,weak
all_source_median,2024_t1like,left_inferior_lateral_ventricle,synthseg_2024_t1ffe_ax,SynthSeg,2024_phi_t1ffe_ax,true,0.19331700000000002,0.2718758356252686,-28.895115097153273,28.895115097153273,71.10488490284672,6,2,moderate
trusted_source_median,2024_t1like,left_inferior_lateral_ventricle,synthseg_2024_t1ffe_ax,SynthSeg,2024_phi_t1ffe_ax,true,0.19331700000000002,0.2381393356252686,-18.82189496648304,18.82189496648304,81.17810503351696,4,2,moderate
trusted_method_balanced_median,2024_t1like,left_inferior_lateral_ventricle,synthseg_2024_t1ffe_ax,SynthSeg,2024_phi_t1ffe_ax,true,0.19331700000000002,0.2546801636539844,-24.094206150014134,24.094206150014134,75.90579384998587,4,2,moderate
trusted_leave_one_source_out,2024_t1like,left_inferior_lateral_ventricle,synthseg_2024_t1ffe_ax,SynthSeg,2024_phi_t1ffe_ax,true,0.19331700000000002,0.2535076712505372,-23.74313603750941,23.74313603750941,76.2568639624906,3,2,limited
trusted_leave_one_method_out,2024_t1like,left_inferior_lateral_ventricle,synthseg_2024_t1ffe_ax,SynthSeg,2024_phi_t1ffe_ax,true,0.19331700000000002,0.30131632730796876,-35.84250753115845,35.84250753115845,64.15749246884155,2,1,weak
all_source_median,2024_t1like,left_cerebellum_white_matter,synthseg_2024_t1ffe_ax,SynthSeg,2024_phi_t1ffe_ax,true,13.281401,11.646874581613934,14.034034684003322,14.034034684003322,85.96596531599668,6,2,moderate
trusted_source_median,2024_t1like,left_cerebellum_white_matter,synthseg_2024_t1ffe_ax,SynthSeg,2024_phi_t1ffe_ax,true,13.281401,11.368271807274734,16.828672160187313,16.828672160187313,83.17132783981269,4,2,moderate
trusted_method_balanced_median,2024_t1like,left_cerebellum_white_matter,synthseg_2024_t1ffe_ax,SynthSeg,2024_phi_t1ffe_ax,true,13.281401,11.492001660115843,15.570823889579216,15.570823889579216,84.42917611042078,4,2,moderate
trusted_leave_one_source_out,2024_t1like,left_cerebellum_white_matter,synthseg_2024_t1ffe_ax,SynthSeg,2024_phi_t1ffe_ax,true,13.281401,9.987245614549465,32.983622437918164,32.983622437918164,67.01637756208183,3,2,limited
trusted_leave_one_method_out,2024_t1like,left_cerebellum_white_matter,synthseg_2024_t1ffe_ax,SynthSeg,2024_phi_t1ffe_ax,true,13.281401,9.968653820231687,33.23164029475066,33.23164029475066,66.76835970524934,2,1,weak
all_source_median,2024_t1like,left_cerebellum_cortex,synthseg_2024_t1ffe_ax,SynthSeg,2024_phi_t1ffe_ax,true,49.78271,48.89087840565227,1.8241267562184433,1.8241267562184433,98.17587324378155,6,2,moderate
trusted_source_median,2024_t1like,left_cerebellum_cortex,synthseg_2024_t1ffe_ax,SynthSeg,2024_phi_t1ffe_ax,true,49.78271,48.89087840565227,1.8241267562184433,1.8241267562184433,98.17587324378155,4,2,moderate
trusted_method_balanced_median,2024_t1like,left_cerebellum_cortex,synthseg_2024_t1ffe_ax,SynthSeg,2024_phi_t1ffe_ax,true,49.78271,48.65517197125434,2.317406316869695,2.317406316869695,97.6825936831303,4,2,moderate
trusted_leave_one_source_out,2024_t1like,left_cerebellum_cortex,synthseg_2024_t1ffe_ax,SynthSeg,2024_phi_t1ffe_ax,true,49.78271,47.99904681130454,3.7160387699102864,3.7160387699102864,96.28396123008972,3,2,limited
trusted_leave_one_method_out,2024_t1like,left_cerebellum_cortex,synthseg_2024_t1ffe_ax,SynthSeg,2024_phi_t1ffe_ax,true,49.78271,46.83735044250868,6.288484574093607,6.288484574093607,93.7115154259064,2,1,weak
all_source_median,2024_t1like,left_thalamus,synthseg_2024_t1ffe_ax,SynthSeg,2024_phi_t1ffe_ax,true,6.601964,6.5120130970054575,1.381307157319847,1.381307157319847,98.61869284268015,6,2,moderate
trusted_source_median,2024_t1like,left_thalamus,synthseg_2024_t1ffe_ax,SynthSeg,2024_phi_t1ffe_ax,true,6.601964,6.5120130970054575,1.381307157319847,1.381307157319847,98.61869284268015,4,2,moderate
trusted_method_balanced_median,2024_t1like,left_thalamus,synthseg_2024_t1ffe_ax,SynthSeg,2024_phi_t1ffe_ax,true,6.601964,6.725002189154715,-1.8295635554310539,1.8295635554310539,98.17043644456895,4,2,moderate
trusted_leave_one_source_out,2024_t1like,left_thalamus,synthseg_2024_t1ffe_ax,SynthSeg,2024_phi_t1ffe_ax,true,6.601964,6.422062194010916,2.801308996304276,2.801308996304276,97.19869100369573,3,2,limited
trusted_leave_one_method_out,2024_t1like,left_thalamus,synthseg_2024_t1ffe_ax,SynthSeg,2024_phi_t1ffe_ax,true,6.601964,6.420533878309429,2.8257793686518635,2.8257793686518635,97.17422063134813,2,1,weak
all_source_median,2024_t1like,left_caudate,synthseg_2024_t1ffe_ax,SynthSeg,2024_phi_t1ffe_ax,true,3.494552,3.287454681937226,6.299625032115606,6.299625032115606,93.7003749678844,6,2,moderate
trusted_source_median,2024_t1like,left_caudate,synthseg_2024_t1ffe_ax,SynthSeg,2024_phi_t1ffe_ax,true,3.494552,3.287454681937226,6.299625032115606,6.299625032115606,93.7003749678844,4,2,moderate
trusted_method_balanced_median,2024_t1like,left_caudate,synthseg_2024_t1ffe_ax,SynthSeg,2024_phi_t1ffe_ax,true,3.494552,3.321708867627617,5.203440134590382,5.203440134590382,94.79655986540962,4,2,moderate
trusted_leave_one_source_out,2024_t1like,left_caudate,synthseg_2024_t1ffe_ax,SynthSeg,2024_phi_t1ffe_ax,true,3.494552,3.080357363874452,13.44631765726613,13.44631765726613,86.55368234273386,3,2,limited
trusted_leave_one_method_out,2024_t1like,left_caudate,synthseg_2024_t1ffe_ax,SynthSeg,2024_phi_t1ffe_ax,true,3.494552,3.0446317352552343,14.777493761722498,14.777493761722498,85.2225062382775,2,1,weak
all_source_median,2024_t1like,left_putamen,synthseg_2024_t1ffe_ax,SynthSeg,2024_phi_t1ffe_ax,true,5.1865060000000005,4.907912685748109,5.676411380766572,5.676411380766572,94.32358861923343,6,2,moderate
trusted_source_median,2024_t1like,left_putamen,synthseg_2024_t1ffe_ax,SynthSeg,2024_phi_t1ffe_ax,true,5.1865060000000005,4.907912685748109,5.676411380766572,5.676411380766572,94.32358861923343,4,2,moderate
trusted_method_balanced_median,2024_t1like,left_putamen,synthseg_2024_t1ffe_ax,SynthSeg,2024_phi_t1ffe_ax,true,5.1865060000000005,4.912801537498348,5.571250139304951,5.571250139304951,94.42874986069505,4,2,moderate
trusted_leave_one_source_out,2024_t1like,left_putamen,synthseg_2024_t1ffe_ax,SynthSeg,2024_phi_t1ffe_ax,true,5.1865060000000005,4.893176371496217,5.994666985896728,5.994666985896728,94.00533301410327,3,2,limited
trusted_leave_one_method_out,2024_t1like,left_putamen,synthseg_2024_t1ffe_ax,SynthSeg,2024_phi_t1ffe_ax,true,5.1865060000000005,4.771025574996695,8.708409093019647,8.708409093019647,91.29159090698036,2,1,weak
all_source_median,2024_t1like,left_pallidum,synthseg_2024_t1ffe_ax,SynthSeg,2024_phi_t1ffe_ax,true,1.1627349999999999,1.3852020892137231,-16.060262321723858,16.060262321723858,83.93973767827615,6,2,moderate
trusted_source_median,2024_t1like,left_pallidum,synthseg_2024_t1ffe_ax,SynthSeg,2024_phi_t1ffe_ax,true,1.1627349999999999,1.332445589213723,-12.736774438487167,12.736774438487167,87.26322556151283,4,2,moderate
trusted_method_balanced_median,2024_t1like,left_pallidum,synthseg_2024_t1ffe_ax,SynthSeg,2024_phi_t1ffe_ax,true,1.1627349999999999,1.3720793966655491,-15.257455011299026,15.257455011299026,84.74254498870097,4,2,moderate
trusted_leave_one_source_out,2024_t1like,left_pallidum,synthseg_2024_t1ffe_ax,SynthSeg,2024_phi_t1ffe_ax,true,1.1627349999999999,1.5021561784274462,-22.595598467182974,22.595598467182974,77.40440153281702,3,2,limited
trusted_leave_one_method_out,2024_t1like,left_pallidum,synthseg_2024_t1ffe_ax,SynthSeg,2024_phi_t1ffe_ax,true,1.1627349999999999,1.6048727933310984,-27.549709557565038,27.549709557565038,72.45029044243496,2,1,weak
all_source_median,2024_t1like,third_ventricle,synthseg_2024_t1ffe_ax,SynthSeg,2024_phi_t1ffe_ax,true,0.566767,0.6984497706375525,-18.853577762270728,18.853577762270728,81.14642223772927,6,2,moderate
trusted_source_median,2024_t1like,third_ventricle,synthseg_2024_t1ffe_ax,SynthSeg,2024_phi_t1ffe_ax,true,0.566767,0.6984497706375525,-18.853577762270728,18.853577762270728,81.14642223772927,4,2,moderate
trusted_method_balanced_median,2024_t1like,third_ventricle,synthseg_2024_t1ffe_ax,SynthSeg,2024_phi_t1ffe_ax,true,0.566767,0.9342134891972123,-39.33217550872297,39.33217550872297,60.66782449127703,4,2,moderate
trusted_leave_one_source_out,2024_t1like,third_ventricle,synthseg_2024_t1ffe_ax,SynthSeg,2024_phi_t1ffe_ax,true,0.566767,0.7174745412751052,-21.005280690136516,21.005280690136516,78.99471930986348,3,2,limited
trusted_leave_one_method_out,2024_t1like,third_ventricle,synthseg_2024_t1ffe_ax,SynthSeg,2024_phi_t1ffe_ax,true,0.566767,1.2453309783944244,-54.48864520091524,54.48864520091524,45.51135479908476,2,1,weak
all_source_median,2024_t1like,fourth_ventricle,synthseg_2024_t1ffe_ax,SynthSeg,2024_phi_t1ffe_ax,true,1.3285150000000001,1.5401296131386268,-13.740052222447549,13.740052222447549,86.25994777755245,6,2,moderate
trusted_source_median,2024_t1like,fourth_ventricle,synthseg_2024_t1ffe_ax,SynthSeg,2024_phi_t1ffe_ax,true,1.3285150000000001,1.5401296131386268,-13.740052222447549,13.740052222447549,86.25994777755245,4,2,moderate
trusted_method_balanced_median,2024_t1like,fourth_ventricle,synthseg_2024_t1ffe_ax,SynthSeg,2024_phi_t1ffe_ax,true,1.3285150000000001,1.5546779100099968,-14.547251784682679,14.547251784682679,85.45274821531731,4,2,moderate
trusted_leave_one_source_out,2024_t1like,fourth_ventricle,synthseg_2024_t1ffe_ax,SynthSeg,2024_phi_t1ffe_ax,true,1.3285150000000001,1.731505226277254,-23.273982669037913,23.273982669037913,76.7260173309621,3,2,limited
trusted_leave_one_method_out,2024_t1like,fourth_ventricle,synthseg_2024_t1ffe_ax,SynthSeg,2024_phi_t1ffe_ax,true,1.3285150000000001,1.7707213200199936,-24.973230684035613,24.973230684035613,75.02676931596439,2,1,weak
all_source_median,2024_t1like,brain_stem,synthseg_2024_t1ffe_ax,SynthSeg,2024_phi_t1ffe_ax,true,20.296207,18.583624379553953,9.215546900152916,9.215546900152916,90.78445309984708,6,2,moderate
trusted_source_median,2024_t1like,brain_stem,synthseg_2024_t1ffe_ax,SynthSeg,2024_phi_t1ffe_ax,true,20.296207,18.462650848361967,9.931164092835063,9.931164092835063,90.06883590716494,4,2,moderate
trusted_method_balanced_median,2024_t1like,brain_stem,synthseg_2024_t1ffe_ax,SynthSeg,2024_phi_t1ffe_ax,true,20.296207,18.499015867933974,9.71506346551797,9.71506346551797,90.28493653448203,4,2,moderate
trusted_leave_one_source_out,2024_t1like,brain_stem,synthseg_2024_t1ffe_ax,SynthSeg,2024_phi_t1ffe_ax,true,20.296207,16.859061696723938,20.38752431841429,20.38752431841429,79.6124756815857,3,2,limited
trusted_leave_one_method_out,2024_t1like,brain_stem,synthseg_2024_t1ffe_ax,SynthSeg,2024_phi_t1ffe_ax,true,20.296207,16.816808235867946,20.690006779710867,20.690006779710867,79.30999322028913,2,1,weak
all_source_median,2024_t1like,left_hippocampus,synthseg_2024_t1ffe_ax,SynthSeg,2024_phi_t1ffe_ax,true,3.7089160000000003,3.9114385703107897,-5.177700395143815,5.177700395143815,94.82229960485618,6,2,moderate
trusted_source_median,2024_t1like,left_hippocampus,synthseg_2024_t1ffe_ax,SynthSeg,2024_phi_t1ffe_ax,true,3.7089160000000003,3.9114385703107897,-5.177700395143815,5.177700395143815,94.82229960485618,4,2,moderate
trusted_method_balanced_median,2024_t1like,left_hippocampus,synthseg_2024_t1ffe_ax,SynthSeg,2024_phi_t1ffe_ax,true,3.7089160000000003,3.8924247995573253,-4.714511108299253,4.714511108299253,95.28548889170075,4,2,moderate
trusted_leave_one_source_out,2024_t1like,left_hippocampus,synthseg_2024_t1ffe_ax,SynthSeg,2024_phi_t1ffe_ax,true,3.7089160000000003,3.9508931406215795,-6.124618713011047,6.124618713011047,93.87538128698895,3,2,limited
trusted_leave_one_method_out,2024_t1like,left_hippocampus,synthseg_2024_t1ffe_ax,SynthSeg,2024_phi_t1ffe_ax,true,3.7089160000000003,3.994399599114651,-7.147096629439059,7.147096629439059,92.85290337056094,2,1,weak
all_source_median,2024_t1like,left_amygdala,synthseg_2024_t1ffe_ax,SynthSeg,2024_phi_t1ffe_ax,true,1.544998,1.507377177701961,2.495780276797955,2.495780276797955,97.50421972320204,6,2,moderate
trusted_source_median,2024_t1like,left_amygdala,synthseg_2024_t1ffe_ax,SynthSeg,2024_phi_t1ffe_ax,true,1.544998,1.482798795862354,4.194716391138739,4.194716391138739,95.80528360886126,4,2,moderate
trusted_method_balanced_median,2024_t1like,left_amygdala,synthseg_2024_t1ffe_ax,SynthSeg,2024_phi_t1ffe_ax,true,1.544998,1.498971881077701,3.0705124961522343,3.0705124961522343,96.92948750384777,4,2,moderate
trusted_leave_one_source_out,2024_t1like,left_amygdala,synthseg_2024_t1ffe_ax,SynthSeg,2024_phi_t1ffe_ax,true,1.544998,1.4205995917247083,8.756753767911713,8.756753767911713,91.24324623208828,3,2,limited
trusted_leave_one_method_out,2024_t1like,left_amygdala,synthseg_2024_t1ffe_ax,SynthSeg,2024_phi_t1ffe_ax,true,1.544998,1.417737262155402,8.976327366265458,8.976327366265458,91.02367263373455,2,1,weak
all_source_median,2024_t1like,csf,synthseg_2024_t1ffe_ax,SynthSeg,2024_phi_t1ffe_ax,true,196.52423000000002,51.75802184512338,279.698108610224,279.698108610224,0.0,6,2,moderate
trusted_source_median,2024_t1like,csf,synthseg_2024_t1ffe_ax,SynthSeg,2024_phi_t1ffe_ax,true,196.52423000000002,98.8891618451234,98.73181886988698,98.73181886988698,1.268181130113021,4,2,moderate
trusted_method_balanced_median,2024_t1like,csf,synthseg_2024_t1ffe_ax,SynthSeg,2024_phi_t1ffe_ax,true,196.52423000000002,103.02836992102924,90.74768449761451,90.74768449761451,9.252315502385486,4,2,moderate
trusted_leave_one_source_out,2024_t1like,csf,synthseg_2024_t1ffe_ax,SynthSeg,2024_phi_t1ffe_ax,true,196.52423000000002,1.254093690246767,15570.61787555363,15570.61787555363,0.0,3,2,limited
trusted_leave_one_method_out,2024_t1like,csf,synthseg_2024_t1ffe_ax,SynthSeg,2024_phi_t1ffe_ax,true,196.52423000000002,1.1531948420584606,16941.719476407205,16941.719476407205,0.0,2,1,weak
all_source_median,2024_t1like,left_accumbens_area,synthseg_2024_t1ffe_ax,SynthSeg,2024_phi_t1ffe_ax,true,0.6685270000000001,0.6427775527482953,4.00596553840579,4.00596553840579,95.99403446159421,6,2,moderate
trusted_source_median,2024_t1like,left_accumbens_area,synthseg_2024_t1ffe_ax,SynthSeg,2024_phi_t1ffe_ax,true,0.6685270000000001,0.6427775527482953,4.00596553840579,4.00596553840579,95.99403446159421,4,2,moderate
trusted_method_balanced_median,2024_t1like,left_accumbens_area,synthseg_2024_t1ffe_ax,SynthSeg,2024_phi_t1ffe_ax,true,0.6685270000000001,0.642968269588982,3.975115354814713,3.975115354814713,96.02488464518528,4,2,moderate
trusted_leave_one_source_out,2024_t1like,left_accumbens_area,synthseg_2024_t1ffe_ax,SynthSeg,2024_phi_t1ffe_ax,true,0.6685270000000001,0.6170281054965905,8.346280184751516,8.346280184751516,91.65371981524848,3,2,limited
trusted_leave_one_method_out,2024_t1like,left_accumbens_area,synthseg_2024_t1ffe_ax,SynthSeg,2024_phi_t1ffe_ax,true,0.6685270000000001,0.593326539177964,12.67438010209759,12.67438010209759,87.32561989790241,2,1,weak
all_source_median,2024_t1like,right_cerebral_white_matter,synthseg_2024_t1ffe_ax,SynthSeg,2024_phi_t1ffe_ax,true,204.0083,190.60175363504274,7.033800114256879,7.033800114256879,92.96619988574312,6,2,moderate
trusted_source_median,2024_t1like,right_cerebral_white_matter,synthseg_2024_t1ffe_ax,SynthSeg,2024_phi_t1ffe_ax,true,204.0083,194.5192581508988,4.87820174686254,4.87820174686254,95.12179825313746,4,2,moderate
trusted_method_balanced_median,2024_t1like,right_cerebral_white_matter,synthseg_2024_t1ffe_ax,SynthSeg,2024_phi_t1ffe_ax,true,204.0083,195.65082681752136,4.271626815190224,4.271626815190224,95.72837318480978,4,2,moderate
trusted_leave_one_source_out,2024_t1like,right_cerebral_white_matter,synthseg_2024_t1ffe_ax,SynthSeg,2024_phi_t1ffe_ax,true,204.0083,191.6470163017976,6.450026687989944,6.450026687989944,93.54997331201005,3,2,limited
trusted_leave_one_method_out,2024_t1like,right_cerebral_white_matter,synthseg_2024_t1ffe_ax,SynthSeg,2024_phi_t1ffe_ax,true,204.0083,190.60175363504274,7.033800114256879,7.033800114256879,92.96619988574312,2,1,weak
all_source_median,2024_t1like,right_cerebral_cortex,synthseg_2024_t1ffe_ax,SynthSeg,2024_phi_t1ffe_ax,true,246.65795,246.65231,0.002286619573925598,0.002286619573925598,99.99771338042608,6,2,moderate
trusted_source_median,2024_t1like,right_cerebral_cortex,synthseg_2024_t1ffe_ax,SynthSeg,2024_phi_t1ffe_ax,true,246.65795,251.32404158167452,-1.856603750404893,1.856603750404893,98.14339624959511,4,2,moderate
trusted_method_balanced_median,2024_t1like,right_cerebral_cortex,synthseg_2024_t1ffe_ax,SynthSeg,2024_phi_t1ffe_ax,true,246.65795,253.92616949245905,-2.8623357360080606,2.8623357360080606,97.13766426399194,4,2,moderate
trusted_leave_one_source_out,2024_t1like,right_cerebral_cortex,synthseg_2024_t1ffe_ax,SynthSeg,2024_phi_t1ffe_ax,true,246.65795,255.99013316334904,-3.645524555196084,3.645524555196084,96.35447544480391,3,2,limited
trusted_leave_one_method_out,2024_t1like,right_cerebral_cortex,synthseg_2024_t1ffe_ax,SynthSeg,2024_phi_t1ffe_ax,true,246.65795,261.2000289849181,-5.567410938441273,5.567410938441273,94.43258906155873,2,1,weak
all_source_median,2024_t1like,right_lateral_ventricle,synthseg_2024_t1ffe_ax,SynthSeg,2024_phi_t1ffe_ax,true,4.967576,5.115146748437133,-2.884975851029514,2.884975851029514,97.11502414897049,6,2,moderate
trusted_source_median,2024_t1like,right_lateral_ventricle,synthseg_2024_t1ffe_ax,SynthSeg,2024_phi_t1ffe_ax,true,4.967576,5.115146748437133,-2.884975851029514,2.884975851029514,97.11502414897049,4,2,moderate
trusted_method_balanced_median,2024_t1like,right_lateral_ventricle,synthseg_2024_t1ffe_ax,SynthSeg,2024_phi_t1ffe_ax,true,4.967576,5.1052407495029755,-2.6965378570320646,2.6965378570320646,97.30346214296793,4,2,moderate
trusted_leave_one_source_out,2024_t1like,right_lateral_ventricle,synthseg_2024_t1ffe_ax,SynthSeg,2024_phi_t1ffe_ax,true,4.967576,5.218431496874266,-4.807105296381166,4.807105296381166,95.19289470361883,3,2,limited
trusted_leave_one_method_out,2024_t1like,right_lateral_ventricle,synthseg_2024_t1ffe_ax,SynthSeg,2024_phi_t1ffe_ax,true,4.967576,5.22076249900595,-4.849607678076858,4.849607678076858,95.15039232192314,2,1,weak
all_source_median,2024_t1like,right_inferior_lateral_ventricle,synthseg_2024_t1ffe_ax,SynthSeg,2024_phi_t1ffe_ax,true,0.329754,0.4060385,-18.787504140617216,18.787504140617216,81.21249585938278,6,2,moderate
trusted_source_median,2024_t1like,right_inferior_lateral_ventricle,synthseg_2024_t1ffe_ax,SynthSeg,2024_phi_t1ffe_ax,true,0.329754,0.39546771712302664,-16.61670833743015,16.61670833743015,83.38329166256985,4,2,moderate
trusted_method_balanced_median,2024_t1like,right_inferior_lateral_ventricle,synthseg_2024_t1ffe_ax,SynthSeg,2024_phi_t1ffe_ax,true,0.329754,0.4443989132366852,-25.7977483341922,25.7977483341922,74.20225166580781,4,2,moderate
trusted_leave_one_source_out,2024_t1like,right_inferior_lateral_ventricle,synthseg_2024_t1ffe_ax,SynthSeg,2024_phi_t1ffe_ax,true,0.329754,0.42741500000000004,-22.849221482633983,22.849221482633983,77.15077851736602,3,2,limited
trusted_leave_one_method_out,2024_t1like,right_inferior_lateral_ventricle,synthseg_2024_t1ffe_ax,SynthSeg,2024_phi_t1ffe_ax,true,0.329754,0.5102133264733704,-35.369387099454585,35.369387099454585,64.63061290054542,2,1,weak
all_source_median,2024_t1like,right_cerebellum_white_matter,synthseg_2024_t1ffe_ax,SynthSeg,2024_phi_t1ffe_ax,true,12.848325,11.379415723171789,12.90847713593139,12.90847713593139,87.09152286406861,6,2,moderate
trusted_source_median,2024_t1like,right_cerebellum_white_matter,synthseg_2024_t1ffe_ax,SynthSeg,2024_phi_t1ffe_ax,true,12.848325,11.379415723171789,12.90847713593139,12.90847713593139,87.09152286406861,4,2,moderate
trusted_method_balanced_median,2024_t1like,right_cerebellum_white_matter,synthseg_2024_t1ffe_ax,SynthSeg,2024_phi_t1ffe_ax,true,12.848325,11.58568742120741,10.89825344745063,10.89825344745063,89.10174655254937,4,2,moderate
trusted_leave_one_source_out,2024_t1like,right_cerebellum_white_matter,synthseg_2024_t1ffe_ax,SynthSeg,2024_phi_t1ffe_ax,true,12.848325,10.77168444634358,19.278698368864042,19.278698368864042,80.72130163113596,3,2,limited
trusted_leave_one_method_out,2024_t1like,right_cerebellum_white_matter,synthseg_2024_t1ffe_ax,SynthSeg,2024_phi_t1ffe_ax,true,12.848325,10.75363884241482,19.478859093939985,19.478859093939985,80.52114090606001,2,1,weak
all_source_median,2024_t1like,right_cerebellum_cortex,synthseg_2024_t1ffe_ax,SynthSeg,2024_phi_t1ffe_ax,true,48.041957000000004,48.70032950829567,-1.351885120579144,1.351885120579144,98.64811487942086,6,2,moderate
trusted_source_median,2024_t1like,right_cerebellum_cortex,synthseg_2024_t1ffe_ax,SynthSeg,2024_phi_t1ffe_ax,true,48.041957000000004,49.394191661751705,-2.7376390143434652,2.7376390143434652,97.26236098565653,4,2,moderate
trusted_method_balanced_median,2024_t1like,right_cerebellum_cortex,synthseg_2024_t1ffe_ax,SynthSeg,2024_phi_t1ffe_ax,true,48.041957000000004,49.532186032327914,-3.0086074362946356,3.0086074362946356,96.99139256370536,4,2,moderate
trusted_leave_one_source_out,2024_t1like,right_cerebellum_cortex,synthseg_2024_t1ffe_ax,SynthSeg,2024_phi_t1ffe_ax,true,48.041957000000004,50.58673832350342,-5.030530545830957,5.030530545830957,94.96946945416904,3,2,limited
trusted_leave_one_method_out,2024_t1like,right_cerebellum_cortex,synthseg_2024_t1ffe_ax,SynthSeg,2024_phi_t1ffe_ax,true,48.041957000000004,50.94257106465582,-5.693890206237113,5.693890206237113,94.30610979376289,2,1,weak
all_source_median,2024_t1like,right_thalamus,synthseg_2024_t1ffe_ax,SynthSeg,2024_phi_t1ffe_ax,true,6.723409999999999,6.652521562648483,1.0655874871496838,1.0655874871496838,98.93441251285032,6,2,moderate
trusted_source_median,2024_t1like,right_thalamus,synthseg_2024_t1ffe_ax,SynthSeg,2024_phi_t1ffe_ax,true,6.723409999999999,6.652521562648483,1.0655874871496838,1.0655874871496838,98.93441251285032,4,2,moderate
trusted_method_balanced_median,2024_t1like,right_thalamus,synthseg_2024_t1ffe_ax,SynthSeg,2024_phi_t1ffe_ax,true,6.723409999999999,6.686422206468542,0.5531776544962235,0.5531776544962235,99.44682234550378,4,2,moderate
trusted_leave_one_source_out,2024_t1like,right_thalamus,synthseg_2024_t1ffe_ax,SynthSeg,2024_phi_t1ffe_ax,true,6.723409999999999,6.581633125296965,2.1541291044939177,2.1541291044939177,97.84587089550608,3,2,limited
trusted_leave_one_method_out,2024_t1like,right_thalamus,synthseg_2024_t1ffe_ax,SynthSeg,2024_phi_t1ffe_ax,true,6.723409999999999,6.432941412937085,4.515330832622885,4.515330832622885,95.48466916737712,2,1,weak
all_source_median,2024_t1like,right_caudate,synthseg_2024_t1ffe_ax,SynthSeg,2024_phi_t1ffe_ax,true,3.8075579999999998,3.4782652612645997,9.467154285285261,9.467154285285261,90.53284571471474,6,2,moderate
trusted_source_median,2024_t1like,right_caudate,synthseg_2024_t1ffe_ax,SynthSeg,2024_phi_t1ffe_ax,true,3.8075579999999998,3.4621257904987393,9.977459815274333,9.977459815274333,90.02254018472567,4,2,moderate
trusted_method_balanced_median,2024_t1like,right_caudate,synthseg_2024_t1ffe_ax,SynthSeg,2024_phi_t1ffe_ax,true,3.8075579999999998,3.307702365482191,15.111868580864307,15.111868580864307,84.88813141913569,4,2,moderate
trusted_leave_one_source_out,2024_t1like,right_caudate,synthseg_2024_t1ffe_ax,SynthSeg,2024_phi_t1ffe_ax,true,3.8075579999999998,3.2621175809974785,16.720440188294454,16.720440188294454,83.27955981170555,3,2,limited
trusted_leave_one_method_out,2024_t1like,right_caudate,synthseg_2024_t1ffe_ax,SynthSeg,2024_phi_t1ffe_ax,true,3.8075579999999998,2.8805587309643825,32.18123133789628,32.18123133789628,67.81876866210372,2,1,weak
all_source_median,2024_t1like,right_putamen,synthseg_2024_t1ffe_ax,SynthSeg,2024_phi_t1ffe_ax,true,5.071049,4.6157947663279115,9.862965246920318,9.862965246920318,90.13703475307969,6,2,moderate
trusted_source_median,2024_t1like,right_putamen,synthseg_2024_t1ffe_ax,SynthSeg,2024_phi_t1ffe_ax,true,5.071049,4.6157947663279115,9.862965246920318,9.862965246920318,90.13703475307969,4,2,moderate
trusted_method_balanced_median,2024_t1like,right_putamen,synthseg_2024_t1ffe_ax,SynthSeg,2024_phi_t1ffe_ax,true,5.071049,4.6638293540978655,8.731443948401157,8.731443948401157,91.26855605159884,4,2,moderate
trusted_leave_one_source_out,2024_t1like,right_putamen,synthseg_2024_t1ffe_ax,SynthSeg,2024_phi_t1ffe_ax,true,5.071049,4.561593532655823,11.1683661355852,11.1683661355852,88.8316338644148,3,2,limited
trusted_leave_one_method_out,2024_t1like,right_putamen,synthseg_2024_t1ffe_ax,SynthSeg,2024_phi_t1ffe_ax,true,5.071049,4.45713620819573,13.773704978443657,13.773704978443657,86.22629502155634,2,1,weak
all_source_median,2024_t1like,right_pallidum,synthseg_2024_t1ffe_ax,SynthSeg,2024_phi_t1ffe_ax,true,1.424323,1.4158300952924814,0.5998533818257453,0.5998533818257453,99.40014661817426,6,2,moderate
trusted_source_median,2024_t1like,right_pallidum,synthseg_2024_t1ffe_ax,SynthSeg,2024_phi_t1ffe_ax,true,1.424323,1.4033877713299001,1.491763652056119,1.491763652056119,98.50823634794388,4,2,moderate
trusted_method_balanced_median,2024_t1like,right_pallidum,synthseg_2024_t1ffe_ax,SynthSeg,2024_phi_t1ffe_ax,true,1.424323,1.39000788566495,2.468699256237266,2.468699256237266,97.53130074376273,4,2,moderate
trusted_leave_one_source_out,2024_t1like,right_pallidum,synthseg_2024_t1ffe_ax,SynthSeg,2024_phi_t1ffe_ax,true,1.424323,1.3919006100737041,2.3293609968731195,2.3293609968731195,97.67063900312688,3,2,limited
trusted_leave_one_method_out,2024_t1like,right_pallidum,synthseg_2024_t1ffe_ax,SynthSeg,2024_phi_t1ffe_ax,true,1.424323,1.4033877713299001,1.491763652056119,1.491763652056119,98.50823634794388,2,1,weak
all_source_median,2024_t1like,right_hippocampus,synthseg_2024_t1ffe_ax,SynthSeg,2024_phi_t1ffe_ax,true,3.4649650000000003,3.6667269409186494,-5.502507936085918,5.502507936085918,94.49749206391408,6,2,moderate
trusted_source_median,2024_t1like,right_hippocampus,synthseg_2024_t1ffe_ax,SynthSeg,2024_phi_t1ffe_ax,true,3.4649650000000003,3.7120177869022846,-6.655484997243298,6.655484997243298,93.34451500275671,4,2,moderate
trusted_method_balanced_median,2024_t1like,right_hippocampus,synthseg_2024_t1ffe_ax,SynthSeg,2024_phi_t1ffe_ax,true,3.4649650000000003,3.7111692195086623,-6.634141558795803,6.634141558795803,93.3658584412042,4,2,moderate
trusted_leave_one_source_out,2024_t1like,right_hippocampus,synthseg_2024_t1ffe_ax,SynthSeg,2024_phi_t1ffe_ax,true,3.4649650000000003,3.726067,-7.0074424319262025,7.0074424319262025,92.99255756807379,3,2,limited
trusted_leave_one_method_out,2024_t1like,right_hippocampus,synthseg_2024_t1ffe_ax,SynthSeg,2024_phi_t1ffe_ax,true,3.4649650000000003,3.8268224390173247,-9.455819933737097,9.455819933737097,90.5441800662629,2,1,weak
all_source_median,2024_t1like,right_amygdala,synthseg_2024_t1ffe_ax,SynthSeg,2024_phi_t1ffe_ax,true,1.6205440000000002,1.4494881199674077,11.801123284572956,11.801123284572956,88.19887671542705,6,2,moderate
trusted_source_median,2024_t1like,right_amygdala,synthseg_2024_t1ffe_ax,SynthSeg,2024_phi_t1ffe_ax,true,1.6205440000000002,1.5086138868411025,7.419400957077821,7.419400957077821,92.58059904292217,4,2,moderate
trusted_method_balanced_median,2024_t1like,right_amygdala,synthseg_2024_t1ffe_ax,SynthSeg,2024_phi_t1ffe_ax,true,1.6205440000000002,1.515495614668985,6.931619221739538,6.931619221739538,93.06838077826046,4,2,moderate
trusted_leave_one_source_out,2024_t1like,right_amygdala,synthseg_2024_t1ffe_ax,SynthSeg,2024_phi_t1ffe_ax,true,1.6205440000000002,1.3966837736822049,16.027982177211967,16.027982177211967,83.97201782278803,3,2,limited
trusted_leave_one_method_out,2024_t1like,right_amygdala,synthseg_2024_t1ffe_ax,SynthSeg,2024_phi_t1ffe_ax,true,1.6205440000000002,1.3805137293379701,17.38702524727062,17.38702524727062,82.61297475272937,2,1,weak
all_source_median,2024_t1like,right_accumbens_area,synthseg_2024_t1ffe_ax,SynthSeg,2024_phi_t1ffe_ax,true,0.7103700000000001,0.6493495619227931,9.397163200744897,9.397163200744897,90.6028367992551,6,2,moderate
trusted_source_median,2024_t1like,right_accumbens_area,synthseg_2024_t1ffe_ax,SynthSeg,2024_phi_t1ffe_ax,true,0.7103700000000001,0.6493495619227931,9.397163200744897,9.397163200744897,90.6028367992551,4,2,moderate
trusted_method_balanced_median,2024_t1like,right_accumbens_area,synthseg_2024_t1ffe_ax,SynthSeg,2024_phi_t1ffe_ax,true,0.7103700000000001,0.6423453380442079,10.590045249322028,10.590045249322028,89.40995475067797,4,2,moderate
trusted_leave_one_source_out,2024_t1like,right_accumbens_area,synthseg_2024_t1ffe_ax,SynthSeg,2024_phi_t1ffe_ax,true,0.7103700000000001,0.5883291238455863,20.74364011706562,20.74364011706562,79.25635988293438,3,2,limited
trusted_leave_one_method_out,2024_t1like,right_accumbens_area,synthseg_2024_t1ffe_ax,SynthSeg,2024_phi_t1ffe_ax,true,0.7103700000000001,0.5215551760884157,36.20227208320828,36.20227208320828,63.79772791679172,2,1,weak
all_source_median,2024_t1like,total_intracranial,synthseg_2024_t1ffe_sag,SynthSeg,2024_phi_t1ffe_sag,true,1314.3018,1307.1279,0.5488292308656255,0.5488292308656255,99.45117076913438,3,1,weak
trusted_source_median,2024_t1like,total_intracranial,synthseg_2024_t1ffe_sag,SynthSeg,2024_phi_t1ffe_sag,true,1314.3018,1310.7148499999998,0.27366364240094754,0.27366364240094754,99.72633635759905,2,1,weak
all_source_median,2024_t1like,left_cerebral_white_matter,synthseg_2024_t1ffe_sag,SynthSeg,2024_phi_t1ffe_sag,true,201.43934,183.93287407674603,9.517855908644899,9.517855908644899,90.4821440913551,6,2,moderate
trusted_source_median,2024_t1like,left_cerebral_white_matter,synthseg_2024_t1ffe_sag,SynthSeg,2024_phi_t1ffe_sag,true,201.43934,193.09451718916978,4.321625974835421,4.321625974835421,95.67837402516457,4,2,moderate
trusted_method_balanced_median,2024_t1like,left_cerebral_white_matter,synthseg_2024_t1ffe_sag,SynthSeg,2024_phi_t1ffe_sag,true,201.43934,193.62163953837302,4.037617117728008,4.037617117728008,95.962382882272,4,2,moderate
trusted_leave_one_source_out,2024_t1like,left_cerebral_white_matter,synthseg_2024_t1ffe_sag,SynthSeg,2024_phi_t1ffe_sag,true,201.43934,184.7496943783396,9.033652628124248,9.033652628124248,90.96634737187576,3,2,limited
trusted_leave_one_method_out,2024_t1like,left_cerebral_white_matter,synthseg_2024_t1ffe_sag,SynthSeg,2024_phi_t1ffe_sag,true,201.43934,183.93287407674603,9.517855908644899,9.517855908644899,90.4821440913551,2,1,weak
all_source_median,2024_t1like,left_cerebral_cortex,synthseg_2024_t1ffe_sag,SynthSeg,2024_phi_t1ffe_sag,true,244.72505999999998,244.95529,-0.09398858052831027,0.09398858052831027,99.9060114194717,6,2,moderate
trusted_source_median,2024_t1like,left_cerebral_cortex,synthseg_2024_t1ffe_sag,SynthSeg,2024_phi_t1ffe_sag,true,244.72505999999998,247.36589467999107,-1.067582369593612,1.067582369593612,98.93241763040639,4,2,moderate
trusted_method_balanced_median,2024_t1like,left_cerebral_cortex,synthseg_2024_t1ffe_sag,SynthSeg,2024_phi_t1ffe_sag,true,244.72505999999998,249.67368765337577,-1.982038115384431,1.982038115384431,98.01796188461557,4,2,moderate
trusted_leave_one_source_out,2024_t1like,left_cerebral_cortex,synthseg_2024_t1ffe_sag,SynthSeg,2024_phi_t1ffe_sag,true,244.72505999999998,249.54626935998212,-1.9319901565137465,1.9319901565137465,98.06800984348625,3,2,limited
trusted_leave_one_method_out,2024_t1like,left_cerebral_cortex,synthseg_2024_t1ffe_sag,SynthSeg,2024_phi_t1ffe_sag,true,244.72505999999998,254.39208530675154,-3.800049555431272,3.800049555431272,96.19995044456873,2,1,weak
all_source_median,2024_t1like,left_lateral_ventricle,synthseg_2024_t1ffe_sag,SynthSeg,2024_phi_t1ffe_sag,true,4.607746,5.406187057663709,-14.769023882217592,14.769023882217592,85.2309761177824,6,2,moderate
trusted_source_median,2024_t1like,left_lateral_ventricle,synthseg_2024_t1ffe_sag,SynthSeg,2024_phi_t1ffe_sag,true,4.607746,5.623397352039613,-18.061169937977716,18.061169937977716,81.93883006202228,4,2,moderate
trusted_method_balanced_median,2024_t1like,left_lateral_ventricle,synthseg_2024_t1ffe_sag,SynthSeg,2024_phi_t1ffe_sag,true,4.607746,5.604260293735547,-17.781370627082634,17.781370627082634,82.21862937291736,4,2,moderate
trusted_leave_one_source_out,2024_t1like,left_lateral_ventricle,synthseg_2024_t1ffe_sag,SynthSeg,2024_phi_t1ffe_sag,true,4.607746,6.210749704079227,-25.81014821811886,25.81014821811886,74.18985178188115,3,2,limited
trusted_leave_one_method_out,2024_t1like,left_lateral_ventricle,synthseg_2024_t1ffe_sag,SynthSeg,2024_phi_t1ffe_sag,true,4.607746,6.386625087471094,-27.853194184840984,27.853194184840984,72.14680581515901,2,1,weak
all_source_median,2024_t1like,left_inferior_lateral_ventricle,synthseg_2024_t1ffe_sag,SynthSeg,2024_phi_t1ffe_sag,true,0.222771,0.2718758356252686,-18.061493222571904,18.061493222571904,81.9385067774281,6,2,moderate
trusted_source_median,2024_t1like,left_inferior_lateral_ventricle,synthseg_2024_t1ffe_sag,SynthSeg,2024_phi_t1ffe_sag,true,0.222771,0.2381393356252686,-6.453505711232818,6.453505711232818,93.54649428876718,4,2,moderate
trusted_method_balanced_median,2024_t1like,left_inferior_lateral_ventricle,synthseg_2024_t1ffe_sag,SynthSeg,2024_phi_t1ffe_sag,true,0.222771,0.2546801636539844,-12.529112277993143,12.529112277993143,87.47088772200686,4,2,moderate
trusted_leave_one_source_out,2024_t1like,left_inferior_lateral_ventricle,synthseg_2024_t1ffe_sag,SynthSeg,2024_phi_t1ffe_sag,true,0.222771,0.2535076712505372,-12.124552720205726,12.124552720205726,87.87544727979427,3,2,limited
trusted_leave_one_method_out,2024_t1like,left_inferior_lateral_ventricle,synthseg_2024_t1ffe_sag,SynthSeg,2024_phi_t1ffe_sag,true,0.222771,0.30131632730796876,-26.067398341706628,26.067398341706628,73.93260165829338,2,1,weak
all_source_median,2024_t1like,left_cerebellum_white_matter,synthseg_2024_t1ffe_sag,SynthSeg,2024_phi_t1ffe_sag,true,12.749298000000001,11.646874581613934,9.465401302821462,9.465401302821462,90.53459869717854,6,2,moderate
trusted_source_median,2024_t1like,left_cerebellum_white_matter,synthseg_2024_t1ffe_sag,SynthSeg,2024_phi_t1ffe_sag,true,12.749298000000001,11.368271807274734,12.1480750648619,12.1480750648619,87.8519249351381,4,2,moderate
trusted_method_balanced_median,2024_t1like,left_cerebellum_white_matter,synthseg_2024_t1ffe_sag,SynthSeg,2024_phi_t1ffe_sag,true,12.749298000000001,11.492001660115843,10.940620938541393,10.940620938541393,89.0593790614586,4,2,moderate
trusted_leave_one_source_out,2024_t1like,left_cerebellum_white_matter,synthseg_2024_t1ffe_sag,SynthSeg,2024_phi_t1ffe_sag,true,12.749298000000001,9.987245614549465,27.655797124151682,27.655797124151682,72.34420287584831,3,2,limited
trusted_leave_one_method_out,2024_t1like,left_cerebellum_white_matter,synthseg_2024_t1ffe_sag,SynthSeg,2024_phi_t1ffe_sag,true,12.749298000000001,9.968653820231687,27.893878450517683,27.893878450517683,72.10612154948231,2,1,weak
all_source_median,2024_t1like,left_cerebellum_cortex,synthseg_2024_t1ffe_sag,SynthSeg,2024_phi_t1ffe_sag,true,51.163277,48.89087840565227,4.6478988892230975,4.6478988892230975,95.3521011107769,6,2,moderate
trusted_source_median,2024_t1like,left_cerebellum_cortex,synthseg_2024_t1ffe_sag,SynthSeg,2024_phi_t1ffe_sag,true,51.163277,48.89087840565227,4.6478988892230975,4.6478988892230975,95.3521011107769,4,2,moderate
trusted_method_balanced_median,2024_t1like,left_cerebellum_cortex,synthseg_2024_t1ffe_sag,SynthSeg,2024_phi_t1ffe_sag,true,51.163277,48.65517197125434,5.154858008162953,5.154858008162953,94.84514199183705,4,2,moderate
trusted_leave_one_source_out,2024_t1like,left_cerebellum_cortex,synthseg_2024_t1ffe_sag,SynthSeg,2024_phi_t1ffe_sag,true,51.163277,47.99904681130454,6.592277136533128,6.592277136533128,93.40772286346687,3,2,limited
trusted_leave_one_method_out,2024_t1like,left_cerebellum_cortex,synthseg_2024_t1ffe_sag,SynthSeg,2024_phi_t1ffe_sag,true,51.163277,46.83735044250868,9.236061640167403,9.236061640167403,90.7639383598326,2,1,weak
all_source_median,2024_t1like,left_thalamus,synthseg_2024_t1ffe_sag,SynthSeg,2024_phi_t1ffe_sag,true,7.456977,6.5120130970054575,14.511087261619352,14.511087261619352,85.48891273838065,6,2,moderate
trusted_source_median,2024_t1like,left_thalamus,synthseg_2024_t1ffe_sag,SynthSeg,2024_phi_t1ffe_sag,true,7.456977,6.5120130970054575,14.511087261619352,14.511087261619352,85.48891273838065,4,2,moderate
trusted_method_balanced_median,2024_t1like,left_thalamus,synthseg_2024_t1ffe_sag,SynthSeg,2024_phi_t1ffe_sag,true,7.456977,6.725002189154715,10.884380261254448,10.884380261254448,89.11561973874555,4,2,moderate
trusted_leave_one_source_out,2024_t1like,left_thalamus,synthseg_2024_t1ffe_sag,SynthSeg,2024_phi_t1ffe_sag,true,7.456977,6.422062194010916,16.11499195623213,16.11499195623213,83.88500804376787,3,2,limited
trusted_leave_one_method_out,2024_t1like,left_thalamus,synthseg_2024_t1ffe_sag,SynthSeg,2024_phi_t1ffe_sag,true,7.456977,6.420533878309429,16.14263145923115,16.14263145923115,83.85736854076885,2,1,weak
all_source_median,2024_t1like,left_caudate,synthseg_2024_t1ffe_sag,SynthSeg,2024_phi_t1ffe_sag,true,3.70302,3.287454681937226,12.64094438612581,12.64094438612581,87.35905561387419,6,2,moderate
trusted_source_median,2024_t1like,left_caudate,synthseg_2024_t1ffe_sag,SynthSeg,2024_phi_t1ffe_sag,true,3.70302,3.287454681937226,12.64094438612581,12.64094438612581,87.35905561387419,4,2,moderate
trusted_method_balanced_median,2024_t1like,left_caudate,synthseg_2024_t1ffe_sag,SynthSeg,2024_phi_t1ffe_sag,true,3.70302,3.321708867627617,11.47936642155872,11.47936642155872,88.52063357844128,4,2,moderate
trusted_leave_one_source_out,2024_t1like,left_caudate,synthseg_2024_t1ffe_sag,SynthSeg,2024_phi_t1ffe_sag,true,3.70302,3.080357363874452,20.213973983277285,20.213973983277285,79.78602601672272,3,2,limited
trusted_leave_one_method_out,2024_t1like,left_caudate,synthseg_2024_t1ffe_sag,SynthSeg,2024_phi_t1ffe_sag,true,3.70302,3.0446317352552343,21.624561588877096,21.624561588877096,78.3754384111229,2,1,weak
all_source_median,2024_t1like,left_putamen,synthseg_2024_t1ffe_sag,SynthSeg,2024_phi_t1ffe_sag,true,4.922649000000001,4.907912685748109,0.3002562432433719,0.3002562432433719,99.69974375675663,6,2,moderate
trusted_source_median,2024_t1like,left_putamen,synthseg_2024_t1ffe_sag,SynthSeg,2024_phi_t1ffe_sag,true,4.922649000000001,4.907912685748109,0.3002562432433719,0.3002562432433719,99.69974375675663,4,2,moderate
trusted_method_balanced_median,2024_t1like,left_putamen,synthseg_2024_t1ffe_sag,SynthSeg,2024_phi_t1ffe_sag,true,4.922649000000001,4.912801537498348,0.20044494829455553,0.20044494829455553,99.79955505170544,4,2,moderate
trusted_leave_one_source_out,2024_t1like,left_putamen,synthseg_2024_t1ffe_sag,SynthSeg,2024_phi_t1ffe_sag,true,4.922649000000001,4.893176371496217,0.6023209928721898,0.6023209928721898,99.3976790071278,3,2,limited
trusted_leave_one_method_out,2024_t1like,left_putamen,synthseg_2024_t1ffe_sag,SynthSeg,2024_phi_t1ffe_sag,true,4.922649000000001,4.771025574996695,3.1780048675050394,3.1780048675050394,96.82199513249496,2,1,weak
all_source_median,2024_t1like,left_pallidum,synthseg_2024_t1ffe_sag,SynthSeg,2024_phi_t1ffe_sag,true,1.115837,1.3852020892137231,-19.445905497198737,19.445905497198737,80.55409450280126,6,2,moderate
trusted_source_median,2024_t1like,left_pallidum,synthseg_2024_t1ffe_sag,SynthSeg,2024_phi_t1ffe_sag,true,1.115837,1.332445589213723,-16.256467878853044,16.256467878853044,83.74353212114696,4,2,moderate
trusted_method_balanced_median,2024_t1like,left_pallidum,synthseg_2024_t1ffe_sag,SynthSeg,2024_phi_t1ffe_sag,true,1.115837,1.3720793966655491,-18.67547878703476,18.67547878703476,81.32452121296524,4,2,moderate
trusted_leave_one_source_out,2024_t1like,left_pallidum,synthseg_2024_t1ffe_sag,SynthSeg,2024_phi_t1ffe_sag,true,1.115837,1.5021561784274462,-25.717644009018425,25.717644009018425,74.28235599098157,3,2,limited
trusted_leave_one_method_out,2024_t1like,left_pallidum,synthseg_2024_t1ffe_sag,SynthSeg,2024_phi_t1ffe_sag,true,1.115837,1.6048727933310984,-30.47193493236609,30.47193493236609,69.52806506763392,2,1,weak
all_source_median,2024_t1like,third_ventricle,synthseg_2024_t1ffe_sag,SynthSeg,2024_phi_t1ffe_sag,true,0.679425,0.6984497706375525,-2.723856666197567,2.723856666197567,97.27614333380244,6,2,moderate
trusted_source_median,2024_t1like,third_ventricle,synthseg_2024_t1ffe_sag,SynthSeg,2024_phi_t1ffe_sag,true,0.679425,0.6984497706375525,-2.723856666197567,2.723856666197567,97.27614333380244,4,2,moderate
trusted_method_balanced_median,2024_t1like,third_ventricle,synthseg_2024_t1ffe_sag,SynthSeg,2024_phi_t1ffe_sag,true,0.679425,0.9342134891972123,-27.27304755748678,27.27304755748678,72.72695244251322,4,2,moderate
trusted_leave_one_source_out,2024_t1like,third_ventricle,synthseg_2024_t1ffe_sag,SynthSeg,2024_phi_t1ffe_sag,true,0.679425,0.7174745412751052,-5.303260127876196,5.303260127876196,94.6967398721238,3,2,limited
trusted_leave_one_method_out,2024_t1like,third_ventricle,synthseg_2024_t1ffe_sag,SynthSeg,2024_phi_t1ffe_sag,true,0.679425,1.2453309783944244,-45.44221481778551,45.44221481778551,54.55778518221449,2,1,weak
all_source_median,2024_t1like,fourth_ventricle,synthseg_2024_t1ffe_sag,SynthSeg,2024_phi_t1ffe_sag,true,1.348754,1.5401296131386268,-12.425942044489545,12.425942044489545,87.57405795551045,6,2,moderate
trusted_source_median,2024_t1like,fourth_ventricle,synthseg_2024_t1ffe_sag,SynthSeg,2024_phi_t1ffe_sag,true,1.348754,1.5401296131386268,-12.425942044489545,12.425942044489545,87.57405795551045,4,2,moderate
trusted_method_balanced_median,2024_t1like,fourth_ventricle,synthseg_2024_t1ffe_sag,SynthSeg,2024_phi_t1ffe_sag,true,1.348754,1.5546779100099968,-13.24543872940683,13.24543872940683,86.75456127059317,4,2,moderate
trusted_leave_one_source_out,2024_t1like,fourth_ventricle,synthseg_2024_t1ffe_sag,SynthSeg,2024_phi_t1ffe_sag,true,1.348754,1.731505226277254,-22.10511527592505,22.10511527592505,77.89488472407496,3,2,limited
trusted_leave_one_method_out,2024_t1like,fourth_ventricle,synthseg_2024_t1ffe_sag,SynthSeg,2024_phi_t1ffe_sag,true,1.348754,1.7707213200199936,-23.830250149991365,23.830250149991365,76.16974985000863,2,1,weak
all_source_median,2024_t1like,brain_stem,synthseg_2024_t1ffe_sag,SynthSeg,2024_phi_t1ffe_sag,true,20.06624,18.583624379553953,7.978075698071301,7.978075698071301,92.02192430192869,6,2,moderate
trusted_source_median,2024_t1like,brain_stem,synthseg_2024_t1ffe_sag,SynthSeg,2024_phi_t1ffe_sag,true,20.06624,18.462650848361967,8.685584561007424,8.685584561007424,91.31441543899257,4,2,moderate
trusted_method_balanced_median,2024_t1like,brain_stem,synthseg_2024_t1ffe_sag,SynthSeg,2024_phi_t1ffe_sag,true,20.06624,18.499015867933974,8.471932470649095,8.471932470649095,91.5280675293509,4,2,moderate
trusted_leave_one_source_out,2024_t1like,brain_stem,synthseg_2024_t1ffe_sag,SynthSeg,2024_phi_t1ffe_sag,true,20.06624,16.859061696723938,19.023468571203363,19.023468571203363,80.97653142879663,3,2,limited
trusted_leave_one_method_out,2024_t1like,brain_stem,synthseg_2024_t1ffe_sag,SynthSeg,2024_phi_t1ffe_sag,true,20.06624,16.816808235867946,19.322523742653274,19.322523742653274,80.67747625734673,2,1,weak
all_source_median,2024_t1like,left_hippocampus,synthseg_2024_t1ffe_sag,SynthSeg,2024_phi_t1ffe_sag,true,3.871984,3.9114385703107897,-1.0086971737269257,1.0086971737269257,98.99130282627307,6,2,moderate
trusted_source_median,2024_t1like,left_hippocampus,synthseg_2024_t1ffe_sag,SynthSeg,2024_phi_t1ffe_sag,true,3.871984,3.9114385703107897,-1.0086971737269257,1.0086971737269257,98.99130282627307,4,2,moderate
trusted_method_balanced_median,2024_t1like,left_hippocampus,synthseg_2024_t1ffe_sag,SynthSeg,2024_phi_t1ffe_sag,true,3.871984,3.8924247995573253,-0.5251430820102202,0.5251430820102202,99.47485691798978,4,2,moderate
trusted_leave_one_source_out,2024_t1like,left_hippocampus,synthseg_2024_t1ffe_sag,SynthSeg,2024_phi_t1ffe_sag,true,3.871984,3.9508931406215795,-1.997248161694526,1.997248161694526,98.00275183830547,3,2,limited
trusted_leave_one_method_out,2024_t1like,left_hippocampus,synthseg_2024_t1ffe_sag,SynthSeg,2024_phi_t1ffe_sag,true,3.871984,3.994399599114651,-3.064680838186146,3.064680838186146,96.93531916181385,2,1,weak
all_source_median,2024_t1like,left_amygdala,synthseg_2024_t1ffe_sag,SynthSeg,2024_phi_t1ffe_sag,true,1.615415,1.507377177701961,7.16727199377835,7.16727199377835,92.83272800622166,6,2,moderate
trusted_source_median,2024_t1like,left_amygdala,synthseg_2024_t1ffe_sag,SynthSeg,2024_phi_t1ffe_sag,true,1.615415,1.482798795862354,8.943641207944204,8.943641207944204,91.05635879205579,4,2,moderate
trusted_method_balanced_median,2024_t1like,left_amygdala,synthseg_2024_t1ffe_sag,SynthSeg,2024_phi_t1ffe_sag,true,1.615415,1.498971881077701,7.768199016420575,7.768199016420575,92.23180098357942,4,2,moderate
trusted_leave_one_source_out,2024_t1like,left_amygdala,synthseg_2024_t1ffe_sag,SynthSeg,2024_phi_t1ffe_sag,true,1.615415,1.4205995917247083,13.713604411132632,13.713604411132632,86.28639558886736,3,2,limited
trusted_leave_one_method_out,2024_t1like,left_amygdala,synthseg_2024_t1ffe_sag,SynthSeg,2024_phi_t1ffe_sag,true,1.615415,1.417737262155402,13.943185604366937,13.943185604366937,86.05681439563307,2,1,weak
all_source_median,2024_t1like,csf,synthseg_2024_t1ffe_sag,SynthSeg,2024_phi_t1ffe_sag,true,213.28286,51.75802184512338,312.07691560974024,312.07691560974024,0.0,6,2,moderate
trusted_source_median,2024_t1like,csf,synthseg_2024_t1ffe_sag,SynthSeg,2024_phi_t1ffe_sag,true,213.28286,98.8891618451234,115.67870130604993,115.67870130604993,0.0,4,2,moderate
trusted_method_balanced_median,2024_t1like,csf,synthseg_2024_t1ffe_sag,SynthSeg,2024_phi_t1ffe_sag,true,213.28286,103.02836992102924,107.01371880723758,107.01371880723758,0.0,4,2,moderate
trusted_leave_one_source_out,2024_t1like,csf,synthseg_2024_t1ffe_sag,SynthSeg,2024_phi_t1ffe_sag,true,213.28286,1.254093690246767,16906.931910966916,16906.931910966916,0.0,3,2,limited
trusted_leave_one_method_out,2024_t1like,csf,synthseg_2024_t1ffe_sag,SynthSeg,2024_phi_t1ffe_sag,true,213.28286,1.1531948420584606,18394.954384229524,18394.954384229524,0.0,2,1,weak
all_source_median,2024_t1like,left_accumbens_area,synthseg_2024_t1ffe_sag,SynthSeg,2024_phi_t1ffe_sag,true,0.716693,0.6427775527482953,11.499382163497739,11.499382163497739,88.50061783650226,6,2,moderate
trusted_source_median,2024_t1like,left_accumbens_area,synthseg_2024_t1ffe_sag,SynthSeg,2024_phi_t1ffe_sag,true,0.716693,0.6427775527482953,11.499382163497739,11.499382163497739,88.50061783650226,4,2,moderate
trusted_method_balanced_median,2024_t1like,left_accumbens_area,synthseg_2024_t1ffe_sag,SynthSeg,2024_phi_t1ffe_sag,true,0.716693,0.642968269588982,11.466309287415786,11.466309287415786,88.53369071258422,4,2,moderate
trusted_leave_one_source_out,2024_t1like,left_accumbens_area,synthseg_2024_t1ffe_sag,SynthSeg,2024_phi_t1ffe_sag,true,0.716693,0.6170281054965905,16.152407583313927,16.152407583313927,83.84759241668607,3,2,limited
trusted_leave_one_method_out,2024_t1like,left_accumbens_area,synthseg_2024_t1ffe_sag,SynthSeg,2024_phi_t1ffe_sag,true,0.716693,0.593326539177964,20.79233822794385,20.79233822794385,79.20766177205616,2,1,weak
all_source_median,2024_t1like,right_cerebral_white_matter,synthseg_2024_t1ffe_sag,SynthSeg,2024_phi_t1ffe_sag,true,197.3915,190.60175363504274,3.56226857070687,3.56226857070687,96.43773142929312,6,2,moderate
trusted_source_median,2024_t1like,right_cerebral_white_matter,synthseg_2024_t1ffe_sag,SynthSeg,2024_phi_t1ffe_sag,true,197.3915,194.5192581508988,1.4765848257929641,1.4765848257929641,98.52341517420703,4,2,moderate
trusted_method_balanced_median,2024_t1like,right_cerebral_white_matter,synthseg_2024_t1ffe_sag,SynthSeg,2024_phi_t1ffe_sag,true,197.3915,195.65082681752136,0.8896835299868818,0.8896835299868818,99.11031647001312,4,2,moderate
trusted_leave_one_source_out,2024_t1like,right_cerebral_white_matter,synthseg_2024_t1ffe_sag,SynthSeg,2024_phi_t1ffe_sag,true,197.3915,191.6470163017976,2.9974292368612887,2.9974292368612887,97.0025707631387,3,2,limited
trusted_leave_one_method_out,2024_t1like,right_cerebral_white_matter,synthseg_2024_t1ffe_sag,SynthSeg,2024_phi_t1ffe_sag,true,197.3915,190.60175363504274,3.56226857070687,3.56226857070687,96.43773142929312,2,1,weak
all_source_median,2024_t1like,right_cerebral_cortex,synthseg_2024_t1ffe_sag,SynthSeg,2024_phi_t1ffe_sag,true,246.64667,246.65231,-0.002286619573925598,0.002286619573925598,99.99771338042608,6,2,moderate
trusted_source_median,2024_t1like,right_cerebral_cortex,synthseg_2024_t1ffe_sag,SynthSeg,2024_phi_t1ffe_sag,true,246.64667,251.32404158167452,-1.8610919799944738,1.8610919799944738,98.13890802000553,4,2,moderate
trusted_method_balanced_median,2024_t1like,right_cerebral_cortex,synthseg_2024_t1ffe_sag,SynthSeg,2024_phi_t1ffe_sag,true,246.64667,253.92616949245905,-2.8667779721204494,2.8667779721204494,97.13322202787955,4,2,moderate
trusted_leave_one_source_out,2024_t1like,right_cerebral_cortex,synthseg_2024_t1ffe_sag,SynthSeg,2024_phi_t1ffe_sag,true,246.64667,255.99013316334904,-3.649930975029774,3.649930975029774,96.35006902497022,3,2,limited
trusted_leave_one_method_out,2024_t1like,right_cerebral_cortex,synthseg_2024_t1ffe_sag,SynthSeg,2024_phi_t1ffe_sag,true,246.64667,261.2000289849181,-5.571729467824228,5.571729467824228,94.42827053217577,2,1,weak
all_source_median,2024_t1like,right_lateral_ventricle,synthseg_2024_t1ffe_sag,SynthSeg,2024_phi_t1ffe_sag,true,5.011862,5.115146748437133,-2.019194238536566,2.019194238536566,97.98080576146343,6,2,moderate
trusted_source_median,2024_t1like,right_lateral_ventricle,synthseg_2024_t1ffe_sag,SynthSeg,2024_phi_t1ffe_sag,true,5.011862,5.115146748437133,-2.019194238536566,2.019194238536566,97.98080576146343,4,2,moderate
trusted_method_balanced_median,2024_t1like,right_lateral_ventricle,synthseg_2024_t1ffe_sag,SynthSeg,2024_phi_t1ffe_sag,true,5.011862,5.1052407495029755,-1.8290763175481315,1.8290763175481315,98.17092368245187,4,2,moderate
trusted_leave_one_source_out,2024_t1like,right_lateral_ventricle,synthseg_2024_t1ffe_sag,SynthSeg,2024_phi_t1ffe_sag,true,5.011862,5.218431496874266,-3.958459491094155,3.958459491094155,96.04154050890584,3,2,limited
trusted_leave_one_method_out,2024_t1like,right_lateral_ventricle,synthseg_2024_t1ffe_sag,SynthSeg,2024_phi_t1ffe_sag,true,5.011862,5.22076249900595,-4.0013407820356806,4.0013407820356806,95.99865921796432,2,1,weak
all_source_median,2024_t1like,right_inferior_lateral_ventricle,synthseg_2024_t1ffe_sag,SynthSeg,2024_phi_t1ffe_sag,true,0.42741500000000004,0.4060385,5.264648549337075,5.264648549337075,94.73535145066293,6,2,moderate
trusted_source_median,2024_t1like,right_inferior_lateral_ventricle,synthseg_2024_t1ffe_sag,SynthSeg,2024_phi_t1ffe_sag,true,0.42741500000000004,0.39546771712302664,8.07835418511162,8.07835418511162,91.92164581488838,4,2,moderate
trusted_method_balanced_median,2024_t1like,right_inferior_lateral_ventricle,synthseg_2024_t1ffe_sag,SynthSeg,2024_phi_t1ffe_sag,true,0.42741500000000004,0.4443989132366852,-3.821772000517824,3.821772000517824,96.17822799948217,4,2,moderate
trusted_leave_one_source_out,2024_t1like,right_inferior_lateral_ventricle,synthseg_2024_t1ffe_sag,SynthSeg,2024_phi_t1ffe_sag,true,0.42741500000000004,0.3635204342460533,17.57660910767369,17.57660910767369,82.42339089232631,3,2,limited
trusted_leave_one_method_out,2024_t1like,right_inferior_lateral_ventricle,synthseg_2024_t1ffe_sag,SynthSeg,2024_phi_t1ffe_sag,true,0.42741500000000004,0.5102133264733704,-16.228177936017087,16.228177936017087,83.77182206398291,2,1,weak
all_source_median,2024_t1like,right_cerebellum_white_matter,synthseg_2024_t1ffe_sag,SynthSeg,2024_phi_t1ffe_sag,true,11.987147,11.379415723171789,5.340619339450744,5.340619339450744,94.65938066054926,6,2,moderate
trusted_source_median,2024_t1like,right_cerebellum_white_matter,synthseg_2024_t1ffe_sag,SynthSeg,2024_phi_t1ffe_sag,true,11.987147,11.379415723171789,5.340619339450744,5.340619339450744,94.65938066054926,4,2,moderate
trusted_method_balanced_median,2024_t1like,right_cerebellum_white_matter,synthseg_2024_t1ffe_sag,SynthSeg,2024_phi_t1ffe_sag,true,11.987147,11.58568742120741,3.46513386903331,3.46513386903331,96.53486613096669,4,2,moderate
trusted_leave_one_source_out,2024_t1like,right_cerebellum_white_matter,synthseg_2024_t1ffe_sag,SynthSeg,2024_phi_t1ffe_sag,true,11.987147,10.77168444634358,11.283867065647344,11.283867065647344,88.71613293435266,3,2,limited
trusted_leave_one_method_out,2024_t1like,right_cerebellum_white_matter,synthseg_2024_t1ffe_sag,SynthSeg,2024_phi_t1ffe_sag,true,11.987147,10.75363884241482,11.470611721866106,11.470611721866106,88.5293882781339,2,1,weak
all_source_median,2024_t1like,right_cerebellum_cortex,synthseg_2024_t1ffe_sag,SynthSeg,2024_phi_t1ffe_sag,true,48.201645,48.70032950829567,-1.0239859018011803,1.0239859018011803,98.97601409819882,6,2,moderate
trusted_source_median,2024_t1like,right_cerebellum_cortex,synthseg_2024_t1ffe_sag,SynthSeg,2024_phi_t1ffe_sag,true,48.201645,49.394191661751705,-2.4143459415596675,2.4143459415596675,97.58565405844033,4,2,moderate
trusted_method_balanced_median,2024_t1like,right_cerebellum_cortex,synthseg_2024_t1ffe_sag,SynthSeg,2024_phi_t1ffe_sag,true,48.201645,49.532186032327914,-2.6862150430015697,2.6862150430015697,97.31378495699843,4,2,moderate
trusted_leave_one_source_out,2024_t1like,right_cerebellum_cortex,synthseg_2024_t1ffe_sag,SynthSeg,2024_phi_t1ffe_sag,true,48.201645,50.58673832350342,-4.714858879121024,4.714858879121024,95.28514112087898,3,2,limited
trusted_leave_one_method_out,2024_t1like,right_cerebellum_cortex,synthseg_2024_t1ffe_sag,SynthSeg,2024_phi_t1ffe_sag,true,48.201645,50.94257106465582,-5.380423499192977,5.380423499192977,94.61957650080703,2,1,weak
all_source_median,2024_t1like,right_thalamus,synthseg_2024_t1ffe_sag,SynthSeg,2024_phi_t1ffe_sag,true,7.156396,6.652521562648483,7.574187210163906,7.574187210163906,92.4258127898361,6,2,moderate
trusted_source_median,2024_t1like,right_thalamus,synthseg_2024_t1ffe_sag,SynthSeg,2024_phi_t1ffe_sag,true,7.156396,6.652521562648483,7.574187210163906,7.574187210163906,92.4258127898361,4,2,moderate
trusted_method_balanced_median,2024_t1like,right_thalamus,synthseg_2024_t1ffe_sag,SynthSeg,2024_phi_t1ffe_sag,true,7.156396,6.686422206468542,7.028778306532877,7.028778306532877,92.97122169346713,4,2,moderate
trusted_leave_one_source_out,2024_t1like,right_thalamus,synthseg_2024_t1ffe_sag,SynthSeg,2024_phi_t1ffe_sag,true,7.156396,6.581633125296965,8.73283064797237,8.73283064797237,91.26716935202762,3,2,limited
trusted_leave_one_method_out,2024_t1like,right_thalamus,synthseg_2024_t1ffe_sag,SynthSeg,2024_phi_t1ffe_sag,true,7.156396,6.432941412937085,11.246093204082324,11.246093204082324,88.75390679591767,2,1,weak
all_source_median,2024_t1like,right_caudate,synthseg_2024_t1ffe_sag,SynthSeg,2024_phi_t1ffe_sag,true,3.662134,3.4782652612645997,5.286219564190191,5.286219564190191,94.71378043580981,6,2,moderate
trusted_source_median,2024_t1like,right_caudate,synthseg_2024_t1ffe_sag,SynthSeg,2024_phi_t1ffe_sag,true,3.662134,3.4621257904987393,5.777034735426191,5.777034735426191,94.22296526457382,4,2,moderate
trusted_method_balanced_median,2024_t1like,right_caudate,synthseg_2024_t1ffe_sag,SynthSeg,2024_phi_t1ffe_sag,true,3.662134,3.307702365482191,10.715342414617176,10.715342414617176,89.28465758538283,4,2,moderate
trusted_leave_one_source_out,2024_t1like,right_caudate,synthseg_2024_t1ffe_sag,SynthSeg,2024_phi_t1ffe_sag,true,3.662134,3.2621175809974785,12.262477028194855,12.262477028194855,87.73752297180515,3,2,limited
trusted_leave_one_method_out,2024_t1like,right_caudate,synthseg_2024_t1ffe_sag,SynthSeg,2024_phi_t1ffe_sag,true,3.662134,2.8805587309643825,27.132766314886204,27.132766314886204,72.8672336851138,2,1,weak
all_source_median,2024_t1like,right_putamen,synthseg_2024_t1ffe_sag,SynthSeg,2024_phi_t1ffe_sag,true,4.669996,4.6157947663279115,1.1742557114429166,1.1742557114429166,98.82574428855709,6,2,moderate
trusted_source_median,2024_t1like,right_putamen,synthseg_2024_t1ffe_sag,SynthSeg,2024_phi_t1ffe_sag,true,4.669996,4.6157947663279115,1.1742557114429166,1.1742557114429166,98.82574428855709,4,2,moderate
trusted_method_balanced_median,2024_t1like,right_putamen,synthseg_2024_t1ffe_sag,SynthSeg,2024_phi_t1ffe_sag,true,4.669996,4.6638293540978655,0.1322228030645347,0.1322228030645347,99.86777719693546,4,2,moderate
trusted_leave_one_source_out,2024_t1like,right_putamen,synthseg_2024_t1ffe_sag,SynthSeg,2024_phi_t1ffe_sag,true,4.669996,4.561593532655823,2.376416630901878,2.376416630901878,97.62358336909813,3,2,limited
trusted_leave_one_method_out,2024_t1like,right_putamen,synthseg_2024_t1ffe_sag,SynthSeg,2024_phi_t1ffe_sag,true,4.669996,4.45713620819573,4.775707581313444,4.775707581313444,95.22429241868656,2,1,weak
all_source_median,2024_t1like,right_pallidum,synthseg_2024_t1ffe_sag,SynthSeg,2024_phi_t1ffe_sag,true,1.328933,1.4158300952924814,-6.137536953156113,6.137536953156113,93.86246304684389,6,2,moderate
trusted_source_median,2024_t1like,right_pallidum,synthseg_2024_t1ffe_sag,SynthSeg,2024_phi_t1ffe_sag,true,1.328933,1.4033877713299001,-5.305359847859028,5.305359847859028,94.69464015214098,4,2,moderate
trusted_method_balanced_median,2024_t1like,right_pallidum,synthseg_2024_t1ffe_sag,SynthSeg,2024_phi_t1ffe_sag,true,1.328933,1.39000788566495,-4.39385173960601,4.39385173960601,95.606148260394,4,2,moderate
trusted_leave_one_source_out,2024_t1like,right_pallidum,synthseg_2024_t1ffe_sag,SynthSeg,2024_phi_t1ffe_sag,true,1.328933,1.414874932586096,-6.074171688730979,6.074171688730979,93.92582831126902,3,2,limited
trusted_leave_one_method_out,2024_t1like,right_pallidum,synthseg_2024_t1ffe_sag,SynthSeg,2024_phi_t1ffe_sag,true,1.328933,1.4033877713299001,-5.305359847859028,5.305359847859028,94.69464015214098,2,1,weak
all_source_median,2024_t1like,right_hippocampus,synthseg_2024_t1ffe_sag,SynthSeg,2024_phi_t1ffe_sag,true,3.726067,3.6667269409186494,1.6183386447228543,1.6183386447228543,98.38166135527715,6,2,moderate
trusted_source_median,2024_t1like,right_hippocampus,synthseg_2024_t1ffe_sag,SynthSeg,2024_phi_t1ffe_sag,true,3.726067,3.7120177869022846,0.3784791427262976,0.3784791427262976,99.62152085727371,4,2,moderate
trusted_method_balanced_median,2024_t1like,right_hippocampus,synthseg_2024_t1ffe_sag,SynthSeg,2024_phi_t1ffe_sag,true,3.726067,3.7111692195086623,0.4014309132826366,0.4014309132826366,99.59856908671736,4,2,moderate
trusted_leave_one_source_out,2024_t1like,right_hippocampus,synthseg_2024_t1ffe_sag,SynthSeg,2024_phi_t1ffe_sag,true,3.726067,3.697968573804569,0.7598340990367717,0.7598340990367717,99.24016590096323,3,2,limited
trusted_leave_one_method_out,2024_t1like,right_hippocampus,synthseg_2024_t1ffe_sag,SynthSeg,2024_phi_t1ffe_sag,true,3.726067,3.8268224390173247,-2.632874679265162,2.632874679265162,97.36712532073484,2,1,weak
all_source_median,2024_t1like,right_amygdala,synthseg_2024_t1ffe_sag,SynthSeg,2024_phi_t1ffe_sag,true,1.680411,1.4494881199674077,15.93133995729367,15.93133995729367,84.06866004270633,6,2,moderate
trusted_source_median,2024_t1like,right_amygdala,synthseg_2024_t1ffe_sag,SynthSeg,2024_phi_t1ffe_sag,true,1.680411,1.5086138868411025,11.387745708653444,11.387745708653444,88.61225429134656,4,2,moderate
trusted_method_balanced_median,2024_t1like,right_amygdala,synthseg_2024_t1ffe_sag,SynthSeg,2024_phi_t1ffe_sag,true,1.680411,1.515495614668985,10.881944080520212,10.881944080520212,89.11805591947979,4,2,moderate
trusted_leave_one_source_out,2024_t1like,right_amygdala,synthseg_2024_t1ffe_sag,SynthSeg,2024_phi_t1ffe_sag,true,1.680411,1.3966837736822049,20.314349723544026,20.314349723544026,79.68565027645597,3,2,limited
trusted_leave_one_method_out,2024_t1like,right_amygdala,synthseg_2024_t1ffe_sag,SynthSeg,2024_phi_t1ffe_sag,true,1.680411,1.3805137293379701,21.723599286900733,21.723599286900733,78.27640071309926,2,1,weak
all_source_median,2024_t1like,right_accumbens_area,synthseg_2024_t1ffe_sag,SynthSeg,2024_phi_t1ffe_sag,true,0.815901,0.6493495619227931,25.648964416643377,25.648964416643377,74.35103558335662,6,2,moderate
trusted_source_median,2024_t1like,right_accumbens_area,synthseg_2024_t1ffe_sag,SynthSeg,2024_phi_t1ffe_sag,true,0.815901,0.6493495619227931,25.648964416643377,25.648964416643377,74.35103558335662,4,2,moderate
trusted_method_balanced_median,2024_t1like,right_accumbens_area,synthseg_2024_t1ffe_sag,SynthSeg,2024_phi_t1ffe_sag,true,0.815901,0.6423453380442079,27.01905839065147,27.01905839065147,72.98094160934853,4,2,moderate
trusted_leave_one_source_out,2024_t1like,right_accumbens_area,synthseg_2024_t1ffe_sag,SynthSeg,2024_phi_t1ffe_sag,true,0.815901,0.5883291238455863,38.68104891134753,38.68104891134753,61.31895108865247,3,2,limited
trusted_leave_one_method_out,2024_t1like,right_accumbens_area,synthseg_2024_t1ffe_sag,SynthSeg,2024_phi_t1ffe_sag,true,0.815901,0.5215551760884157,56.43618113794461,56.43618113794461,43.56381886205539,2,1,weak
all_source_median,2024_t1like,left_cerebral_white_matter,tigerbx_2024_t1ffe_401,TIGERBx,kate_2024_t1_ffe_401,true,184.7496943783396,183.93287407674603,0.44408608612984946,0.44408608612984946,99.55591391387016,6,2,moderate
trusted_source_median,2024_t1like,left_cerebral_white_matter,tigerbx_2024_t1ffe_401,TIGERBx,kate_2024_t1_ffe_401,true,184.7496943783396,193.09451718916978,-4.321625974835406,4.321625974835406,95.6783740251646,4,2,moderate
trusted_method_balanced_median,2024_t1like,left_cerebral_white_matter,tigerbx_2024_t1ffe_401,TIGERBx,kate_2024_t1_ffe_401,true,184.7496943783396,193.62163953837302,-4.5821041393852715,4.5821041393852715,95.41789586061473,4,2,moderate
trusted_leave_one_source_out,2024_t1like,left_cerebral_white_matter,tigerbx_2024_t1ffe_401,TIGERBx,kate_2024_t1_ffe_401,true,184.7496943783396,201.43934,-8.285196735483938,8.285196735483938,91.71480326451606,3,2,limited
trusted_leave_one_method_out,2024_t1like,left_cerebral_white_matter,tigerbx_2024_t1ffe_401,TIGERBx,kate_2024_t1_ffe_401,true,184.7496943783396,203.310405,-9.129247773452818,9.129247773452818,90.87075222654718,2,1,weak
all_source_median,2024_t1like,left_cerebral_cortex,tigerbx_2024_t1ffe_401,TIGERBx,kate_2024_t1_ffe_401,true,259.237901253521,244.95529,5.830701289823542,5.830701289823542,94.16929871017646,6,2,moderate
trusted_source_median,2024_t1like,left_cerebral_cortex,tigerbx_2024_t1ffe_401,TIGERBx,kate_2024_t1_ffe_401,true,259.237901253521,247.36589467999107,4.799370822274563,4.799370822274563,95.20062917772543,4,2,moderate
trusted_method_balanced_median,2024_t1like,left_cerebral_cortex,tigerbx_2024_t1ffe_401,TIGERBx,kate_2024_t1_ffe_401,true,259.237901253521,249.67368765337577,3.8306854398783527,3.8306854398783527,96.16931456012165,4,2,moderate
trusted_leave_one_source_out,2024_t1like,left_cerebral_cortex,tigerbx_2024_t1ffe_401,TIGERBx,kate_2024_t1_ffe_401,true,259.237901253521,245.18552,5.731325917419997,5.731325917419997,94.26867408258,3,2,limited
trusted_leave_one_method_out,2024_t1like,left_cerebral_cortex,tigerbx_2024_t1ffe_401,TIGERBx,kate_2024_t1_ffe_401,true,259.237901253521,244.95529,5.830701289823542,5.830701289823542,94.16929871017646,2,1,weak
all_source_median,2024_t1like,left_lateral_ventricle,tigerbx_2024_t1ffe_401,TIGERBx,kate_2024_t1_ffe_401,true,6.562500470862962,5.406187057663709,21.388705216185304,21.388705216185304,78.6112947838147,6,2,moderate
trusted_source_median,2024_t1like,left_lateral_ventricle,tigerbx_2024_t1ffe_401,TIGERBx,kate_2024_t1_ffe_401,true,6.562500470862962,5.623397352039613,16.699924619104763,16.699924619104763,83.30007538089524,4,2,moderate
trusted_method_balanced_median,2024_t1like,left_lateral_ventricle,tigerbx_2024_t1ffe_401,TIGERBx,kate_2024_t1_ffe_401,true,6.562500470862962,5.604260293735547,17.09842382229351,17.09842382229351,82.90157617770649,4,2,moderate
trusted_leave_one_source_out,2024_t1like,left_lateral_ventricle,tigerbx_2024_t1ffe_401,TIGERBx,kate_2024_t1_ffe_401,true,6.562500470862962,5.036045,30.31060029969872,30.31060029969872,69.68939970030128,3,2,limited
trusted_leave_one_method_out,2024_t1like,left_lateral_ventricle,tigerbx_2024_t1ffe_401,TIGERBx,kate_2024_t1_ffe_401,true,6.562500470862962,4.8218955,36.09794054771535,36.09794054771535,63.90205945228465,2,1,weak
all_source_median,2024_t1like,left_inferior_lateral_ventricle,tigerbx_2024_t1ffe_401,TIGERBx,kate_2024_t1_ffe_401,true,0.2535076712505372,0.2718758356252686,-6.75608567141973,6.75608567141973,93.24391432858027,6,2,moderate
trusted_source_median,2024_t1like,left_inferior_lateral_ventricle,tigerbx_2024_t1ffe_401,TIGERBx,kate_2024_t1_ffe_401,true,0.2535076712505372,0.2381393356252686,6.453505711232818,6.453505711232818,93.54649428876718,4,2,moderate
trusted_method_balanced_median,2024_t1like,left_inferior_lateral_ventricle,tigerbx_2024_t1ffe_401,TIGERBx,kate_2024_t1_ffe_401,true,0.2535076712505372,0.2546801636539844,-0.46037837679426447,0.46037837679426447,99.53962162320573,4,2,moderate
trusted_leave_one_source_out,2024_t1like,left_inferior_lateral_ventricle,tigerbx_2024_t1ffe_401,TIGERBx,kate_2024_t1_ffe_401,true,0.2535076712505372,0.222771,13.79742931105808,13.79742931105808,86.20257068894192,3,2,limited
trusted_leave_one_method_out,2024_t1like,left_inferior_lateral_ventricle,tigerbx_2024_t1ffe_401,TIGERBx,kate_2024_t1_ffe_401,true,0.2535076712505372,0.208044,21.852911523782076,21.852911523782076,78.14708847621793,2,1,weak
all_source_median,2024_t1like,left_cerebellum_white_matter,tigerbx_2024_t1ffe_401,TIGERBx,kate_2024_t1_ffe_401,true,9.987245614549465,11.646874581613934,-14.249565026521394,14.249565026521394,85.7504349734786,6,2,moderate
trusted_source_median,2024_t1like,left_cerebellum_white_matter,tigerbx_2024_t1ffe_401,TIGERBx,kate_2024_t1_ffe_401,true,9.987245614549465,11.368271807274734,-12.148075064861914,12.148075064861914,87.85192493513809,4,2,moderate
trusted_method_balanced_median,2024_t1like,left_cerebellum_white_matter,tigerbx_2024_t1ffe_401,TIGERBx,kate_2024_t1_ffe_401,true,9.987245614549465,11.492001660115843,-13.093942117923513,13.093942117923513,86.90605788207648,4,2,moderate
trusted_leave_one_source_out,2024_t1like,left_cerebellum_white_matter,tigerbx_2024_t1ffe_401,TIGERBx,kate_2024_t1_ffe_401,true,9.987245614549465,12.749298000000001,-21.664348777874167,21.664348777874167,78.33565122212583,3,2,limited
trusted_leave_one_method_out,2024_t1like,left_cerebellum_white_matter,tigerbx_2024_t1ffe_401,TIGERBx,kate_2024_t1_ffe_401,true,9.987245614549465,13.015349500000001,-23.265636358443817,23.265636358443817,76.73436364155619,2,1,weak
all_source_median,2024_t1like,left_cerebellum_cortex,tigerbx_2024_t1ffe_401,TIGERBx,kate_2024_t1_ffe_401,true,47.99904681130454,48.89087840565227,-1.8241267562184578,1.8241267562184578,98.17587324378154,6,2,moderate
trusted_source_median,2024_t1like,left_cerebellum_cortex,tigerbx_2024_t1ffe_401,TIGERBx,kate_2024_t1_ffe_401,true,47.99904681130454,48.89087840565227,-1.8241267562184578,1.8241267562184578,98.17587324378154,4,2,moderate
trusted_method_balanced_median,2024_t1like,left_cerebellum_cortex,tigerbx_2024_t1ffe_401,TIGERBx,kate_2024_t1_ffe_401,true,47.99904681130454,48.65517197125434,-1.3485208938064044,1.3485208938064044,98.65147910619359,4,2,moderate
trusted_leave_one_source_out,2024_t1like,left_cerebellum_cortex,tigerbx_2024_t1ffe_401,TIGERBx,kate_2024_t1_ffe_401,true,47.99904681130454,49.78271,-3.5828969308731153,3.5828969308731153,96.41710306912688,3,2,limited
trusted_leave_one_method_out,2024_t1like,left_cerebellum_cortex,tigerbx_2024_t1ffe_401,TIGERBx,kate_2024_t1_ffe_401,true,47.99904681130454,50.4729935,-4.9015255825780635,4.9015255825780635,95.09847441742194,2,1,weak
all_source_median,2024_t1like,left_thalamus,tigerbx_2024_t1ffe_401,TIGERBx,kate_2024_t1_ffe_401,true,6.419005562607941,6.5120130970054575,-1.4282455058372954,1.4282455058372954,98.5717544941627,6,2,moderate
trusted_source_median,2024_t1like,left_thalamus,tigerbx_2024_t1ffe_401,TIGERBx,kate_2024_t1_ffe_401,true,6.419005562607941,6.5120130970054575,-1.4282455058372954,1.4282455058372954,98.5717544941627,4,2,moderate
trusted_method_balanced_median,2024_t1like,left_thalamus,tigerbx_2024_t1ffe_401,TIGERBx,kate_2024_t1_ffe_401,true,6.419005562607941,6.725002189154715,-4.550134229550869,4.550134229550869,95.44986577044914,4,2,moderate
trusted_leave_one_source_out,2024_t1like,left_thalamus,tigerbx_2024_t1ffe_401,TIGERBx,kate_2024_t1_ffe_401,true,6.419005562607941,6.601964,-2.771272872618796,2.771272872618796,97.2287271273812,3,2,limited
trusted_leave_one_method_out,2024_t1like,left_thalamus,tigerbx_2024_t1ffe_401,TIGERBx,kate_2024_t1_ffe_401,true,6.419005562607941,7.0294705,-8.68436587637802,8.68436587637802,91.31563412362198,2,1,weak
all_source_median,2024_t1like,left_caudate,tigerbx_2024_t1ffe_401,TIGERBx,kate_2024_t1_ffe_401,true,3.080357363874452,3.287454681937226,-6.299625032115606,6.299625032115606,93.7003749678844,6,2,moderate
trusted_source_median,2024_t1like,left_caudate,tigerbx_2024_t1ffe_401,TIGERBx,kate_2024_t1_ffe_401,true,3.080357363874452,3.287454681937226,-6.299625032115606,6.299625032115606,93.7003749678844,4,2,moderate
trusted_method_balanced_median,2024_t1like,left_caudate,tigerbx_2024_t1ffe_401,TIGERBx,kate_2024_t1_ffe_401,true,3.080357363874452,3.321708867627617,-7.265883717423419,7.265883717423419,92.73411628257658,4,2,moderate
trusted_leave_one_source_out,2024_t1like,left_caudate,tigerbx_2024_t1ffe_401,TIGERBx,kate_2024_t1_ffe_401,true,3.080357363874452,3.494552,-11.852581850994003,11.852581850994003,88.147418149006,3,2,limited
trusted_leave_one_method_out,2024_t1like,left_caudate,tigerbx_2024_t1ffe_401,TIGERBx,kate_2024_t1_ffe_401,true,3.080357363874452,3.598786,-14.405653354368608,14.405653354368608,85.59434664563139,2,1,weak
all_source_median,2024_t1like,left_putamen,tigerbx_2024_t1ffe_401,TIGERBx,kate_2024_t1_ffe_401,true,4.893176371496217,4.907912685748109,-0.30025624324335376,0.30025624324335376,99.69974375675665,6,2,moderate
trusted_source_median,2024_t1like,left_putamen,tigerbx_2024_t1ffe_401,TIGERBx,kate_2024_t1_ffe_401,true,4.893176371496217,4.907912685748109,-0.30025624324335376,0.30025624324335376,99.69974375675665,4,2,moderate
trusted_method_balanced_median,2024_t1like,left_putamen,tigerbx_2024_t1ffe_401,TIGERBx,kate_2024_t1_ffe_401,true,4.893176371496217,4.912801537498348,-0.399469953189358,0.399469953189358,99.60053004681065,4,2,moderate
trusted_leave_one_source_out,2024_t1like,left_putamen,tigerbx_2024_t1ffe_401,TIGERBx,kate_2024_t1_ffe_401,true,4.893176371496217,4.922649000000001,-0.598714807896793,0.598714807896793,99.4012851921032,3,2,limited
trusted_leave_one_method_out,2024_t1like,left_putamen,tigerbx_2024_t1ffe_401,TIGERBx,kate_2024_t1_ffe_401,true,4.893176371496217,5.054577500000001,-3.1931675496870566,3.1931675496870566,96.80683245031294,2,1,weak
all_source_median,2024_t1like,left_pallidum,tigerbx_2024_t1ffe_401,TIGERBx,kate_2024_t1_ffe_401,true,1.7075894082347505,1.3852020892137231,23.273666819548534,23.273666819548534,76.72633318045146,6,2,moderate
trusted_source_median,2024_t1like,left_pallidum,tigerbx_2024_t1ffe_401,TIGERBx,kate_2024_t1_ffe_401,true,1.7075894082347505,1.332445589213723,28.15453194170578,28.15453194170578,71.84546805829422,4,2,moderate
trusted_method_balanced_median,2024_t1like,left_pallidum,tigerbx_2024_t1ffe_401,TIGERBx,kate_2024_t1_ffe_401,true,1.7075894082347505,1.3720793966655491,24.452667417393155,24.452667417393155,75.54733258260684,4,2,moderate
trusted_leave_one_source_out,2024_t1like,left_pallidum,tigerbx_2024_t1ffe_401,TIGERBx,kate_2024_t1_ffe_401,true,1.7075894082347505,1.1627349999999999,46.85972368895326,46.85972368895326,53.14027631104674,3,2,limited
trusted_leave_one_method_out,2024_t1like,left_pallidum,tigerbx_2024_t1ffe_401,TIGERBx,kate_2024_t1_ffe_401,true,1.7075894082347505,1.1392859999999998,49.88241830714595,49.88241830714595,50.11758169285405,2,1,weak
all_source_median,2024_t1like,third_ventricle,tigerbx_2024_t1ffe_401,TIGERBx,kate_2024_t1_ffe_401,true,0.7174745412751052,0.6984497706375525,2.723856666197583,2.723856666197583,97.27614333380242,6,2,moderate
trusted_source_median,2024_t1like,third_ventricle,tigerbx_2024_t1ffe_401,TIGERBx,kate_2024_t1_ffe_401,true,0.7174745412751052,0.6984497706375525,2.723856666197583,2.723856666197583,97.27614333380242,4,2,moderate
trusted_method_balanced_median,2024_t1like,third_ventricle,tigerbx_2024_t1ffe_401,TIGERBx,kate_2024_t1_ffe_401,true,0.7174745412751052,0.9342134891972123,-23.200151831285908,23.200151831285908,76.79984816871409,4,2,moderate
trusted_leave_one_source_out,2024_t1like,third_ventricle,tigerbx_2024_t1ffe_401,TIGERBx,kate_2024_t1_ffe_401,true,0.7174745412751052,0.679425,5.600256286581344,5.600256286581344,94.39974371341866,3,2,limited
trusted_leave_one_method_out,2024_t1like,third_ventricle,tigerbx_2024_t1ffe_401,TIGERBx,kate_2024_t1_ffe_401,true,0.7174745412751052,0.623096,15.146709539959375,15.146709539959375,84.85329046004063,2,1,weak
all_source_median,2024_t1like,fourth_ventricle,tigerbx_2024_t1ffe_401,TIGERBx,kate_2024_t1_ffe_401,true,1.731505226277254,1.5401296131386268,12.425942044489561,12.425942044489561,87.57405795551044,6,2,moderate
trusted_source_median,2024_t1like,fourth_ventricle,tigerbx_2024_t1ffe_401,TIGERBx,kate_2024_t1_ffe_401,true,1.731505226277254,1.5401296131386268,12.425942044489561,12.425942044489561,87.57405795551044,4,2,moderate
trusted_method_balanced_median,2024_t1like,fourth_ventricle,tigerbx_2024_t1ffe_401,TIGERBx,kate_2024_t1_ffe_401,true,1.731505226277254,1.5546779100099968,11.373887486837713,11.373887486837713,88.62611251316228,4,2,moderate
trusted_leave_one_source_out,2024_t1like,fourth_ventricle,tigerbx_2024_t1ffe_401,TIGERBx,kate_2024_t1_ffe_401,true,1.731505226277254,1.348754,28.378134654448022,28.378134654448022,71.62186534555198,3,2,limited
trusted_leave_one_method_out,2024_t1like,fourth_ventricle,tigerbx_2024_t1ffe_401,TIGERBx,kate_2024_t1_ffe_401,true,1.731505226277254,1.3386345,29.348618034067847,29.348618034067847,70.65138196593216,2,1,weak
all_source_median,2024_t1like,brain_stem,tigerbx_2024_t1ffe_401,TIGERBx,kate_2024_t1_ffe_401,true,16.774554775011957,18.583624379553953,-9.73475123901217,9.73475123901217,90.26524876098783,6,2,moderate
trusted_source_median,2024_t1like,brain_stem,tigerbx_2024_t1ffe_401,TIGERBx,kate_2024_t1_ffe_401,true,16.774554775011957,18.462650848361967,-9.143302807461046,9.143302807461046,90.85669719253896,4,2,moderate
trusted_method_balanced_median,2024_t1like,brain_stem,tigerbx_2024_t1ffe_401,TIGERBx,kate_2024_t1_ffe_401,true,16.774554775011957,18.499015867933974,-9.321907204324214,9.321907204324214,90.67809279567578,4,2,moderate
trusted_leave_one_source_out,2024_t1like,brain_stem,tigerbx_2024_t1ffe_401,TIGERBx,kate_2024_t1_ffe_401,true,16.774554775011957,20.06624,-16.404095759783814,16.404095759783814,83.59590424021619,3,2,limited
trusted_leave_one_method_out,2024_t1like,brain_stem,tigerbx_2024_t1ffe_401,TIGERBx,kate_2024_t1_ffe_401,true,16.774554775011957,20.1812235,-16.880387479916887,16.880387479916887,83.11961252008311,2,1,weak
all_source_median,2024_t1like,left_hippocampus,tigerbx_2024_t1ffe_401,TIGERBx,kate_2024_t1_ffe_401,true,3.9508931406215795,3.9114385703107897,1.0086971737269257,1.0086971737269257,98.99130282627307,6,2,moderate
trusted_source_median,2024_t1like,left_hippocampus,tigerbx_2024_t1ffe_401,TIGERBx,kate_2024_t1_ffe_401,true,3.9508931406215795,3.9114385703107897,1.0086971737269257,1.0086971737269257,98.99130282627307,4,2,moderate
trusted_method_balanced_median,2024_t1like,left_hippocampus,tigerbx_2024_t1ffe_401,TIGERBx,kate_2024_t1_ffe_401,true,3.9508931406215795,3.8924247995573253,1.5021058613875746,1.5021058613875746,98.49789413861242,4,2,moderate
trusted_leave_one_source_out,2024_t1like,left_hippocampus,tigerbx_2024_t1ffe_401,TIGERBx,kate_2024_t1_ffe_401,true,3.9508931406215795,3.871984,2.037951102627997,2.037951102627997,97.962048897372,3,2,limited
trusted_leave_one_method_out,2024_t1like,left_hippocampus,tigerbx_2024_t1ffe_401,TIGERBx,kate_2024_t1_ffe_401,true,3.9508931406215795,3.79045,4.232825670344672,4.232825670344672,95.76717432965533,2,1,weak
all_source_median,2024_t1like,left_amygdala,tigerbx_2024_t1ffe_401,TIGERBx,kate_2024_t1_ffe_401,true,1.4205995917247083,1.507377177701961,-5.756859481549767,5.756859481549767,94.24314051845023,6,2,moderate
trusted_source_median,2024_t1like,left_amygdala,tigerbx_2024_t1ffe_401,TIGERBx,kate_2024_t1_ffe_401,true,1.4205995917247083,1.482798795862354,-4.194716391138724,4.194716391138724,95.80528360886127,4,2,moderate
trusted_method_balanced_median,2024_t1like,left_amygdala,tigerbx_2024_t1ffe_401,TIGERBx,kate_2024_t1_ffe_401,true,1.4205995917247083,1.498971881077701,-5.2284029035051836,5.2284029035051836,94.77159709649482,4,2,moderate
trusted_leave_one_source_out,2024_t1like,left_amygdala,tigerbx_2024_t1ffe_401,TIGERBx,kate_2024_t1_ffe_401,true,1.4205995917247083,1.544998,-8.051687333918348,8.051687333918348,91.94831266608165,3,2,limited
trusted_leave_one_method_out,2024_t1like,left_amygdala,tigerbx_2024_t1ffe_401,TIGERBx,kate_2024_t1_ffe_401,true,1.4205995917247083,1.5802065,-10.100382973699435,10.100382973699435,89.89961702630056,2,1,weak
all_source_median,2024_t1like,csf,tigerbx_2024_t1ffe_401,TIGERBx,kate_2024_t1_ffe_401,true,1.0522959938701542,51.75802184512338,-97.96689294459715,97.96689294459715,2.0331070554028514,6,2,moderate
trusted_source_median,2024_t1like,csf,tigerbx_2024_t1ffe_401,TIGERBx,kate_2024_t1_ffe_401,true,1.0522959938701542,98.8891618451234,-98.93588339284518,98.93588339284518,1.0641166071548156,4,2,moderate
trusted_method_balanced_median,2024_t1like,csf,tigerbx_2024_t1ffe_401,TIGERBx,kate_2024_t1_ffe_401,true,1.0522959938701542,103.02836992102924,-98.97863472490467,98.97863472490467,1.0213652750953344,4,2,moderate
trusted_leave_one_source_out,2024_t1like,csf,tigerbx_2024_t1ffe_401,TIGERBx,kate_2024_t1_ffe_401,true,1.0522959938701542,196.52423000000002,-99.46454643589233,99.46454643589233,0.5354535641076694,3,2,limited
trusted_leave_one_method_out,2024_t1like,csf,tigerbx_2024_t1ffe_401,TIGERBx,kate_2024_t1_ffe_401,true,1.0522959938701542,204.903545,-99.48644324632345,99.48644324632345,0.5135567536765535,2,1,weak
all_source_median,2024_t1like,left_accumbens_area,tigerbx_2024_t1ffe_401,TIGERBx,kate_2024_t1_ffe_401,true,0.6170281054965905,0.6427775527482953,-4.00596553840579,4.00596553840579,95.99403446159421,6,2,moderate
trusted_source_median,2024_t1like,left_accumbens_area,tigerbx_2024_t1ffe_401,TIGERBx,kate_2024_t1_ffe_401,true,0.6170281054965905,0.6427775527482953,-4.00596553840579,4.00596553840579,95.99403446159421,4,2,moderate
trusted_method_balanced_median,2024_t1like,left_accumbens_area,tigerbx_2024_t1ffe_401,TIGERBx,kate_2024_t1_ffe_401,true,0.6170281054965905,0.642968269588982,-4.034439228077895,4.034439228077895,95.9655607719221,4,2,moderate
trusted_leave_one_source_out,2024_t1like,left_accumbens_area,tigerbx_2024_t1ffe_401,TIGERBx,kate_2024_t1_ffe_401,true,0.6170281054965905,0.6685270000000001,-7.703338010792324,7.703338010792324,92.29666198920768,3,2,limited
trusted_leave_one_method_out,2024_t1like,left_accumbens_area,tigerbx_2024_t1ffe_401,TIGERBx,kate_2024_t1_ffe_401,true,0.6170281054965905,0.6926100000000001,-10.91261958438509,10.91261958438509,89.08738041561492,2,1,weak
all_source_median,2024_t1like,left_ventral_dc,tigerbx_2024_t1ffe_401,TIGERBx,kate_2024_t1_ffe_401,true,3.754783432673051,3.9276560628607537,-4.401419763363624,4.401419763363624,95.59858023663638,3,1,weak
trusted_source_median,2024_t1like,left_ventral_dc,tigerbx_2024_t1ffe_401,TIGERBx,kate_2024_t1_ffe_401,true,3.754783432673051,3.8412197477669023,-2.2502309362566737,2.2502309362566737,97.74976906374333,2,1,weak
all_source_median,2024_t1like,right_cerebral_white_matter,tigerbx_2024_t1ffe_401,TIGERBx,kate_2024_t1_ffe_401,true,191.6470163017976,190.60175363504274,0.5484013902391981,0.5484013902391981,99.45159860976081,6,2,moderate
trusted_source_median,2024_t1like,right_cerebral_white_matter,tigerbx_2024_t1ffe_401,TIGERBx,kate_2024_t1_ffe_401,true,191.6470163017976,194.5192581508988,-1.4765848257929493,1.4765848257929493,98.52341517420705,4,2,moderate
trusted_method_balanced_median,2024_t1like,right_cerebral_white_matter,tigerbx_2024_t1ffe_401,TIGERBx,kate_2024_t1_ffe_401,true,191.6470163017976,195.65082681752136,-2.0464061311931028,2.0464061311931028,97.95359386880689,4,2,moderate
trusted_leave_one_source_out,2024_t1like,right_cerebral_white_matter,tigerbx_2024_t1ffe_401,TIGERBx,kate_2024_t1_ffe_401,true,191.6470163017976,197.3915,-2.9101981079237964,2.9101981079237964,97.08980189207621,3,2,limited
trusted_leave_one_method_out,2024_t1like,right_cerebral_white_matter,tigerbx_2024_t1ffe_401,TIGERBx,kate_2024_t1_ffe_401,true,191.6470163017976,200.6999,-4.510656805609972,4.510656805609972,95.48934319439003,2,1,weak
all_source_median,2024_t1like,right_cerebral_cortex,tigerbx_2024_t1ffe_401,TIGERBx,kate_2024_t1_ffe_401,true,255.99013316334904,246.65231,3.785824330349488,3.785824330349488,96.21417566965052,6,2,moderate
trusted_source_median,2024_t1like,right_cerebral_cortex,tigerbx_2024_t1ffe_401,TIGERBx,kate_2024_t1_ffe_401,true,255.99013316334904,251.32404158167452,1.856603750404893,1.856603750404893,98.14339624959511,4,2,moderate
trusted_method_balanced_median,2024_t1like,right_cerebral_cortex,tigerbx_2024_t1ffe_401,TIGERBx,kate_2024_t1_ffe_401,true,255.99013316334904,253.92616949245905,0.8128203859473745,0.8128203859473745,99.18717961405262,4,2,moderate
trusted_leave_one_source_out,2024_t1like,right_cerebral_cortex,tigerbx_2024_t1ffe_401,TIGERBx,kate_2024_t1_ffe_401,true,255.99013316334904,246.65795,3.7834511976399074,3.7834511976399074,96.2165488023601,3,2,limited
trusted_leave_one_method_out,2024_t1like,right_cerebral_cortex,tigerbx_2024_t1ffe_401,TIGERBx,kate_2024_t1_ffe_401,true,255.99013316334904,246.65231,3.785824330349488,3.785824330349488,96.21417566965052,2,1,weak
all_source_median,2024_t1like,right_lateral_ventricle,tigerbx_2024_t1ffe_401,TIGERBx,kate_2024_t1_ffe_401,true,5.218431496874266,5.115146748437133,2.019194238536566,2.019194238536566,97.98080576146343,6,2,moderate
trusted_source_median,2024_t1like,right_lateral_ventricle,tigerbx_2024_t1ffe_401,TIGERBx,kate_2024_t1_ffe_401,true,5.218431496874266,5.115146748437133,2.019194238536566,2.019194238536566,97.98080576146343,4,2,moderate
trusted_method_balanced_median,2024_t1like,right_lateral_ventricle,tigerbx_2024_t1ffe_401,TIGERBx,kate_2024_t1_ffe_401,true,5.218431496874266,5.1052407495029755,2.2171480822390266,2.2171480822390266,97.78285191776098,4,2,moderate
trusted_leave_one_source_out,2024_t1like,right_lateral_ventricle,tigerbx_2024_t1ffe_401,TIGERBx,kate_2024_t1_ffe_401,true,5.218431496874266,5.011862,4.121611825590294,4.121611825590294,95.87838817440971,3,2,limited
trusted_leave_one_method_out,2024_t1like,right_lateral_ventricle,tigerbx_2024_t1ffe_401,TIGERBx,kate_2024_t1_ffe_401,true,5.218431496874266,4.989719,4.583674889793713,4.583674889793713,95.41632511020629,2,1,weak
all_source_median,2024_t1like,right_inferior_lateral_ventricle,tigerbx_2024_t1ffe_401,TIGERBx,kate_2024_t1_ffe_401,true,0.3635204342460533,0.4060385,-10.471437007561285,10.471437007561285,89.52856299243871,6,2,moderate
trusted_source_median,2024_t1like,right_inferior_lateral_ventricle,tigerbx_2024_t1ffe_401,TIGERBx,kate_2024_t1_ffe_401,true,0.3635204342460533,0.39546771712302664,-8.078354185111605,8.078354185111605,91.9216458148884,4,2,moderate
trusted_method_balanced_median,2024_t1like,right_inferior_lateral_ventricle,tigerbx_2024_t1ffe_401,TIGERBx,kate_2024_t1_ffe_401,true,0.3635204342460533,0.4443989132366852,-18.199522226904346,18.199522226904346,81.80047777309565,4,2,moderate
trusted_leave_one_source_out,2024_t1like,right_inferior_lateral_ventricle,tigerbx_2024_t1ffe_401,TIGERBx,kate_2024_t1_ffe_401,true,0.3635204342460533,0.42741500000000004,-14.949069582009697,14.949069582009697,85.0509304179903,3,2,limited
trusted_leave_one_method_out,2024_t1like,right_inferior_lateral_ventricle,tigerbx_2024_t1ffe_401,TIGERBx,kate_2024_t1_ffe_401,true,0.3635204342460533,0.3785845,-3.9790497904554196,3.9790497904554196,96.02095020954458,2,1,weak
all_source_median,2024_t1like,right_cerebellum_white_matter,tigerbx_2024_t1ffe_401,TIGERBx,kate_2024_t1_ffe_401,true,10.77168444634358,11.379415723171789,-5.340619339450728,5.340619339450728,94.65938066054927,6,2,moderate
trusted_source_median,2024_t1like,right_cerebellum_white_matter,tigerbx_2024_t1ffe_401,TIGERBx,kate_2024_t1_ffe_401,true,10.77168444634358,11.379415723171789,-5.340619339450728,5.340619339450728,94.65938066054927,4,2,moderate
trusted_method_balanced_median,2024_t1like,right_cerebellum_white_matter,tigerbx_2024_t1ffe_401,TIGERBx,kate_2024_t1_ffe_401,true,10.77168444634358,11.58568742120741,-7.0259359265451256,7.0259359265451256,92.97406407345487,4,2,moderate
trusted_leave_one_source_out,2024_t1like,right_cerebellum_white_matter,tigerbx_2024_t1ffe_401,TIGERBx,kate_2024_t1_ffe_401,true,10.77168444634358,11.987147,-10.139715093645057,10.139715093645057,89.86028490635495,3,2,limited
trusted_leave_one_method_out,2024_t1like,right_cerebellum_white_matter,tigerbx_2024_t1ffe_401,TIGERBx,kate_2024_t1_ffe_401,true,10.77168444634358,12.417736000000001,-13.255649448952866,13.255649448952866,86.74435055104713,2,1,weak
all_source_median,2024_t1like,right_cerebellum_cortex,tigerbx_2024_t1ffe_401,TIGERBx,kate_2024_t1_ffe_401,true,50.58673832350342,48.70032950829567,3.8735031862287883,3.8735031862287883,96.12649681377121,6,2,moderate
trusted_source_median,2024_t1like,right_cerebellum_cortex,tigerbx_2024_t1ffe_401,TIGERBx,kate_2024_t1_ffe_401,true,50.58673832350342,49.394191661751705,2.414345941559682,2.414345941559682,97.58565405844031,4,2,moderate
trusted_method_balanced_median,2024_t1like,right_cerebellum_cortex,tigerbx_2024_t1ffe_401,TIGERBx,kate_2024_t1_ffe_401,true,50.58673832350342,49.532186032327914,2.1290243287207944,2.1290243287207944,97.87097567127921,4,2,moderate
trusted_leave_one_source_out,2024_t1like,right_cerebellum_cortex,tigerbx_2024_t1ffe_401,TIGERBx,kate_2024_t1_ffe_401,true,50.58673832350342,48.201645,4.948157523469208,4.948157523469208,95.0518424765308,3,2,limited
trusted_leave_one_method_out,2024_t1like,right_cerebellum_cortex,tigerbx_2024_t1ffe_401,TIGERBx,kate_2024_t1_ffe_401,true,50.58673832350342,48.121801000000005,5.1222881776669436,5.1222881776669436,94.87771182233305,2,1,weak
all_source_median,2024_t1like,right_thalamus,tigerbx_2024_t1ffe_401,TIGERBx,kate_2024_t1_ffe_401,true,6.581633125296965,6.652521562648483,-1.065587487149697,1.065587487149697,98.9344125128503,6,2,moderate
trusted_source_median,2024_t1like,right_thalamus,tigerbx_2024_t1ffe_401,TIGERBx,kate_2024_t1_ffe_401,true,6.581633125296965,6.652521562648483,-1.065587487149697,1.065587487149697,98.9344125128503,4,2,moderate
trusted_method_balanced_median,2024_t1like,right_thalamus,tigerbx_2024_t1ffe_401,TIGERBx,kate_2024_t1_ffe_401,true,6.581633125296965,6.686422206468542,-1.5671921086616813,1.5671921086616813,98.43280789133831,4,2,moderate
trusted_leave_one_source_out,2024_t1like,right_thalamus,tigerbx_2024_t1ffe_401,TIGERBx,kate_2024_t1_ffe_401,true,6.581633125296965,6.723409999999999,-2.108704878968181,2.108704878968181,97.89129512103182,3,2,limited
trusted_leave_one_method_out,2024_t1like,right_thalamus,tigerbx_2024_t1ffe_401,TIGERBx,kate_2024_t1_ffe_401,true,6.581633125296965,6.939902999999999,-5.162462280856583,5.162462280856583,94.83753771914341,2,1,weak
all_source_median,2024_t1like,right_caudate,tigerbx_2024_t1ffe_401,TIGERBx,kate_2024_t1_ffe_401,true,3.2621175809974785,3.4782652612645997,-6.214237961498541,6.214237961498541,93.78576203850146,6,2,moderate
trusted_source_median,2024_t1like,right_caudate,tigerbx_2024_t1ffe_401,TIGERBx,kate_2024_t1_ffe_401,true,3.2621175809974785,3.4621257904987393,-5.777034735426191,5.777034735426191,94.22296526457382,4,2,moderate
trusted_method_balanced_median,2024_t1like,right_caudate,tigerbx_2024_t1ffe_401,TIGERBx,kate_2024_t1_ffe_401,true,3.2621175809974785,3.307702365482191,-1.378140456663105,1.378140456663105,98.6218595433369,4,2,moderate
trusted_leave_one_source_out,2024_t1like,right_caudate,tigerbx_2024_t1ffe_401,TIGERBx,kate_2024_t1_ffe_401,true,3.2621175809974785,3.662134,-10.923041565451223,10.923041565451223,89.07695843454877,3,2,limited
trusted_leave_one_method_out,2024_t1like,right_caudate,tigerbx_2024_t1ffe_401,TIGERBx,kate_2024_t1_ffe_401,true,3.2621175809974785,3.734846,-12.657239923748437,12.657239923748437,87.34276007625157,2,1,weak
all_source_median,2024_t1like,right_putamen,tigerbx_2024_t1ffe_401,TIGERBx,kate_2024_t1_ffe_401,true,4.352678883735638,4.6157947663279115,-5.700337556420329,5.700337556420329,94.29966244357968,6,2,moderate
trusted_source_median,2024_t1like,right_putamen,tigerbx_2024_t1ffe_401,TIGERBx,kate_2024_t1_ffe_401,true,4.352678883735638,4.6157947663279115,-5.700337556420329,5.700337556420329,94.29966244357968,4,2,moderate
trusted_method_balanced_median,2024_t1like,right_putamen,tigerbx_2024_t1ffe_401,TIGERBx,kate_2024_t1_ffe_401,true,4.352678883735638,4.6638293540978655,-6.671566361853186,6.671566361853186,93.32843363814682,4,2,moderate
trusted_leave_one_source_out,2024_t1like,right_putamen,tigerbx_2024_t1ffe_401,TIGERBx,kate_2024_t1_ffe_401,true,4.352678883735638,4.669996,-6.794804883438073,6.794804883438073,93.20519511656192,3,2,limited
trusted_leave_one_method_out,2024_t1like,right_putamen,tigerbx_2024_t1ffe_401,TIGERBx,kate_2024_t1_ffe_401,true,4.352678883735638,4.8705225,-10.632198419458328,10.632198419458328,89.36780158054167,2,1,weak
all_source_median,2024_t1like,right_pallidum,tigerbx_2024_t1ffe_401,TIGERBx,kate_2024_t1_ffe_401,true,1.3919006100737041,1.4158300952924814,-1.690138195136607,1.690138195136607,98.30986180486339,6,2,moderate
trusted_source_median,2024_t1like,right_pallidum,tigerbx_2024_t1ffe_401,TIGERBx,kate_2024_t1_ffe_401,true,1.3919006100737041,1.4033877713299001,-0.8185308074410776,0.8185308074410776,99.18146919255892,4,2,moderate
trusted_method_balanced_median,2024_t1like,right_pallidum,tigerbx_2024_t1ffe_401,TIGERBx,kate_2024_t1_ffe_401,true,1.3919006100737041,1.39000788566495,0.13616645115999895,0.13616645115999895,99.86383354884,4,2,moderate
trusted_leave_one_source_out,2024_t1like,right_pallidum,tigerbx_2024_t1ffe_401,TIGERBx,kate_2024_t1_ffe_401,true,1.3919006100737041,1.414874932586096,-1.6237705526664246,1.6237705526664246,98.37622944733357,3,2,limited
trusted_leave_one_method_out,2024_t1like,right_pallidum,tigerbx_2024_t1ffe_401,TIGERBx,kate_2024_t1_ffe_401,true,1.3919006100737041,1.376628,1.1094217227678191,1.1094217227678191,98.89057827723218,2,1,weak
all_source_median,2024_t1like,right_hippocampus,tigerbx_2024_t1ffe_401,TIGERBx,kate_2024_t1_ffe_401,true,3.9556763042300798,3.6667269409186494,7.8803076413167,7.8803076413167,92.1196923586833,6,2,moderate
trusted_source_median,2024_t1like,right_hippocampus,tigerbx_2024_t1ffe_401,TIGERBx,kate_2024_t1_ffe_401,true,3.9556763042300798,3.7120177869022846,6.564044983500217,6.564044983500217,93.43595501649978,4,2,moderate
trusted_method_balanced_median,2024_t1like,right_hippocampus,tigerbx_2024_t1ffe_401,TIGERBx,kate_2024_t1_ffe_401,true,3.9556763042300798,3.7111692195086623,6.588411097939339,6.588411097939339,93.41158890206066,4,2,moderate
trusted_leave_one_source_out,2024_t1like,right_hippocampus,tigerbx_2024_t1ffe_401,TIGERBx,kate_2024_t1_ffe_401,true,3.9556763042300798,3.697968573804569,6.968899959048977,6.968899959048977,93.03110004095102,3,2,limited
trusted_leave_one_method_out,2024_t1like,right_hippocampus,tigerbx_2024_t1ffe_401,TIGERBx,kate_2024_t1_ffe_401,true,3.9556763042300798,3.595516,10.016929537515056,10.016929537515056,89.98307046248495,2,1,weak
all_source_median,2024_t1like,right_amygdala,tigerbx_2024_t1ffe_401,TIGERBx,kate_2024_t1_ffe_401,true,1.3966837736822049,1.4494881199674077,-3.6429650962844824,3.6429650962844824,96.35703490371552,6,2,moderate
trusted_source_median,2024_t1like,right_amygdala,tigerbx_2024_t1ffe_401,TIGERBx,kate_2024_t1_ffe_401,true,1.3966837736822049,1.5086138868411025,-7.419400957077821,7.419400957077821,92.58059904292217,4,2,moderate
trusted_method_balanced_median,2024_t1like,right_amygdala,tigerbx_2024_t1ffe_401,TIGERBx,kate_2024_t1_ffe_401,true,1.3966837736822049,1.515495614668985,-7.839801041768843,7.839801041768843,92.16019895823116,4,2,moderate
trusted_leave_one_source_out,2024_t1like,right_amygdala,tigerbx_2024_t1ffe_401,TIGERBx,kate_2024_t1_ffe_401,true,1.3966837736822049,1.6205440000000002,-13.813893749123462,13.813893749123462,86.18610625087653,3,2,limited
trusted_leave_one_method_out,2024_t1like,right_amygdala,tigerbx_2024_t1ffe_401,TIGERBx,kate_2024_t1_ffe_401,true,1.3966837736822049,1.6504775,-15.376987951534945,15.376987951534945,84.62301204846506,2,1,weak
all_source_median,2024_t1like,right_accumbens_area,tigerbx_2024_t1ffe_401,TIGERBx,kate_2024_t1_ffe_401,true,0.5883291238455863,0.6493495619227931,-9.397163200744881,9.397163200744881,90.60283679925512,6,2,moderate
trusted_source_median,2024_t1like,right_accumbens_area,tigerbx_2024_t1ffe_401,TIGERBx,kate_2024_t1_ffe_401,true,0.5883291238455863,0.6493495619227931,-9.397163200744881,9.397163200744881,90.60283679925512,4,2,moderate
trusted_method_balanced_median,2024_t1like,right_accumbens_area,tigerbx_2024_t1ffe_401,TIGERBx,kate_2024_t1_ffe_401,true,0.5883291238455863,0.6423453380442079,-8.40921712969668,8.40921712969668,91.59078287030331,4,2,moderate
trusted_leave_one_source_out,2024_t1like,right_accumbens_area,tigerbx_2024_t1ffe_401,TIGERBx,kate_2024_t1_ffe_401,true,0.5883291238455863,0.7103700000000001,-17.179902889256827,17.179902889256827,82.82009711074318,3,2,limited
trusted_leave_one_method_out,2024_t1like,right_accumbens_area,tigerbx_2024_t1ffe_401,TIGERBx,kate_2024_t1_ffe_401,true,0.5883291238455863,0.7631355,-22.906335264761456,22.906335264761456,77.09366473523855,2,1,weak
all_source_median,2024_t1like,right_ventral_dc,tigerbx_2024_t1ffe_401,TIGERBx,kate_2024_t1_ffe_401,true,3.6495538332860353,3.6495538332860353,0.0,0.0,100.0,3,1,weak
trusted_source_median,2024_t1like,right_ventral_dc,tigerbx_2024_t1ffe_401,TIGERBx,kate_2024_t1_ffe_401,true,3.6495538332860353,3.614042456390694,0.9825943475718342,0.9825943475718342,99.01740565242817,2,1,weak
all_source_median,2024_t1like,left_cerebral_white_matter,tigerbx_2024_t1ffe_601,TIGERBx,kate_2024_t1_ffe_601,true,183.11605377515247,183.93287407674603,-0.44408608612984946,0.44408608612984946,99.55591391387016,6,2,moderate
trusted_source_median,2024_t1like,left_cerebral_white_matter,tigerbx_2024_t1ffe_601,TIGERBx,kate_2024_t1_ffe_601,true,183.11605377515247,193.09451718916978,-5.167657559246836,5.167657559246836,94.83234244075317,4,2,moderate
trusted_method_balanced_median,2024_t1like,left_cerebral_white_matter,tigerbx_2024_t1ffe_601,TIGERBx,kate_2024_t1_ffe_601,true,183.11605377515247,193.62163953837302,-5.42583245770858,5.42583245770858,94.57416754229142,4,2,moderate
trusted_leave_one_source_out,2024_t1like,left_cerebral_white_matter,tigerbx_2024_t1ffe_601,TIGERBx,kate_2024_t1_ffe_601,true,183.11605377515247,201.43934,-9.096180629288957,9.096180629288957,90.90381937071105,3,2,limited
trusted_leave_one_method_out,2024_t1like,left_cerebral_white_matter,tigerbx_2024_t1ffe_601,TIGERBx,kate_2024_t1_ffe_601,true,183.11605377515247,203.310405,-9.932768185104711,9.932768185104711,90.0672318148953,2,1,weak
all_source_median,2024_t1like,left_cerebral_cortex,tigerbx_2024_t1ffe_601,TIGERBx,kate_2024_t1_ffe_601,true,249.54626935998212,244.95529,1.8742111509337596,1.8742111509337596,98.12578884906624,6,2,moderate
trusted_source_median,2024_t1like,left_cerebral_cortex,tigerbx_2024_t1ffe_601,TIGERBx,kate_2024_t1_ffe_601,true,249.54626935998212,247.36589467999107,0.8814370642370584,0.8814370642370584,99.11856293576294,4,2,moderate
trusted_method_balanced_median,2024_t1like,left_cerebral_cortex,tigerbx_2024_t1ffe_601,TIGERBx,kate_2024_t1_ffe_601,true,249.54626935998212,249.67368765337577,-0.05103392936244921,0.05103392936244921,99.94896607063755,4,2,moderate
trusted_leave_one_source_out,2024_t1like,left_cerebral_cortex,tigerbx_2024_t1ffe_601,TIGERBx,kate_2024_t1_ffe_601,true,249.54626935998212,245.18552,1.7785509356270806,1.7785509356270806,98.22144906437292,3,2,limited
trusted_leave_one_method_out,2024_t1like,left_cerebral_cortex,tigerbx_2024_t1ffe_601,TIGERBx,kate_2024_t1_ffe_601,true,249.54626935998212,244.95529,1.8742111509337596,1.8742111509337596,98.12578884906624,2,1,weak
all_source_median,2024_t1like,left_lateral_ventricle,tigerbx_2024_t1ffe_601,TIGERBx,kate_2024_t1_ffe_601,true,6.210749704079227,5.406187057663709,14.882256899989882,14.882256899989882,85.11774310001012,6,2,moderate
trusted_source_median,2024_t1like,left_lateral_ventricle,tigerbx_2024_t1ffe_601,TIGERBx,kate_2024_t1_ffe_601,true,6.210749704079227,5.623397352039613,10.444795472732869,10.444795472732869,89.55520452726714,4,2,moderate
trusted_method_balanced_median,2024_t1like,left_lateral_ventricle,tigerbx_2024_t1ffe_601,TIGERBx,kate_2024_t1_ffe_601,true,6.210749704079227,5.604260293735547,10.821935073601324,10.821935073601324,89.17806492639868,4,2,moderate
trusted_leave_one_source_out,2024_t1like,left_lateral_ventricle,tigerbx_2024_t1ffe_601,TIGERBx,kate_2024_t1_ffe_601,true,6.210749704079227,5.036045,23.325937398876047,23.325937398876047,76.67406260112395,3,2,limited
trusted_leave_one_method_out,2024_t1like,left_lateral_ventricle,tigerbx_2024_t1ffe_601,TIGERBx,kate_2024_t1_ffe_601,true,6.210749704079227,4.8218955,28.803075555644593,28.803075555644593,71.1969244443554,2,1,weak
all_source_median,2024_t1like,left_inferior_lateral_ventricle,tigerbx_2024_t1ffe_601,TIGERBx,kate_2024_t1_ffe_601,true,0.34912498336540027,0.2718758356252686,28.413392298168617,28.413392298168617,71.58660770183138,6,2,moderate
trusted_source_median,2024_t1like,left_inferior_lateral_ventricle,tigerbx_2024_t1ffe_601,TIGERBx,kate_2024_t1_ffe_601,true,0.34912498336540027,0.2381393356252686,46.60534029320402,46.60534029320402,53.39465970679598,4,2,moderate
trusted_method_balanced_median,2024_t1like,left_inferior_lateral_ventricle,tigerbx_2024_t1ffe_601,TIGERBx,kate_2024_t1_ffe_601,true,0.34912498336540027,0.2546801636539844,37.08369680480152,37.08369680480152,62.91630319519848,4,2,moderate
trusted_leave_one_source_out,2024_t1like,left_inferior_lateral_ventricle,tigerbx_2024_t1ffe_601,TIGERBx,kate_2024_t1_ffe_601,true,0.34912498336540027,0.222771,56.719224389799514,56.719224389799514,43.280775610200486,3,2,limited
trusted_leave_one_method_out,2024_t1like,left_inferior_lateral_ventricle,tigerbx_2024_t1ffe_601,TIGERBx,kate_2024_t1_ffe_601,true,0.34912498336540027,0.208044,67.81305078031582,67.81305078031582,32.18694921968418,2,1,weak
all_source_median,2024_t1like,left_cerebellum_white_matter,tigerbx_2024_t1ffe_601,TIGERBx,kate_2024_t1_ffe_601,true,9.950062025913908,11.646874581613934,-14.568823110524942,14.568823110524942,85.43117688947505,6,2,moderate
trusted_source_median,2024_t1like,left_cerebellum_white_matter,tigerbx_2024_t1ffe_601,TIGERBx,kate_2024_t1_ffe_601,true,9.950062025913908,11.368271807274734,-12.475157221815293,12.475157221815293,87.5248427781847,4,2,moderate
trusted_method_balanced_median,2024_t1like,left_cerebellum_white_matter,tigerbx_2024_t1ffe_601,TIGERBx,kate_2024_t1_ffe_601,true,9.950062025913908,11.492001660115843,-13.417502710197063,13.417502710197063,86.58249728980294,4,2,moderate
trusted_leave_one_source_out,2024_t1like,left_cerebellum_white_matter,tigerbx_2024_t1ffe_601,TIGERBx,kate_2024_t1_ffe_601,true,9.950062025913908,12.749298000000001,-21.95600082519126,21.95600082519126,78.04399917480873,3,2,limited
trusted_leave_one_method_out,2024_t1like,left_cerebellum_white_matter,tigerbx_2024_t1ffe_601,TIGERBx,kate_2024_t1_ffe_601,true,9.950062025913908,13.015349500000001,-23.551326640026783,23.551326640026783,76.44867335997321,2,1,weak
all_source_median,2024_t1like,left_cerebellum_cortex,tigerbx_2024_t1ffe_601,TIGERBx,kate_2024_t1_ffe_601,true,45.67565407371283,48.89087840565227,-6.576327602998709,6.576327602998709,93.4236723970013,6,2,moderate
trusted_source_median,2024_t1like,left_cerebellum_cortex,tigerbx_2024_t1ffe_601,TIGERBx,kate_2024_t1_ffe_601,true,45.67565407371283,48.89087840565227,-6.576327602998709,6.576327602998709,93.4236723970013,4,2,moderate
trusted_method_balanced_median,2024_t1like,left_cerebellum_cortex,tigerbx_2024_t1ffe_601,TIGERBx,kate_2024_t1_ffe_601,true,45.67565407371283,48.65517197125434,-6.123743431226228,6.123743431226228,93.87625656877377,4,2,moderate
trusted_leave_one_source_out,2024_t1like,left_cerebellum_cortex,tigerbx_2024_t1ffe_601,TIGERBx,kate_2024_t1_ffe_601,true,45.67565407371283,49.78271,-8.249964548509258,8.249964548509258,91.75003545149075,3,2,limited
trusted_leave_one_method_out,2024_t1like,left_cerebellum_cortex,tigerbx_2024_t1ffe_601,TIGERBx,kate_2024_t1_ffe_601,true,45.67565407371283,50.4729935,-9.50476501118796,9.50476501118796,90.49523498881204,2,1,weak
all_source_median,2024_t1like,left_thalamus,tigerbx_2024_t1ffe_601,TIGERBx,kate_2024_t1_ffe_601,true,6.422062194010916,6.5120130970054575,-1.3813071573198337,1.3813071573198337,98.61869284268016,6,2,moderate
trusted_source_median,2024_t1like,left_thalamus,tigerbx_2024_t1ffe_601,TIGERBx,kate_2024_t1_ffe_601,true,6.422062194010916,6.5120130970054575,-1.3813071573198337,1.3813071573198337,98.61869284268016,4,2,moderate
trusted_method_balanced_median,2024_t1like,left_thalamus,tigerbx_2024_t1ffe_601,TIGERBx,kate_2024_t1_ffe_601,true,6.422062194010916,6.725002189154715,-4.504682476272564,4.504682476272564,95.49531752372744,4,2,moderate
trusted_leave_one_source_out,2024_t1like,left_thalamus,tigerbx_2024_t1ffe_601,TIGERBx,kate_2024_t1_ffe_601,true,6.422062194010916,6.601964,-2.72497405301034,2.72497405301034,97.27502594698966,3,2,limited
trusted_leave_one_method_out,2024_t1like,left_thalamus,tigerbx_2024_t1ffe_601,TIGERBx,kate_2024_t1_ffe_601,true,6.422062194010916,7.0294705,-8.6408827804183,8.6408827804183,91.3591172195817,2,1,weak
all_source_median,2024_t1like,left_caudate,tigerbx_2024_t1ffe_601,TIGERBx,kate_2024_t1_ffe_601,true,3.008906106636016,3.287454681937226,-8.473077266484701,8.473077266484701,91.5269227335153,6,2,moderate
trusted_source_median,2024_t1like,left_caudate,tigerbx_2024_t1ffe_601,TIGERBx,kate_2024_t1_ffe_601,true,3.008906106636016,3.287454681937226,-8.473077266484701,8.473077266484701,91.5269227335153,4,2,moderate
trusted_method_balanced_median,2024_t1like,left_caudate,tigerbx_2024_t1ffe_601,TIGERBx,kate_2024_t1_ffe_601,true,3.008906106636016,3.321708867627617,-9.41692283872567,9.41692283872567,90.58307716127433,4,2,moderate
trusted_leave_one_source_out,2024_t1like,left_caudate,tigerbx_2024_t1ffe_601,TIGERBx,kate_2024_t1_ffe_601,true,3.008906106636016,3.494552,-13.89722898282767,13.89722898282767,86.10277101717233,3,2,limited
trusted_leave_one_method_out,2024_t1like,left_caudate,tigerbx_2024_t1ffe_601,TIGERBx,kate_2024_t1_ffe_601,true,3.008906106636016,3.598786,-16.391080029876296,16.391080029876296,83.60891997012371,2,1,weak
all_source_median,2024_t1like,left_putamen,tigerbx_2024_t1ffe_601,TIGERBx,kate_2024_t1_ffe_601,true,4.648874778497173,4.907912685748109,-5.277964866880084,5.277964866880084,94.72203513311992,6,2,moderate
trusted_source_median,2024_t1like,left_putamen,tigerbx_2024_t1ffe_601,TIGERBx,kate_2024_t1_ffe_601,true,4.648874778497173,4.907912685748109,-5.277964866880084,5.277964866880084,94.72203513311992,4,2,moderate
trusted_method_balanced_median,2024_t1like,left_putamen,tigerbx_2024_t1ffe_601,TIGERBx,kate_2024_t1_ffe_601,true,4.648874778497173,4.912801537498348,-5.372225134410166,5.372225134410166,94.62777486558983,4,2,moderate
trusted_leave_one_source_out,2024_t1like,left_putamen,tigerbx_2024_t1ffe_601,TIGERBx,kate_2024_t1_ffe_601,true,4.648874778497173,4.922649000000001,-5.561522292221688,5.561522292221688,94.43847770777832,3,2,limited
trusted_leave_one_method_out,2024_t1like,left_putamen,tigerbx_2024_t1ffe_601,TIGERBx,kate_2024_t1_ffe_601,true,4.648874778497173,5.054577500000001,-8.026441804539111,8.026441804539111,91.9735581954609,2,1,weak
all_source_median,2024_t1like,left_pallidum,tigerbx_2024_t1ffe_601,TIGERBx,kate_2024_t1_ffe_601,true,1.5021561784274462,1.3852020892137231,8.443106614148212,8.443106614148212,91.5568933858518,6,2,moderate
trusted_source_median,2024_t1like,left_pallidum,tigerbx_2024_t1ffe_601,TIGERBx,kate_2024_t1_ffe_601,true,1.5021561784274462,1.332445589213723,12.736774438487167,12.736774438487167,87.26322556151283,4,2,moderate
trusted_method_balanced_median,2024_t1like,left_pallidum,tigerbx_2024_t1ffe_601,TIGERBx,kate_2024_t1_ffe_601,true,1.5021561784274462,1.3720793966655491,9.480266380940629,9.480266380940629,90.51973361905937,4,2,moderate
trusted_leave_one_source_out,2024_t1like,left_pallidum,tigerbx_2024_t1ffe_601,TIGERBx,kate_2024_t1_ffe_601,true,1.5021561784274462,1.1627349999999999,29.191619623340348,29.191619623340348,70.80838037665966,3,2,limited
trusted_leave_one_method_out,2024_t1like,left_pallidum,tigerbx_2024_t1ffe_601,TIGERBx,kate_2024_t1_ffe_601,true,1.5021561784274462,1.1392859999999998,31.850665980925463,31.850665980925463,68.14933401907453,2,1,weak
all_source_median,2024_t1like,third_ventricle,tigerbx_2024_t1ffe_601,TIGERBx,kate_2024_t1_ffe_601,true,1.7731874155137437,0.6984497706375525,153.8747222860649,153.8747222860649,0.0,6,2,moderate
trusted_source_median,2024_t1like,third_ventricle,tigerbx_2024_t1ffe_601,TIGERBx,kate_2024_t1_ffe_601,true,1.7731874155137437,0.6984497706375525,153.8747222860649,153.8747222860649,0.0,4,2,moderate
trusted_method_balanced_median,2024_t1like,third_ventricle,tigerbx_2024_t1ffe_601,TIGERBx,kate_2024_t1_ffe_601,true,1.7731874155137437,0.9342134891972123,89.80537489749565,89.80537489749565,10.194625102504347,4,2,moderate
trusted_leave_one_source_out,2024_t1like,third_ventricle,tigerbx_2024_t1ffe_601,TIGERBx,kate_2024_t1_ffe_601,true,1.7731874155137437,0.679425,160.983539833498,160.983539833498,0.0,3,2,limited
trusted_leave_one_method_out,2024_t1like,third_ventricle,tigerbx_2024_t1ffe_601,TIGERBx,kate_2024_t1_ffe_601,true,1.7731874155137437,0.623096,184.5769216162106,184.5769216162106,0.0,2,1,weak
all_source_median,2024_t1like,fourth_ventricle,tigerbx_2024_t1ffe_601,TIGERBx,kate_2024_t1_ffe_601,true,1.8099374137627333,1.5401296131386268,17.518512618835093,17.518512618835093,82.48148738116491,6,2,moderate
trusted_source_median,2024_t1like,fourth_ventricle,tigerbx_2024_t1ffe_601,TIGERBx,kate_2024_t1_ffe_601,true,1.8099374137627333,1.5401296131386268,17.518512618835093,17.518512618835093,82.48148738116491,4,2,moderate
trusted_method_balanced_median,2024_t1like,fourth_ventricle,tigerbx_2024_t1ffe_601,TIGERBx,kate_2024_t1_ffe_601,true,1.8099374137627333,1.5546779100099968,16.418803027251812,16.418803027251812,83.58119697274819,4,2,moderate
trusted_leave_one_source_out,2024_t1like,fourth_ventricle,tigerbx_2024_t1ffe_601,TIGERBx,kate_2024_t1_ffe_601,true,1.8099374137627333,1.348754,34.19329349627384,34.19329349627384,65.80670650372616,3,2,limited
trusted_leave_one_method_out,2024_t1like,fourth_ventricle,tigerbx_2024_t1ffe_601,TIGERBx,kate_2024_t1_ffe_601,true,1.8099374137627333,1.3386345,35.20773697097553,35.20773697097553,64.79226302902447,2,1,weak
all_source_median,2024_t1like,brain_stem,tigerbx_2024_t1ffe_601,TIGERBx,kate_2024_t1_ffe_601,true,16.859061696723938,18.583624379553953,-9.280012593923342,9.280012593923342,90.71998740607665,6,2,moderate
trusted_source_median,2024_t1like,brain_stem,tigerbx_2024_t1ffe_601,TIGERBx,kate_2024_t1_ffe_601,true,16.859061696723938,18.462650848361967,-8.685584561007405,8.685584561007405,91.3144154389926,4,2,moderate
trusted_method_balanced_median,2024_t1like,brain_stem,tigerbx_2024_t1ffe_601,TIGERBx,kate_2024_t1_ffe_601,true,16.859061696723938,18.499015867933974,-8.865088731842851,8.865088731842851,91.13491126815715,4,2,moderate
trusted_leave_one_source_out,2024_t1like,brain_stem,tigerbx_2024_t1ffe_601,TIGERBx,kate_2024_t1_ffe_601,true,16.859061696723938,20.06624,-15.982955966220192,15.982955966220192,84.01704403377981,3,2,limited
trusted_leave_one_method_out,2024_t1like,brain_stem,tigerbx_2024_t1ffe_601,TIGERBx,kate_2024_t1_ffe_601,true,16.859061696723938,20.1812235,-16.461647150759042,16.461647150759042,83.53835284924097,2,1,weak
all_source_median,2024_t1like,left_hippocampus,tigerbx_2024_t1ffe_601,TIGERBx,kate_2024_t1_ffe_601,true,4.037906057607722,3.9114385703107897,3.233273002338967,3.233273002338967,96.76672699766104,6,2,moderate
trusted_source_median,2024_t1like,left_hippocampus,tigerbx_2024_t1ffe_601,TIGERBx,kate_2024_t1_ffe_601,true,4.037906057607722,3.9114385703107897,3.233273002338967,3.233273002338967,96.76672699766104,4,2,moderate
trusted_method_balanced_median,2024_t1like,left_hippocampus,tigerbx_2024_t1ffe_601,TIGERBx,kate_2024_t1_ffe_601,true,4.037906057607722,3.8924247995573253,3.7375483289218985,3.7375483289218985,96.2624516710781,4,2,moderate
trusted_leave_one_source_out,2024_t1like,left_hippocampus,tigerbx_2024_t1ffe_601,TIGERBx,kate_2024_t1_ffe_601,true,4.037906057607722,3.871984,4.2851948150540355,4.2851948150540355,95.71480518494596,3,2,limited
trusted_leave_one_method_out,2024_t1like,left_hippocampus,tigerbx_2024_t1ffe_601,TIGERBx,kate_2024_t1_ffe_601,true,4.037906057607722,3.79045,6.528408437196687,6.528408437196687,93.47159156280331,2,1,weak
all_source_median,2024_t1like,left_amygdala,tigerbx_2024_t1ffe_601,TIGERBx,kate_2024_t1_ffe_601,true,1.414874932586096,1.507377177701961,-6.136635639985414,6.136635639985414,93.86336436001459,6,2,moderate
trusted_source_median,2024_t1like,left_amygdala,tigerbx_2024_t1ffe_601,TIGERBx,kate_2024_t1_ffe_601,true,1.414874932586096,1.482798795862354,-4.580787593420952,4.580787593420952,95.41921240657905,4,2,moderate
trusted_method_balanced_median,2024_t1like,left_amygdala,tigerbx_2024_t1ffe_601,TIGERBx,kate_2024_t1_ffe_601,true,1.414874932586096,1.498971881077701,-5.610308609067611,5.610308609067611,94.38969139093238,4,2,moderate
trusted_leave_one_source_out,2024_t1like,left_amygdala,tigerbx_2024_t1ffe_601,TIGERBx,kate_2024_t1_ffe_601,true,1.414874932586096,1.544998,-8.422215913153543,8.422215913153543,91.57778408684646,3,2,limited
trusted_leave_one_method_out,2024_t1like,left_amygdala,tigerbx_2024_t1ffe_601,TIGERBx,kate_2024_t1_ffe_601,true,1.414874932586096,1.5802065,-10.462655824659876,10.462655824659876,89.53734417534012,2,1,weak
all_source_median,2024_t1like,csf,tigerbx_2024_t1ffe_601,TIGERBx,kate_2024_t1_ffe_601,true,1.254093690246767,51.75802184512338,-97.5770061421601,97.5770061421601,2.4229938578398986,6,2,moderate
trusted_source_median,2024_t1like,csf,tigerbx_2024_t1ffe_601,TIGERBx,kate_2024_t1_ffe_601,true,1.254093690246767,98.8891618451234,-98.73181886988701,98.73181886988701,1.2681811301129926,4,2,moderate
trusted_method_balanced_median,2024_t1like,csf,tigerbx_2024_t1ffe_601,TIGERBx,kate_2024_t1_ffe_601,true,1.254093690246767,103.02836992102924,-98.78276857994742,98.78276857994742,1.2172314200525847,4,2,moderate
trusted_leave_one_source_out,2024_t1like,csf,tigerbx_2024_t1ffe_601,TIGERBx,kate_2024_t1_ffe_601,true,1.254093690246767,196.52423000000002,-99.36186306887106,99.36186306887106,0.6381369311289404,3,2,limited
trusted_leave_one_method_out,2024_t1like,csf,tigerbx_2024_t1ffe_601,TIGERBx,kate_2024_t1_ffe_601,true,1.254093690246767,204.903545,-99.3879590076166,99.3879590076166,0.6120409923833989,2,1,weak
all_source_median,2024_t1like,left_accumbens_area,tigerbx_2024_t1ffe_601,TIGERBx,kate_2024_t1_ffe_601,true,0.5696249728593374,0.6427775527482953,-11.380699213309898,11.380699213309898,88.6193007866901,6,2,moderate
trusted_source_median,2024_t1like,left_accumbens_area,tigerbx_2024_t1ffe_601,TIGERBx,kate_2024_t1_ffe_601,true,0.5696249728593374,0.6427775527482953,-11.380699213309898,11.380699213309898,88.6193007866901,4,2,moderate
trusted_method_balanced_median,2024_t1like,left_accumbens_area,tigerbx_2024_t1ffe_601,TIGERBx,kate_2024_t1_ffe_601,true,0.5696249728593374,0.642968269588982,-11.406985414152604,11.406985414152604,88.5930145858474,4,2,moderate
trusted_leave_one_source_out,2024_t1like,left_accumbens_area,tigerbx_2024_t1ffe_601,TIGERBx,kate_2024_t1_ffe_601,true,0.5696249728593374,0.6685270000000001,-14.794021354509637,14.794021354509637,85.20597864549036,3,2,limited
trusted_leave_one_method_out,2024_t1like,left_accumbens_area,tigerbx_2024_t1ffe_601,TIGERBx,kate_2024_t1_ffe_601,true,0.5696249728593374,0.6926100000000001,-17.756750139423715,17.756750139423715,82.24324986057628,2,1,weak
all_source_median,2024_t1like,left_ventral_dc,tigerbx_2024_t1ffe_601,TIGERBx,kate_2024_t1_ffe_601,true,3.9276560628607537,3.9276560628607537,0.0,0.0,100.0,3,1,weak
trusted_source_median,2024_t1like,left_ventral_dc,tigerbx_2024_t1ffe_601,TIGERBx,kate_2024_t1_ffe_601,true,3.9276560628607537,3.8412197477669023,2.2502309362566737,2.2502309362566737,97.74976906374333,2,1,weak
all_source_median,2024_t1like,right_cerebral_white_matter,tigerbx_2024_t1ffe_601,TIGERBx,kate_2024_t1_ffe_601,true,189.55649096828787,190.60175363504274,-0.5484013902391981,0.5484013902391981,99.45159860976081,6,2,moderate
trusted_source_median,2024_t1like,right_cerebral_white_matter,tigerbx_2024_t1ffe_601,TIGERBx,kate_2024_t1_ffe_601,true,189.55649096828787,194.5192581508988,-2.551298637362188,2.551298637362188,97.4487013626378,4,2,moderate
trusted_method_balanced_median,2024_t1like,right_cerebral_white_matter,tigerbx_2024_t1ffe_601,TIGERBx,kate_2024_t1_ffe_601,true,189.55649096828787,195.65082681752136,-3.1149042139839884,3.1149042139839884,96.88509578601601,4,2,moderate
trusted_leave_one_source_out,2024_t1like,right_cerebral_white_matter,tigerbx_2024_t1ffe_601,TIGERBx,kate_2024_t1_ffe_601,true,189.55649096828787,197.3915,-3.9692737689880935,3.9692737689880935,96.03072623101191,3,2,limited
trusted_leave_one_method_out,2024_t1like,right_cerebral_white_matter,tigerbx_2024_t1ffe_601,TIGERBx,kate_2024_t1_ffe_601,true,189.55649096828787,200.6999,-5.552274331831823,5.552274331831823,94.44772566816818,2,1,weak
all_source_median,2024_t1like,right_cerebral_cortex,tigerbx_2024_t1ffe_601,TIGERBx,kate_2024_t1_ffe_601,true,266.40992480648714,246.65231,8.010310062162866,8.010310062162866,91.98968993783714,6,2,moderate
trusted_source_median,2024_t1like,right_cerebral_cortex,tigerbx_2024_t1ffe_601,TIGERBx,kate_2024_t1_ffe_601,true,266.40992480648714,251.32404158167452,6.002562719376791,6.002562719376791,93.9974372806232,4,2,moderate
trusted_method_balanced_median,2024_t1like,right_cerebral_cortex,tigerbx_2024_t1ffe_601,TIGERBx,kate_2024_t1_ffe_601,true,266.40992480648714,253.92616949245905,4.916293322181124,4.916293322181124,95.08370667781888,4,2,moderate
trusted_leave_one_source_out,2024_t1like,right_cerebral_cortex,tigerbx_2024_t1ffe_601,TIGERBx,kate_2024_t1_ffe_601,true,266.40992480648714,246.65795,8.007840333744419,8.007840333744419,91.99215966625559,3,2,limited
trusted_leave_one_method_out,2024_t1like,right_cerebral_cortex,tigerbx_2024_t1ffe_601,TIGERBx,kate_2024_t1_ffe_601,true,266.40992480648714,246.65231,8.010310062162866,8.010310062162866,91.98968993783714,2,1,weak
all_source_median,2024_t1like,right_lateral_ventricle,tigerbx_2024_t1ffe_601,TIGERBx,kate_2024_t1_ffe_601,true,5.223093501137633,5.115146748437133,2.1103354020777996,2.1103354020777996,97.8896645979222,6,2,moderate
trusted_source_median,2024_t1like,right_lateral_ventricle,tigerbx_2024_t1ffe_601,TIGERBx,kate_2024_t1_ffe_601,true,5.223093501137633,5.115146748437133,2.1103354020777996,2.1103354020777996,97.8896645979222,4,2,moderate
trusted_method_balanced_median,2024_t1like,right_lateral_ventricle,tigerbx_2024_t1ffe_601,TIGERBx,kate_2024_t1_ffe_601,true,5.223093501137633,5.1052407495029755,2.308466092341117,2.308466092341117,97.69153390765888,4,2,moderate
trusted_leave_one_source_out,2024_t1like,right_lateral_ventricle,tigerbx_2024_t1ffe_601,TIGERBx,kate_2024_t1_ffe_601,true,5.223093501137633,5.011862,4.214631231618775,4.214631231618775,95.78536876838123,3,2,limited
trusted_leave_one_method_out,2024_t1like,right_lateral_ventricle,tigerbx_2024_t1ffe_601,TIGERBx,kate_2024_t1_ffe_601,true,5.223093501137633,4.989719,4.677107090351845,4.677107090351845,95.32289290964816,2,1,weak
all_source_median,2024_t1like,right_inferior_lateral_ventricle,tigerbx_2024_t1ffe_601,TIGERBx,kate_2024_t1_ffe_601,true,0.6569062187006874,0.4060385,61.78421964929124,61.78421964929124,38.21578035070876,6,2,moderate
trusted_source_median,2024_t1like,right_inferior_lateral_ventricle,tigerbx_2024_t1ffe_601,TIGERBx,kate_2024_t1_ffe_601,true,0.6569062187006874,0.39546771712302664,66.10868353037512,66.10868353037512,33.89131646962488,4,2,moderate
trusted_method_balanced_median,2024_t1like,right_inferior_lateral_ventricle,tigerbx_2024_t1ffe_601,TIGERBx,kate_2024_t1_ffe_601,true,0.6569062187006874,0.4443989132366852,47.81904256161438,47.81904256161438,52.18095743838562,4,2,moderate
trusted_leave_one_source_out,2024_t1like,right_inferior_lateral_ventricle,tigerbx_2024_t1ffe_601,TIGERBx,kate_2024_t1_ffe_601,true,0.6569062187006874,0.3635204342460533,80.7068205293935,80.7068205293935,19.293179470606503,3,2,limited
trusted_leave_one_method_out,2024_t1like,right_inferior_lateral_ventricle,tigerbx_2024_t1ffe_601,TIGERBx,kate_2024_t1_ffe_601,true,0.6569062187006874,0.3785845,73.51640616578003,73.51640616578003,26.483593834219974,2,1,weak
all_source_median,2024_t1like,right_cerebellum_white_matter,tigerbx_2024_t1ffe_601,TIGERBx,kate_2024_t1_ffe_601,true,10.735593238486059,11.379415723171789,-5.657781562323281,5.657781562323281,94.34221843767672,6,2,moderate
trusted_source_median,2024_t1like,right_cerebellum_white_matter,tigerbx_2024_t1ffe_601,TIGERBx,kate_2024_t1_ffe_601,true,10.735593238486059,11.379415723171789,-5.657781562323281,5.657781562323281,94.34221843767672,4,2,moderate
trusted_method_balanced_median,2024_t1like,right_cerebellum_white_matter,tigerbx_2024_t1ffe_601,TIGERBx,kate_2024_t1_ffe_601,true,10.735593238486059,11.58568742120741,-7.33745138993883,7.33745138993883,92.66254861006117,4,2,moderate
trusted_leave_one_source_out,2024_t1like,right_cerebellum_white_matter,tigerbx_2024_t1ffe_601,TIGERBx,kate_2024_t1_ffe_601,true,10.735593238486059,11.987147,-10.440797643625636,10.440797643625636,89.55920235637436,3,2,limited
trusted_leave_one_method_out,2024_t1like,right_cerebellum_white_matter,tigerbx_2024_t1ffe_601,TIGERBx,kate_2024_t1_ffe_601,true,10.735593238486059,12.417736000000001,-13.546291864426351,13.546291864426351,86.45370813557365,2,1,weak
all_source_median,2024_t1like,right_cerebellum_cortex,tigerbx_2024_t1ffe_601,TIGERBx,kate_2024_t1_ffe_601,true,51.29840380580823,48.70032950829567,5.3348187245221865,5.3348187245221865,94.6651812754778,6,2,moderate
trusted_source_median,2024_t1like,right_cerebellum_cortex,tigerbx_2024_t1ffe_601,TIGERBx,kate_2024_t1_ffe_601,true,51.29840380580823,49.394191661751705,3.8551337313027547,3.8551337313027547,96.14486626869724,4,2,moderate
trusted_method_balanced_median,2024_t1like,right_cerebellum_cortex,tigerbx_2024_t1ffe_601,TIGERBx,kate_2024_t1_ffe_601,true,51.29840380580823,49.532186032327914,3.5657981505753966,3.5657981505753966,96.4342018494246,4,2,moderate
trusted_leave_one_source_out,2024_t1like,right_cerebellum_cortex,tigerbx_2024_t1ffe_601,TIGERBx,kate_2024_t1_ffe_601,true,51.29840380580823,48.201645,6.424591537919978,6.424591537919978,93.57540846208002,3,2,limited
trusted_leave_one_method_out,2024_t1like,right_cerebellum_cortex,tigerbx_2024_t1ffe_601,TIGERBx,kate_2024_t1_ffe_601,true,51.29840380580823,48.121801000000005,6.6011719008775716,6.6011719008775716,93.39882809912243,2,1,weak
all_source_median,2024_t1like,right_thalamus,tigerbx_2024_t1ffe_601,TIGERBx,kate_2024_t1_ffe_601,true,6.284249700577206,6.652521562648483,-5.535823651275191,5.535823651275191,94.4641763487248,6,2,moderate
trusted_source_median,2024_t1like,right_thalamus,tigerbx_2024_t1ffe_601,TIGERBx,kate_2024_t1_ffe_601,true,6.284249700577206,6.652521562648483,-5.535823651275191,5.535823651275191,94.4641763487248,4,2,moderate
trusted_method_balanced_median,2024_t1like,right_thalamus,tigerbx_2024_t1ffe_601,TIGERBx,kate_2024_t1_ffe_601,true,6.284249700577206,6.686422206468542,-6.014763852367393,6.014763852367393,93.9852361476326,4,2,moderate
trusted_leave_one_source_out,2024_t1like,right_thalamus,tigerbx_2024_t1ffe_601,TIGERBx,kate_2024_t1_ffe_601,true,6.284249700577206,6.723409999999999,-6.531808999046518,6.531808999046518,93.46819100095348,3,2,limited
trusted_leave_one_method_out,2024_t1like,right_thalamus,tigerbx_2024_t1ffe_601,TIGERBx,kate_2024_t1_ffe_601,true,6.284249700577206,6.939902999999999,-9.447585930564063,9.447585930564063,90.55241406943594,2,1,weak
all_source_median,2024_t1like,right_caudate,tigerbx_2024_t1ffe_601,TIGERBx,kate_2024_t1_ffe_601,true,2.4989998809312866,3.4782652612645997,-28.15384413715703,28.15384413715703,71.84615586284298,6,2,moderate
trusted_source_median,2024_t1like,right_caudate,tigerbx_2024_t1ffe_601,TIGERBx,kate_2024_t1_ffe_601,true,2.4989998809312866,3.4621257904987393,-27.81891727361844,27.81891727361844,72.18108272638156,4,2,moderate
trusted_method_balanced_median,2024_t1like,right_caudate,tigerbx_2024_t1ffe_601,TIGERBx,kate_2024_t1_ffe_601,true,2.4989998809312866,3.307702365482191,-24.449070538818365,24.449070538818365,75.55092946118164,4,2,moderate
trusted_leave_one_source_out,2024_t1like,right_caudate,tigerbx_2024_t1ffe_601,TIGERBx,kate_2024_t1_ffe_601,true,2.4989998809312866,3.662134,-31.761102107916134,31.761102107916134,68.23889789208387,3,2,limited
trusted_leave_one_method_out,2024_t1like,right_caudate,tigerbx_2024_t1ffe_601,TIGERBx,kate_2024_t1_ffe_601,true,2.4989998809312866,3.734846,-33.08961384401696,33.08961384401696,66.91038615598305,2,1,weak
all_source_median,2024_t1like,right_putamen,tigerbx_2024_t1ffe_601,TIGERBx,kate_2024_t1_ffe_601,true,4.561593532655823,4.6157947663279115,-1.1742557114429166,1.1742557114429166,98.82574428855709,6,2,moderate
trusted_source_median,2024_t1like,right_putamen,tigerbx_2024_t1ffe_601,TIGERBx,kate_2024_t1_ffe_601,true,4.561593532655823,4.6157947663279115,-1.1742557114429166,1.1742557114429166,98.82574428855709,4,2,moderate
trusted_method_balanced_median,2024_t1like,right_putamen,tigerbx_2024_t1ffe_601,TIGERBx,kate_2024_t1_ffe_601,true,4.561593532655823,4.6638293540978655,-2.1921003896125266,2.1921003896125266,97.80789961038748,4,2,moderate
trusted_leave_one_source_out,2024_t1like,right_putamen,tigerbx_2024_t1ffe_601,TIGERBx,kate_2024_t1_ffe_601,true,4.561593532655823,4.669996,-2.321253965617475,2.321253965617475,97.67874603438253,3,2,limited
trusted_leave_one_method_out,2024_t1like,right_putamen,tigerbx_2024_t1ffe_601,TIGERBx,kate_2024_t1_ffe_601,true,4.561593532655823,4.8705225,-6.342830103837464,6.342830103837464,93.65716989616254,2,1,weak
all_source_median,2024_t1like,right_pallidum,tigerbx_2024_t1ffe_601,TIGERBx,kate_2024_t1_ffe_601,true,1.414874932586096,1.4158300952924814,-0.0674630882307934,0.0674630882307934,99.9325369117692,6,2,moderate
trusted_source_median,2024_t1like,right_pallidum,tigerbx_2024_t1ffe_601,TIGERBx,kate_2024_t1_ffe_601,true,1.414874932586096,1.4033877713299001,0.8185308074410776,0.8185308074410776,99.18146919255892,4,2,moderate
trusted_method_balanced_median,2024_t1like,right_pallidum,tigerbx_2024_t1ffe_601,TIGERBx,kate_2024_t1_ffe_601,true,1.414874932586096,1.39000788566495,1.7889860322087443,1.7889860322087443,98.21101396779126,4,2,moderate
trusted_leave_one_source_out,2024_t1like,right_pallidum,tigerbx_2024_t1ffe_601,TIGERBx,kate_2024_t1_ffe_601,true,1.414874932586096,1.3919006100737041,1.6505720556567194,1.6505720556567194,98.34942794434328,3,2,limited
trusted_leave_one_method_out,2024_t1like,right_pallidum,tigerbx_2024_t1ffe_601,TIGERBx,kate_2024_t1_ffe_601,true,1.414874932586096,1.376628,2.7783055833599293,2.7783055833599293,97.22169441664008,2,1,weak
all_source_median,2024_t1like,right_hippocampus,tigerbx_2024_t1ffe_601,TIGERBx,kate_2024_t1_ffe_601,true,3.697968573804569,3.6667269409186494,0.8520305272061675,0.8520305272061675,99.14796947279383,6,2,moderate
trusted_source_median,2024_t1like,right_hippocampus,tigerbx_2024_t1ffe_601,TIGERBx,kate_2024_t1_ffe_601,true,3.697968573804569,3.7120177869022846,-0.3784791427262976,0.3784791427262976,99.62152085727371,4,2,moderate
trusted_method_balanced_median,2024_t1like,right_hippocampus,tigerbx_2024_t1ffe_601,TIGERBx,kate_2024_t1_ffe_601,true,3.697968573804569,3.7111692195086623,-0.35570045242617293,0.35570045242617293,99.64429954757382,4,2,moderate
trusted_leave_one_source_out,2024_t1like,right_hippocampus,tigerbx_2024_t1ffe_601,TIGERBx,kate_2024_t1_ffe_601,true,3.697968573804569,3.726067,-0.7541041584982477,0.7541041584982477,99.24589584150175,3,2,limited
trusted_leave_one_method_out,2024_t1like,right_hippocampus,tigerbx_2024_t1ffe_601,TIGERBx,kate_2024_t1_ffe_601,true,3.697968573804569,3.595516,2.84945398114121,2.84945398114121,97.15054601885879,2,1,weak
all_source_median,2024_t1like,right_amygdala,tigerbx_2024_t1ffe_601,TIGERBx,kate_2024_t1_ffe_601,true,1.3643436849937354,1.4494881199674077,-5.874103678448003,5.874103678448003,94.12589632155199,6,2,moderate
trusted_source_median,2024_t1like,right_amygdala,tigerbx_2024_t1ffe_601,TIGERBx,kate_2024_t1_ffe_601,true,1.3643436849937354,1.5086138868411025,-9.56309650240961,9.56309650240961,90.4369034975904,4,2,moderate
trusted_method_balanced_median,2024_t1like,right_amygdala,tigerbx_2024_t1ffe_601,TIGERBx,kate_2024_t1_ffe_601,true,1.3643436849937354,1.515495614668985,-9.973762260490894,9.973762260490894,90.0262377395091,4,2,moderate
trusted_leave_one_source_out,2024_t1like,right_amygdala,tigerbx_2024_t1ffe_601,TIGERBx,kate_2024_t1_ffe_601,true,1.3643436849937354,1.6205440000000002,-15.80952538198684,15.80952538198684,84.19047461801316,3,2,limited
trusted_leave_one_method_out,2024_t1like,right_amygdala,tigerbx_2024_t1ffe_601,TIGERBx,kate_2024_t1_ffe_601,true,1.3643436849937354,1.6504775,-17.33642627701769,17.33642627701769,82.6635737229823,2,1,weak
all_source_median,2024_t1like,right_accumbens_area,tigerbx_2024_t1ffe_601,TIGERBx,kate_2024_t1_ffe_601,true,0.4547812283312451,0.6493495619227931,-29.963573551264204,29.963573551264204,70.0364264487358,6,2,moderate
trusted_source_median,2024_t1like,right_accumbens_area,tigerbx_2024_t1ffe_601,TIGERBx,kate_2024_t1_ffe_601,true,0.4547812283312451,0.6493495619227931,-29.963573551264204,29.963573551264204,70.0364264487358,4,2,moderate
trusted_method_balanced_median,2024_t1like,right_accumbens_area,tigerbx_2024_t1ffe_601,TIGERBx,kate_2024_t1_ffe_601,true,0.4547812283312451,0.6423453380442079,-29.199886510276833,29.199886510276833,70.80011348972317,4,2,moderate
trusted_leave_one_source_out,2024_t1like,right_accumbens_area,tigerbx_2024_t1ffe_601,TIGERBx,kate_2024_t1_ffe_601,true,0.4547812283312451,0.7103700000000001,-35.97966857676351,35.97966857676351,64.02033142323648,3,2,limited
trusted_leave_one_method_out,2024_t1like,right_accumbens_area,tigerbx_2024_t1ffe_601,TIGERBx,kate_2024_t1_ffe_601,true,0.4547812283312451,0.7631355,-40.40622820832668,40.40622820832668,59.59377179167332,2,1,weak
all_source_median,2024_t1like,right_ventral_dc,tigerbx_2024_t1ffe_601,TIGERBx,kate_2024_t1_ffe_601,true,3.578531079495353,3.6495538332860353,-1.94606675322649,1.94606675322649,98.05393324677351,3,1,weak
trusted_source_median,2024_t1like,right_ventral_dc,tigerbx_2024_t1ffe_601,TIGERBx,kate_2024_t1_ffe_601,true,3.578531079495353,3.614042456390694,-0.9825943475718342,0.9825943475718342,99.01740565242817,2,1,weak
